index,pts,timestamp_s,type,key_frame,packet_bytes,mv_count,mv_mean_magnitude_px,mv_median_magnitude_px,mv_max_magnitude_px,mv_mean_dx_px,mv_mean_dy_px,mv_mean_abs_dx_px,mv_mean_abs_dy_px,mv_zero_ratio,mv_forward,mv_backward,mv_side_data,mv_grid_r0c0,mv_grid_r1c0,mv_grid_r2c0,mv_grid_r3c0,mv_grid_r0c1,mv_grid_r1c1,mv_grid_r2c1,mv_grid_r3c1,mv_grid_r0c2,mv_grid_r1c2,mv_grid_r2c2,mv_grid_r3c2,mv_grid_r0c3,mv_grid_r1c3,mv_grid_r2c3,mv_grid_r3c3
0,0,0.000000,I,true,300273,0,0.0000,0.0000,0.0000,0.0000,0.0000,0.0000,0.0000,0.0000,0,0,false,0.0000,0.0000,0.0000,0.0000,0.0000,0.0000,0.0000,0.0000,0.0000,0.0000,0.0000,0.0000,0.0000,0.0000,0.0000,0.0000
1,1000,0.076377,B,false,119,7106,0.0001,0.0000,0.2500,0.0000,0.0000,0.0000,0.0001,0.9997,3599,3507,true,0.0000,0.0000,0.0000,0.0000,0.0000,0.0000,0.0000,0.0000,0.0000,0.0000,0.0000,0.0013,0.0000,0.0000,0.0000,0.0000
2,2000,0.152753,B,false,163,6945,0.0005,0.0000,1.2500,0.0001,0.0000,0.0003,0.0002,0.9987,3600,3345,true,0.0000,0.0000,0.0032,0.0000,0.0000,0.0000,0.0000,0.0000,0.0000,0.0000,0.0000,0.0038,0.0006,0.0000,0.0000,0.0000
3,3000,0.229130,B,false,61,7171,0.0001,0.0000,0.2500,0.0000,0.0000,0.0000,0.0001,0.9997,3586,3585,true,0.0000,0.0000,0.0000,0.0000,0.0000,0.0000,0.0000,0.0000,0.0000,0.0000,0.0000,0.0012,0.0000,0.0000,0.0000,0.0000
4,4000,0.305507,P,false,1358,3714,0.0143,0.0000,2.0000,0.0015,0.0022,0.0077,0.0077,0.9666,0,3714,true,0.0136,0.0200,0.0082,0.0148,0.0077,0.0033,0.0031,0.0070,0.0000,0.0150,0.0365,0.0473,0.0061,0.0068,0.0130,0.0237
5,5000,0.381883,B,false,62,7167,0.0000,0.0000,0.0000,0.0000,0.0000,0.0000,0.0000,1.0000,3599,3568,true,0.0000,0.0000,0.0000,0.0000,0.0000,0.0000,0.0000,0.0000,0.0000,0.0000,0.0000,0.0000,0.0000,0.0000,0.0000,0.0000
6,6000,0.458260,B,false,114,7057,0.0004,0.0000,0.2500,-0.0001,0.0000,0.0001,0.0003,0.9983,3599,3458,true,0.0000,0.0000,0.0005,0.0000,0.0000,0.0000,0.0000,0.0000,0.0000,0.0000,0.0006,0.0050,0.0006,0.0000,0.0000,0.0005
7,7000,0.534637,B,false,50,7184,0.0000,0.0000,0.0000,0.0000,0.0000,0.0000,0.0000,1.0000,3594,3590,true,0.0000,0.0000,0.0000,0.0000,0.0000,0.0000,0.0000,0.0000,0.0000,0.0000,0.0000,0.0000,0.0000,0.0000,0.0000,0.0000
8,8000,0.611014,P,false,693,3672,0.0044,0.0000,2.0000,0.0009,0.0005,0.0024,0.0021,0.9902,0,3672,true,0.0000,0.0000,0.0072,0.0000,0.0059,0.0056,0.0010,0.0022,0.0000,0.0047,0.0107,0.0245,0.0000,0.0000,0.0048,0.0025
9,9000,0.687390,B,false,46,7189,0.0000,0.0000,0.2500,-0.0000,0.0000,0.0000,0.0000,0.9999,3598,3591,true,0.0000,0.0000,0.0000,0.0000,0.0000,0.0000,0.0000,0.0000,0.0000,0.0000,0.0000,0.0006,0.0000,0.0000,0.0000,0.0000
10,10000,0.763767,B,false,71,7163,0.0002,0.0000,0.2500,0.0000,0.0000,0.0001,0.0001,0.9993,3592,3571,true,0.0000,0.0000,0.0005,0.0000,0.0000,0.0000,0.0000,0.0000,0.0000,0.0000,0.0006,0.0012,0.0000,0.0000,0.0000,0.0005
11,11000,0.840144,B,false,44,7193,0.0000,0.0000,0.2500,-0.0000,0.0000,0.0000,0.0000,0.9999,3599,3594,true,0.0000,0.0000,0.0000,0.0000,0.0000,0.0000,0.0000,0.0000,0.0000,0.0000,0.0000,0.0006,0.0000,0.0000,0.0000,0.0000
12,12000,0.916520,P,false,368,3605,0.0012,0.0000,1.2500,-0.0002,-0.0001,0.0010,0.0002,0.9981,0,3605,true,0.0000,0.0000,0.0010,0.0000,0.0000,0.0011,0.0095,0.0000,0.0000,0.0000,0.0000,0.0059,0.0000,0.0000,0.0010,0.0000
13,13000,0.992897,B,false,42,7195,0.0000,0.0000,0.2500,-0.0000,0.0000,0.0000,0.0000,0.9999,3599,3596,true,0.0000,0.0000,0.0000,0.0000,0.0000,0.0000,0.0000,0.0000,0.0000,0.0000,0.0000,0.0006,0.0000,0.0000,0.0000,0.0000
14,14000,1.069274,B,false,67,7170,0.0004,0.0000,0.3536,-0.0000,0.0001,0.0002,0.0002,0.9986,3595,3575,true,0.0000,0.0000,0.0000,0.0000,0.0000,0.0000,0.0000,0.0000,0.0000,0.0000,0.0011,0.0037,0.0008,0.0000,0.0000,0.0005
15,15000,1.145650,B,false,42,7193,0.0001,0.0000,0.2500,-0.0000,0.0000,0.0000,0.0000,0.9997,3595,3598,true,0.0000,0.0000,0.0000,0.0000,0.0000,0.0000,0.0000,0.0000,0.0000,0.0000,0.0000,0.0006,0.0000,0.0000,0.0005,0.0000
16,16000,1.222027,P,false,389,3631,0.0016,0.0000,1.1180,-0.0003,0.0003,0.0010,0.0009,0.9956,0,3631,true,0.0000,0.0023,0.0000,0.0027,0.0027,0.0073,0.0010,0.0000,0.0000,0.0000,0.0056,0.0012,0.0000,0.0022,0.0010,0.0000
17,17000,1.298404,B,false,38,7196,0.0000,0.0000,0.2500,-0.0000,0.0000,0.0000,0.0000,0.9999,3597,3599,true,0.0000,0.0000,0.0000,0.0000,0.0000,0.0000,0.0000,0.0000,0.0000,0.0000,0.0000,0.0006,0.0000,0.0000,0.0000,0.0000
18,18000,1.374780,B,false,59,7178,0.0003,0.0000,0.2500,-0.0001,0.0001,0.0001,0.0002,0.9987,3598,3580,true,0.0000,0.0000,0.0000,0.0000,0.0000,0.0000,0.0000,0.0000,0.0000,0.0000,0.0006,0.0037,0.0005,0.0000,0.0000,0.0005
19,19000,1.451157,B,false,39,7197,0.0000,0.0000,0.2500,-0.0000,0.0000,0.0000,0.0000,0.9999,3599,3598,true,0.0000,0.0000,0.0000,0.0000,0.0000,0.0000,0.0000,0.0000,0.0000,0.0000,0.0000,0.0006,0.0000,0.0000,0.0000,0.0000
20,20000,1.527534,P,false,240,3611,0.0004,0.0000,0.3536,0.0001,0.0001,0.0002,0.0003,0.9983,0,3611,true,0.0000,0.0011,0.0010,0.0000,0.0000,0.0000,0.0000,0.0000,0.0000,0.0012,0.0000,0.0012,0.0000,0.0000,0.0000,0.0026
21,21000,1.603910,B,false,42,7193,0.0000,0.0000,0.2500,-0.0000,0.0000,0.0000,0.0000,0.9999,3598,3595,true,0.0000,0.0000,0.0000,0.0000,0.0000,0.0000,0.0000,0.0000,0.0000,0.0000,0.0000,0.0006,0.0000,0.0000,0.0000,0.0000
22,22000,1.680287,B,false,52,7186,0.0003,0.0000,0.3536,-0.0000,0.0001,0.0002,0.0001,0.9989,3596,3590,true,0.0000,0.0000,0.0000,0.0000,0.0000,0.0000,0.0000,0.0000,0.0000,0.0000,0.0005,0.0030,0.0008,0.0000,0.0000,0.0005
23,23000,1.756664,B,false,42,7196,0.0002,0.0000,1.0000,0.0000,-0.0001,0.0001,0.0001,0.9996,3600,3596,true,0.0000,0.0000,0.0000,0.0000,0.0000,0.0000,0.0000,0.0000,0.0000,0.0000,0.0000,0.0006,0.0000,0.0000,0.0030,0.0000
24,24000,1.833041,P,false,205,3613,0.0007,0.0000,1.5000,0.0003,-0.0001,0.0006,0.0001,0.9989,0,3613,true,0.0000,0.0000,0.0000,0.0000,0.0000,0.0000,0.0010,0.0000,0.0000,0.0000,0.0000,0.0000,0.0000,0.0000,0.0010,0.0079
25,25000,1.909417,B,false,38,7196,0.0000,0.0000,0.2500,-0.0000,0.0000,0.0000,0.0000,0.9999,3598,3598,true,0.0000,0.0000,0.0000,0.0000,0.0000,0.0000,0.0000,0.0000,0.0000,0.0000,0.0000,0.0006,0.0000,0.0000,0.0000,0.0000
26,26000,1.985794,B,false,49,7187,0.0003,0.0000,0.2500,-0.0001,0.0001,0.0001,0.0001,0.9989,3597,3590,true,0.0000,0.0000,0.0000,0.0000,0.0000,0.0000,0.0000,0.0000,0.0000,0.0000,0.0005,0.0031,0.0005,0.0000,0.0000,0.0005
27,27000,2.062171,B,false,38,7196,0.0000,0.0000,0.2500,-0.0000,0.0000,0.0000,0.0000,0.9999,3598,3598,true,0.0000,0.0000,0.0000,0.0000,0.0000,0.0000,0.0000,0.0000,0.0000,0.0000,0.0000,0.0006,0.0000,0.0000,0.0000,0.0000
28,28000,2.138547,P,false,164,3606,0.0003,0.0000,0.5000,0.0001,-0.0001,0.0001,0.0002,0.9992,0,3606,true,0.0000,0.0000,0.0000,0.0000,0.0000,0.0000,0.0000,0.0000,0.0000,0.0000,0.0000,0.0012,0.0000,0.0000,0.0040,0.0000
29,29000,2.214924,B,false,39,7197,0.0000,0.0000,0.2500,-0.0000,0.0000,0.0000,0.0000,0.9999,3599,3598,true,0.0000,0.0000,0.0000,0.0000,0.0000,0.0000,0.0000,0.0000,0.0000,0.0000,0.0000,0.0006,0.0000,0.0000,0.0000,0.0000
30,30000,2.291301,B,false,56,7186,0.0003,0.0000,0.3536,-0.0000,0.0001,0.0002,0.0001,0.9989,3596,3590,true,0.0000,0.0000,0.0000,0.0000,0.0000,0.0000,0.0000,0.0000,0.0000,0.0000,0.0005,0.0030,0.0008,0.0000,0.0000,0.0005
31,31000,2.367677,B,false,39,7197,0.0001,0.0000,0.2500,-0.0000,-0.0000,0.0000,0.0000,0.9997,3599,3598,true,0.0000,0.0000,0.0000,0.0000,0.0000,0.0000,0.0000,0.0000,0.0000,0.0000,0.0000,0.0012,0.0000,0.0000,0.0000,0.0000
32,32000,2.444054,P,false,154,3602,0.0001,0.0000,0.2500,0.0000,-0.0001,0.0000,0.0001,0.9997,0,3602,true,0.0000,0.0000,0.0000,0.0000,0.0000,0.0011,0.0000,0.0000,0.0000,0.0000,0.0000,0.0000,0.0000,0.0000,0.0000,0.0000
33,33000,2.520431,B,false,39,7197,0.0000,0.0000,0.2500,-0.0000,0.0000,0.0000,0.0000,0.9999,3599,3598,true,0.0000,0.0000,0.0000,0.0000,0.0000,0.0000,0.0000,0.0000,0.0000,0.0000,0.0000,0.0006,0.0000,0.0000,0.0000,0.0000
34,34000,2.596807,B,false,59,7180,0.0004,0.0000,0.2500,-0.0001,0.0000,0.0002,0.0002,0.9985,3595,3585,true,0.0000,0.0000,0.0000,0.0000,0.0000,0.0000,0.0000,0.0000,0.0000,0.0000,0.0005,0.0043,0.0011,0.0000,0.0000,0.0005
35,35000,2.673184,B,false,41,7195,0.0001,0.0000,0.2500,-0.0001,0.0000,0.0001,0.0000,0.9997,3598,3597,true,0.0000,0.0000,0.0000,0.0000,0.0000,0.0000,0.0000,0.0000,0.0000,0.0000,0.0000,0.0012,0.0000,0.0000,0.0000,0.0000
36,36000,2.749561,P,false,235,3619,0.0018,0.0000,2.0000,0.0004,0.0007,0.0010,0.0008,0.9975,0,3619,true,0.0000,0.0000,0.0000,0.0000,0.0000,0.0000,0.0000,0.0111,0.0000,0.0000,0.0000,0.0017,0.0147,0.0000,0.0000,0.0000
37,37000,2.825938,B,false,238,5032,0.0002,0.0000,0.2500,-0.0001,0.0000,0.0001,0.0002,0.9990,1442,3590,true,0.0000,0.0000,0.0000,0.0000,0.0000,0.0000,0.0000,0.0000,0.0000,0.0000,0.0000,0.0029,0.0008,0.0000,0.0000,0.0000
38,38000,2.902314,B,false,5647,7000,0.7817,0.0000,47.3088,0.1438,0.0010,0.5910,0.4357,0.8651,3086,3914,true,0.3501,0.1257,0.0033,0.0000,1.1933,0.0873,0.0000,0.0000,0.0000,0.2671,0.7366,1.0330,0.0000,0.1495,2.3447,6.2026
39,39000,2.978691,B,false,4867,7083,1.0480,0.0000,31.5159,0.1363,0.0823,0.7639,0.6212,0.8347,3402,3681,true,0.5241,0.3577,0.0040,0.0000,1.7751,0.2525,0.0026,0.0000,0.0000,0.4961,1.4722,1.2378,0.0000,0.1485,3.9973,5.7536
40,40000,3.055068,P,false,22067,4169,2.4780,0.0000,43.9104,1.0952,1.1354,1.8879,1.4138,0.7201,0,4169,true,1.2471,0.5615,0.0603,0.0684,4.2074,0.4175,0.0057,0.0113,0.0012,1.3971,3.4924,5.0064,0.0204,0.5263,9.4445,16.0600
41,41000,3.131444,B,false,6279,6736,1.1095,0.0000,37.0886,-0.0561,0.0412,0.7938,0.6293,0.8095,2986,3750,true,0.8750,0.6888,0.0916,0.0000,1.4709,0.4707,0.0000,0.0022,0.1029,0.6120,1.6642,1.8292,0.0000,0.1438,3.3558,4.9149
42,42000,3.207821,B,false,12267,6255,2.2434,0.0000,62.9682,-0.1968,0.3494,1.6309,1.1867,0.7431,3183,3072,true,1.5870,1.4354,0.2271,0.0008,2.6041,0.3570,0.0063,0.0040,0.6212,1.4991,3.4925,3.2038,0.0000,0.7947,6.6429,8.5392
43,43000,3.284198,B,false,5835,6069,0.9291,0.0000,49.2252,-0.0767,0.0586,0.7371,0.4064,0.7970,4009,2060,true,0.7151,0.7764,0.1181,0.0000,1.1968,0.1112,0.0006,0.0000,0.2804,0.2454,1.2956,2.5231,0.0000,0.0780,2.9922,3.5150
44,44000,3.360574,P,false,82439,4745,2.2470,0.0000,80.0191,0.8435,0.6414,1.7060,1.1901,0.6818,0,4745,true,1.1042,1.3434,0.6491,0.1010,4.1601,0.6565,0.2027,0.1757,1.3704,1.3850,6.8114,8.5083,0.0390,0.4326,8.6715,12.1837
45,45000,3.436951,B,false,4871,6871,0.3993,0.0000,30.7663,0.1165,0.0051,0.3190,0.1611,0.8593,3161,3710,true,0.2877,0.5270,0.0421,0.0000,0.5147,0.0175,0.0000,0.0000,0.1955,0.0734,0.5432,1.2273,0.0000,0.0226,1.2169,2.2852
46,46000,3.513328,B,false,10730,7440,2.2895,0.0000,68.6003,-0.1778,-0.0715,1.9214,0.8545,0.7855,3897,3543,true,1.0248,1.9763,0.3287,0.0012,1.6600,0.1138,0.0000,0.0000,0.6682,0.6347,5.8429,8.9003,0.0000,0.2003,5.6016,9.7363
47,47000,3.589704,B,false,4837,6980,0.5174,0.0000,43.1856,0.0540,0.0007,0.4492,0.1649,0.8572,3155,3825,true,0.2296,0.2693,0.0701,0.0000,0.3155,0.0214,0.0000,0.0000,0.1356,0.0537,1.9776,1.6981,0.0000,0.0128,1.1388,2.8913
48,48000,3.666081,P,false,35226,4184,3.5201,0.0000,97.1043,1.8951,0.3909,2.8821,1.3429,0.7053,0,4184,true,2.4215,2.3299,0.9527,0.0140,3.7163,0.3184,0.0117,0.0276,2.2788,1.7392,14.8995,15.0532,0.0061,0.5399,7.1056,15.1476
49,49000,3.742458,B,false,7161,6619,1.1645,0.0000,45.6762,-0.0908,0.0324,0.9969,0.4189,0.8210,3635,2984,true,0.3592,0.4120,0.1831,0.0000,0.4197,0.0565,0.0000,0.0000,0.7132,0.3371,3.8476,3.7288,0.0000,0.1317,2.2673,4.8507
50,50000,3.818834,B,false,10970,7437,2.0855,0.0000,93.8416,-0.0905,-0.0069,1.8431,0.6224,0.7971,3837,3600,true,0.8316,0.5808,0.1946,0.0000,0.8381,0.2429,0.0000,0.0192,0.9125,0.9371,6.6871,6.9164,0.0000,0.2886,5.1942,9.7144
51,51000,3.895211,B,false,4904,6215,0.5278,0.0000,64.7500,0.0986,0.0033,0.4230,0.2062,0.8526,2465,3750,true,0.2040,0.1975,0.0461,0.0000,0.3819,0.0417,0.0000,0.0000,0.1858,0.2302,1.5528,2.0677,0.0000,0.0262,1.0194,2.9574
52,52000,3.971588,P,false,55378,4753,4.1524,0.0000,144.4578,2.5723,0.5525,3.7211,1.1340,0.6979,0,4753,true,1.8448,1.7064,0.6865,0.0312,1.1984,0.2683,0.0667,0.0525,2.2045,3.1975,14.6344,22.5275,0.0108,0.3522,9.2226,27.9590
53,53000,4.047965,B,false,8666,5124,2.8510,0.0000,77.3535,-1.5280,-0.4637,2.5314,0.8985,0.7424,3965,1159,true,0.7106,0.5272,0.0175,0.0000,0.4310,0.1320,0.0000,0.0000,0.3198,1.7446,7.3848,7.6251,0.0021,0.2770,7.2524,10.0586
54,54000,4.124341,B,false,4058,7248,1.1617,0.0000,34.7922,0.1044,-0.0265,1.0482,0.3371,0.8440,3730,3518,true,0.2822,0.3724,0.0000,0.0000,0.1790,0.0404,0.0000,0.0000,0.1205,1.1634,3.4189,5.2208,0.0000,0.0065,3.2662,5.4861
55,55000,4.200718,P,false,64798,5207,3.3222,0.0000,178.0702,2.4422,0.6483,3.0021,0.9671,0.6824,0,5207,true,0.9278,0.8750,0.2340,0.0561,0.7028,0.4377,0.1155,0.0846,0.8837,4.5641,14.9650,17.6687,0.0764,0.1187,13.8684,18.8737
56,56000,4.277095,B,false,3501,6739,0.6111,0.0000,38.1608,0.1997,0.0318,0.5400,0.2225,0.8629,2990,3749,true,0.1437,0.1242,0.0199,0.0000,0.0602,0.0256,0.0000,0.0014,0.0981,0.7258,2.0709,2.9819,0.0000,0.0000,2.4900,2.9222
57,57000,4.353471,B,false,9271,7369,3.2162,0.0000,89.7556,0.3884,0.3440,2.9630,0.9500,0.8083,3721,3648,true,0.8510,0.5034,0.0464,0.0000,0.3968,0.0550,0.0000,0.0069,0.4213,4.0443,10.3992,17.5844,0.0006,0.0000,9.1586,10.6747
58,58000,4.429848,B,false,5235,7385,1.5064,0.0000,73.9797,0.2286,0.0747,1.4259,0.3316,0.8245,3845,3540,true,0.5132,0.2672,0.0114,0.0000,0.2245,0.0500,0.0000,0.0000,0.1751,1.2373,6.0342,7.9125,0.0000,0.0000,4.1315,4.6285
59,59000,4.506225,P,false,27801,3841,5.5227,0.0000,124.9712,4.7411,1.3674,5.1346,1.6475,0.7045,0,3841,true,1.7966,1.2256,0.2930,0.0000,1.0590,0.2575,0.0052,0.1150,1.2365,3.6620,39.1860,24.9867,0.0011,0.0190,17.6558,9.6925
60,60000,4.582601,B,false,4811,7263,1.1626,0.0000,45.5700,0.1786,0.0524,1.0951,0.1859,0.8311,3603,3660,true,0.3043,0.2145,0.0234,0.0000,0.2324,0.0785,0.0000,0.0000,0.1267,0.6637,5.2373,5.7724,0.0000,0.0008,2.6608,3.6575
61,61000,4.658978,B,false,8267,7635,2.4981,0.0000,77.0491,0.6403,0.1224,2.3574,0.4395,0.7868,3799,3836,true,0.7329,0.4243,0.0341,0.0000,0.5162,0.0953,0.0000,0.0012,0.2461,1.0941,11.1578,14.2698,0.0000,0.0038,3.9329,7.2734
62,62000,4.735355,B,false,5276,7359,1.0765,0.0000,48.7506,0.0388,0.0305,0.9995,0.2602,0.8267,3695,3664,true,0.2187,0.1558,0.0154,0.0000,0.2771,0.0181,0.0011,0.0012,0.0345,0.4020,5.1672,6.7594,0.0000,0.0000,1.8664,2.5403
63,63000,4.811731,P,false,26102,4164,5.2272,0.0000,97.7395,4.6812,0.2587,4.9313,0.9068,0.6674,0,4164,true,1.5565,0.9318,0.1755,0.0064,1.6477,0.2733,0.0217,0.0333,0.8189,1.5562,31.3237,32.7901,0.0022,0.0189,9.7564,11.7386
64,64000,4.888108,P,false,44653,5087,1.4435,0.0000,61.1494,0.9836,-0.0779,1.2576,0.4767,0.6802,0,5087,true,0.4003,0.3908,0.0678,0.0244,0.3999,0.1148,0.0255,0.0707,0.0794,1.2160,6.8774,9.7215,0.0102,0.0270,1.7440,3.4769
65,65000,4.964485,B,false,6406,5409,1.9569,0.0000,63.2900,-0.3915,-0.0179,1.7690,0.5295,0.7678,3913,1496,true,0.3488,0.4769,0.0024,0.0000,0.1962,0.1199,0.0000,0.0032,0.0040,1.8042,6.8891,8.8873,0.0000,0.0051,1.6908,3.9066
66,66000,5.040862,B,false,9881,5477,3.4495,0.0000,73.2500,-0.2638,0.0961,3.1703,0.9041,0.7177,4002,1475,true,0.6887,0.8769,0.0431,0.0000,0.5531,0.2688,0.0000,0.0034,0.0024,3.7016,10.9355,15.4944,0.0011,0.0049,4.5441,7.2198
67,67000,5.117238,B,false,6049,7379,1.3322,0.0000,50.2525,0.0369,-0.0198,1.1983,0.3877,0.8175,3787,3592,true,0.2454,0.3117,0.0037,0.0000,0.1322,0.0754,0.0000,0.0000,0.0000,1.2583,5.7507,5.8841,0.0000,0.0027,2.4755,3.7709
68,68000,5.193615,P,false,80657,4827,2.8039,0.0000,94.7582,1.4515,-0.0102,2.5372,0.7294,0.6942,0,4827,true,1.3699,0.9676,0.1157,0.0282,0.8054,0.3801,0.0979,0.3458,0.0919,5.2267,17.5997,40.8459,0.0303,0.5357,1.9986,10.1188
69,69000,5.269992,B,false,4911,7533,1.2217,0.0000,36.2215,-0.1045,-0.0102,1.0901,0.3280,0.8187,3732,3801,true,0.7637,0.4080,0.0236,0.0000,0.2139,0.2023,0.0000,0.0006,0.0000,1.0110,3.6903,3.7918,0.0000,0.1526,3.6418,5.4582
70,70000,5.346368,B,false,8597,7660,2.0365,0.0000,65.2763,-0.1984,-0.2435,1.7748,0.6778,0.7957,3983,3677,true,1.2357,0.9355,0.1113,0.0000,0.4430,0.2083,0.0077,0.0006,0.0006,1.8568,3.9872,6.5800,0.0006,0.2182,6.9908,8.6170
71,71000,5.422745,B,false,3938,7434,0.8298,0.0000,17.7077,0.0480,0.0186,0.6944,0.3327,0.8235,3718,3716,true,0.5766,0.4293,0.0503,0.0000,0.2086,0.0761,0.0012,0.0000,0.0000,0.3670,1.3245,2.3324,0.0000,0.0913,2.9096,4.4204
72,72000,5.499122,P,false,24338,4227,5.2170,0.0000,127.0000,3.4333,0.6646,4.7480,1.3760,0.6546,0,4227,true,1.1068,1.9300,0.5289,0.0022,1.4109,0.8785,0.0325,0.0097,0.0222,4.9680,13.4944,15.0899,0.0067,0.9346,16.4125,20.9028
73,73000,5.575498,B,false,3989,7305,0.6756,0.0000,20.5091,-0.0144,0.0383,0.5399,0.2428,0.8400,3680,3625,true,0.9221,0.2882,0.0571,0.0000,0.1250,0.0519,0.0120,0.0000,0.0000,0.4298,1.2864,1.7929,0.0000,0.0391,2.1128,3.6161
74,74000,5.651875,B,false,7603,7692,1.3796,0.0000,44.0915,0.2149,0.1277,1.1323,0.4847,0.7941,3742,3950,true,1.4947,0.6602,0.1519,0.0000,0.2936,0.1959,0.0430,0.0000,0.0012,1.0667,2.7887,4.2117,0.0005,0.1188,4.1281,5.7340
75,75000,5.728252,B,false,4907,7341,0.5903,0.0000,35.6546,0.1311,0.0045,0.4919,0.2120,0.8282,3565,3776,true,0.5143,0.3114,0.0833,0.0000,0.0710,0.1180,0.0015,0.0000,0.0032,0.5087,1.5510,2.4285,0.0000,0.0879,1.4782,2.5236
76,76000,5.804628,P,false,19159,4226,3.6861,0.0000,113.4135,2.7282,0.5477,3.1669,1.0829,0.6498,0,4226,true,1.8078,1.9455,0.7940,0.0011,0.7047,0.6326,0.1025,0.0268,0.0367,4.1443,7.7250,11.1990,0.0000,0.4237,10.4073,14.7338
77,77000,5.881005,B,false,8764,7374,1.0713,0.0000,43.0726,0.2131,-0.0489,0.8077,0.5677,0.7929,3300,4074,true,0.9713,0.5444,0.1026,0.0000,0.1823,0.2511,0.0182,0.0062,0.0000,1.2755,3.4726,4.1667,0.0000,0.1325,1.9992,3.6908
78,78000,5.957382,B,false,18884,6085,3.2077,0.0000,54.7043,0.6496,-0.0845,2.3563,1.7823,0.6459,1752,4333,true,1.3445,1.4616,0.4814,0.0000,0.6743,0.7868,0.0297,0.0166,0.0397,4.8886,6.9693,9.4588,0.0010,0.6780,5.4563,6.7324
79,79000,6.033758,B,false,6804,4722,1.1064,0.0000,25.6223,0.3681,0.0294,0.7582,0.6482,0.7230,685,4037,true,0.3761,0.7363,0.0073,0.0000,0.2601,0.1863,0.0053,0.0000,0.0034,1.6256,2.6042,3.5551,0.0000,0.3502,1.5250,3.4022
80,80000,6.110135,P,false,179508,5391,2.0623,0.2500,85.4963,1.2625,-0.3422,1.5472,1.1125,0.4370,0,5391,true,1.3089,1.3948,0.8035,0.2495,0.7945,0.8316,0.2410,0.4240,0.1677,1.7405,14.1965,13.9014,0.1608,0.4217,9.3577,6.4387
81,81000,6.186512,B,false,3163,7299,0.4789,0.0000,26.9270,0.0773,-0.0094,0.3007,0.3249,0.8527,3842,3457,true,0.1095,0.1705,0.0011,0.0000,0.0773,0.0536,0.0000,0.0000,0.0030,0.7737,1.8610,3.1061,0.0000,0.0741,0.6693,1.3091
82,82000,6.262889,B,false,7489,7657,1.3662,0.0000,37.9473,0.3534,-0.0246,0.8432,0.9308,0.8084,3644,4013,true,0.4815,0.4538,0.0145,0.0000,0.2333,0.1995,0.0005,0.0000,0.0031,2.4473,4.5570,6.7776,0.0000,0.1432,1.9998,3.0958
83,83000,6.339265,B,false,4362,7415,0.6131,0.0000,36.2250,0.0537,-0.0472,0.3402,0.4580,0.8197,3867,3548,true,0.3004,0.2459,0.0082,0.0006,0.2061,0.1237,0.0000,0.0000,0.0056,0.8493,2.3755,3.4343,0.0000,0.0306,1.0716,1.2565
84,84000,6.415642,P,false,23202,4346,3.2834,0.0000,66.5442,1.6234,-0.4032,2.0452,2.3037,0.6583,0,4346,true,1.4539,1.1637,0.1486,0.0378,1.0341,0.5282,0.0204,0.0481,0.0583,5.8278,11.7445,17.9140,0.1665,0.0432,6.7204,7.7766
85,85000,6.492019,B,false,3352,7475,0.3575,0.0000,16.2500,0.0259,-0.0352,0.1898,0.2547,0.8385,3780,3695,true,0.2626,0.1755,0.0011,0.0000,0.1830,0.0894,0.0000,0.0000,0.0000,0.2531,2.0946,1.7968,0.0000,0.0098,0.2964,0.4485
86,86000,6.568395,B,false,9197,6741,1.2520,0.0000,54.0393,0.2434,-0.1147,0.7096,0.8874,0.7589,2667,4074,true,0.9419,0.6732,0.0170,0.0000,0.6742,0.1905,0.0000,0.0000,0.0306,1.4574,5.9096,4.7469,0.0015,0.1116,0.8418,1.5017
87,87000,6.644772,B,false,5659,6396,0.6749,0.0000,20.1773,0.0857,-0.0074,0.3978,0.4565,0.7811,2409,3987,true,0.8558,0.4419,0.0366,0.0000,0.3746,0.1066,0.0000,0.0014,0.0060,0.8046,3.1031,2.4564,0.0007,0.0573,0.4628,0.9907
88,88000,6.721149,P,false,42581,4850,2.4609,0.0000,48.2040,0.5688,0.8805,1.5659,1.5745,0.6427,0,4850,true,1.4142,0.8688,0.1662,0.0473,0.8124,0.5531,0.0588,0.0787,0.1092,2.7576,13.9019,12.6119,0.0457,0.1627,3.9664,3.9481
89,89000,6.797525,B,false,6020,5473,1.0352,0.0000,34.4029,0.0371,-0.0055,0.5936,0.6691,0.7268,4021,1452,true,0.9849,0.3927,0.0442,0.0000,0.2200,0.0705,0.0000,0.0008,0.0012,1.8039,2.9166,2.8493,0.0000,0.2299,1.6718,2.8014
90,90000,6.873902,B,false,12268,5953,2.4261,0.0000,29.3694,0.1186,0.0962,1.4376,1.5331,0.6687,4080,1873,true,2.5929,0.6592,0.1327,0.0055,0.6157,0.2698,0.0000,0.0189,0.1003,3.6970,6.3158,5.1776,0.0000,1.0088,3.4594,6.4693
91,91000,6.950279,B,false,5694,7600,0.8287,0.0000,24.5777,0.0626,0.0629,0.5210,0.4859,0.7980,3655,3945,true,1.2789,0.4459,0.0269,0.0000,0.2062,0.1156,0.0005,0.0000,0.0263,1.3332,3.0247,2.2998,0.0000,0.3505,0.8906,2.9435
92,92000,7.026655,P,false,76981,5250,2.5297,0.0000,58.3920,-0.2668,1.4800,1.4096,1.7146,0.6467,0,5250,true,2.6914,1.6370,0.2675,0.0706,1.1623,0.5538,0.0372,0.1490,0.1801,2.5861,14.7257,12.3466,0.0362,0.9523,3.2360,8.1712
93,93000,7.103032,B,false,6290,7849,0.8193,0.0000,26.2500,0.0111,0.0463,0.5019,0.4913,0.7992,4018,3831,true,1.1651,0.2985,0.0280,0.0000,0.5019,0.1812,0.0033,0.0000,0.0167,1.2314,2.2937,1.9058,0.0255,0.3877,0.9436,3.0850
94,94000,7.179409,B,false,10990,7926,1.5203,0.0000,53.8383,-0.0102,0.0392,0.9097,0.9514,0.7686,4154,3772,true,1.9123,0.5495,0.1102,0.0000,1.0801,0.3395,0.0011,0.0000,0.0041,1.9094,3.6111,3.9668,0.0012,0.7398,1.8599,5.8779
95,95000,7.255786,B,false,6638,7823,0.6491,0.0000,47.7500,-0.0330,0.0470,0.3881,0.3941,0.8150,3876,3947,true,0.9210,0.2817,0.0265,0.0000,0.5857,0.1562,0.0000,0.0000,0.0006,0.5960,1.5404,1.8511,0.0000,0.2690,0.9385,2.4519
96,96000,7.332162,P,false,29700,4253,2.9396,0.0000,62.5000,-1.2314,1.3075,2.0033,1.6159,0.6689,0,4253,true,2.1046,1.3614,0.3790,0.0104,2.4943,1.0080,0.0161,0.0262,0.0651,6.8477,9.4742,9.1955,0.0042,2.5191,0.7860,10.1936
97,97000,7.408539,B,false,5908,7333,0.6614,0.0000,31.3309,-0.0434,-0.0088,0.4243,0.3994,0.7975,3906,3427,true,0.7729,0.2770,0.0103,0.0000,0.8338,0.2479,0.0011,0.0000,0.0000,0.3701,2.2936,2.3548,0.0007,0.1405,0.5765,1.6366
98,98000,7.484916,B,false,12276,7535,1.7041,0.0000,68.0611,-0.0871,0.1919,1.2211,0.8994,0.7577,3360,4175,true,2.5508,0.5818,0.0584,0.0000,1.9246,0.3987,0.0045,0.0035,0.0044,1.1393,6.5367,4.5724,0.0048,0.3842,1.7878,3.6549
99,99000,7.561292,B,false,8896,6064,1.0385,0.0000,40.4552,0.1056,0.1579,0.8029,0.5049,0.7635,2040,4024,true,1.1383,0.3809,0.0482,0.0000,1.9932,1.0708,0.0044,0.0000,0.0000,0.4847,3.7519,2.6490,0.0064,0.2900,0.9249,1.5365
100,100000,7.637669,P,false,60237,4887,2.8750,0.0000,62.7624,0.0673,1.3769,1.9634,1.6554,0.6380,0,4887,true,1.8159,1.9360,0.2294,0.0543,1.5554,1.7050,0.0404,0.0898,0.0755,2.7743,16.4445,8.1418,0.0421,1.2980,5.0708,6.1160
101,101000,7.714046,B,false,8022,5264,1.0476,0.0000,29.1815,0.0072,-0.1079,0.7047,0.5702,0.7234,4125,1139,true,0.5807,0.5005,0.0316,0.0000,2.6124,1.2417,0.0042,0.0000,0.0586,1.4602,2.3942,1.9135,0.0757,0.9109,0.6058,1.4872
102,102000,7.790422,B,false,13402,5964,2.4966,0.0000,50.8245,0.3948,0.0035,1.5470,1.5719,0.6680,4248,1716,true,1.4008,0.9206,0.0955,0.0011,4.9327,1.7508,0.0258,0.0031,0.1820,3.5514,6.4623,5.1613,0.0825,2.2149,1.9323,3.8700
103,103000,7.866799,B,false,7427,7409,0.8952,0.0000,32.2044,0.0187,0.0072,0.5832,0.5150,0.7936,4018,3391,true,0.4462,0.4797,0.0128,0.0000,2.1834,0.9282,0.0011,0.0000,0.0793,1.2074,3.6756,2.0256,0.0074,0.2619,0.9425,1.2999
104,104000,7.943176,P,false,83626,4911,2.1418,0.0000,62.3588,0.1453,0.5301,1.0843,1.5278,0.6634,0,4911,true,1.8559,2.1884,0.2774,0.0743,0.4719,2.2831,0.0475,0.1576,0.3153,3.4475,11.5084,7.2416,0.0697,0.5048,3.7186,5.1525
105,105000,8.019552,B,false,5657,7529,0.7957,0.0000,35.6406,-0.0238,0.0439,0.5638,0.4207,0.8070,3805,3724,true,0.3838,0.3250,0.0068,0.0000,1.2629,0.6735,0.0000,0.0000,0.0479,0.9917,4.1995,2.7854,0.0000,0.1299,0.8493,0.8244
106,106000,8.095929,B,false,8180,7760,1.7467,0.0000,51.7929,-0.1051,0.1519,1.2091,0.9486,0.7677,4044,3716,true,0.9217,0.6732,0.0169,0.0000,1.7887,1.1814,0.0000,0.0109,0.1285,1.8040,9.7974,5.4860,0.0000,0.2546,1.9054,1.9432
107,107000,8.172306,B,false,5410,7469,0.8844,0.0000,35.1506,-0.0795,0.0259,0.6147,0.4697,0.8043,3791,3678,true,0.3473,0.3383,0.0041,0.0000,0.5467,0.4806,0.0005,0.0000,0.0484,0.9635,5.6177,3.0338,0.0000,0.0533,0.8139,1.1850
108,108000,8.248683,P,false,28676,4369,4.5453,0.0000,55.8933,-1.3302,-0.1009,2.9591,2.6365,0.6429,0,4369,true,1.8850,2.1710,0.2616,0.0053,4.7705,2.3456,0.0152,0.0483,0.5175,5.8988,25.1044,13.4491,0.0140,0.1552,5.0771,6.5490
109,109000,8.325059,B,false,3906,7309,0.8207,0.0000,46.5631,0.0392,-0.0110,0.5239,0.5123,0.8235,3691,3618,true,0.3591,0.2843,0.0129,0.0000,0.3351,0.3402,0.0005,0.0000,0.0271,0.7207,5.5864,3.0379,0.0000,0.0380,0.7875,1.1785
110,110000,8.401436,B,false,9866,7774,2.0424,0.0000,103.1846,-0.1158,-0.0818,1.3206,1.2779,0.7782,3673,4101,true,0.7925,0.8496,0.0321,0.0000,0.7136,0.7629,0.0000,0.0000,0.1163,2.3430,12.7498,6.6462,0.0000,0.0514,1.6516,2.6570
111,111000,8.477813,B,false,4326,7212,0.8914,0.0000,63.7500,0.0194,-0.0454,0.5784,0.5374,0.8091,3362,3850,true,0.4476,0.3527,0.0088,0.0000,0.3080,0.5019,0.0000,0.0000,0.0503,1.1489,5.6370,3.9847,0.0000,0.0181,0.7741,1.1110
112,112000,8.554189,P,false,22937,4388,3.7731,0.0000,114.1515,-0.2049,-0.8961,2.1821,2.4281,0.6335,0,4388,true,2.4070,2.7236,0.2041,0.0232,1.8706,2.5842,0.0045,0.0593,0.4199,6.7817,20.6281,16.9437,0.0000,0.1774,4.7246,4.9953
113,113000,8.630566,B,false,5961,5520,1.3866,0.0000,38.5106,-0.0490,-0.0044,1.0949,0.6903,0.7415,4026,1494,true,0.7042,0.3778,0.0039,0.0000,0.3999,0.4260,0.0000,0.0029,0.0634,2.1724,7.2052,4.8364,0.0000,0.0038,1.4843,1.7405
114,114000,8.706943,B,false,12329,5941,2.6448,0.0000,93.9155,-0.9387,0.2672,2.2438,1.0497,0.7100,4133,1808,true,1.4628,1.0161,0.1168,0.0000,0.8087,0.8281,0.0010,0.0117,0.1237,4.2202,12.8598,7.3149,0.0213,0.1646,3.2901,3.4296
115,115000,8.783319,B,false,4610,7410,0.8356,0.0000,24.4361,-0.1634,0.0168,0.7382,0.2747,0.8256,3577,3833,true,0.4670,0.2493,0.0011,0.0000,0.2259,0.2964,0.0010,0.0023,0.0030,1.2454,4.4823,3.6780,0.0000,0.2607,1.0520,1.8058
116,116000,8.859696,P,false,69693,4878,2.6871,0.0000,100.9957,-0.0197,0.4096,2.1551,1.2418,0.6046,0,4878,true,1.6353,2.0085,0.2794,0.0568,1.5771,1.5296,0.1188,0.2351,0.4064,4.9170,21.6259,24.6370,0.0400,0.9128,4.2655,1.7096
117,117000,8.936073,B,false,4595,6947,0.9569,0.0000,35.2535,0.0620,-0.0351,0.8165,0.3395,0.8247,3702,3245,true,0.3880,0.5442,0.0051,0.0000,0.2058,0.5371,0.0000,0.0007,0.0000,1.2864,4.3796,4.7498,0.0000,0.7423,1.5718,1.2231
118,118000,9.012449,B,false,11152,7267,2.1222,0.0000,63.1833,0.2578,-0.1893,1.8568,0.7556,0.7717,3339,3928,true,1.1124,1.7240,0.0407,0.0006,0.4376,1.1985,0.0006,0.0424,0.0069,2.9670,9.2472,10.4946,0.0000,1.2593,2.3382,2.6740
119,119000,9.088826,B,false,4988,5715,1.4281,0.0000,34.7500,0.1171,0.0283,1.2368,0.5710,0.7431,1821,3894,true,0.7006,0.9388,0.0085,0.0000,0.3341,1.1573,0.0000,0.0009,0.0010,1.6607,4.8430,6.5002,0.0000,1.4621,1.7284,1.3698
120,120000,9.165203,P,false,79825,5851,3.9230,0.0000,92.6182,1.0964,1.0398,3.4778,1.3494,0.5385,0,5851,true,2.2912,3.1071,0.2203,0.1553,0.9590,3.0744,0.0890,0.2226,0.0781,4.5335,20.6217,32.8940,0.0657,2.3312,3.2602,1.8774
121,121000,9.241579,B,false,5342,7513,1.0134,0.0000,27.7781,-0.0501,0.0395,0.9009,0.3714,0.8182,3706,3807,true,0.6183,1.0608,0.0344,0.0000,0.3020,1.2126,0.0000,0.0006,0.0000,1.2582,4.9629,5.5104,0.0000,0.7481,1.2122,0.6398
122,122000,9.317956,B,false,10895,7747,2.1675,0.0000,87.7674,-0.0826,0.0970,1.9245,0.7463,0.7844,3893,3854,true,1.2927,1.6748,0.1220,0.0000,0.5615,1.8016,0.0005,0.0029,0.0214,2.6296,10.5771,10.0101,0.0000,2.0285,2.8846,1.2654
123,123000,9.394333,B,false,6009,7551,1.0246,0.0000,62.2344,-0.0346,0.0473,0.9043,0.3380,0.8129,3752,3799,true,0.6452,0.6539,0.0339,0.0000,0.2487,1.0584,0.0000,0.0024,0.0066,1.1982,4.8670,4.2725,0.0000,1.4556,1.7057,0.6935
124,124000,9.470710,P,false,28465,4259,4.9218,0.0000,90.0000,0.6011,1.2680,4.4972,1.5500,0.6278,0,4259,true,3.2519,3.1048,0.5363,0.0128,1.2936,1.7207,0.0064,0.0655,0.1854,4.9538,22.5989,23.1469,0.0100,8.3657,7.8135,1.5456
125,125000,9.547086,B,false,8049,7436,1.1700,0.0000,38.1527,-0.1158,0.0160,0.9548,0.5523,0.7907,4091,3345,true,0.7857,0.7850,0.0568,0.0000,0.3445,0.8131,0.0000,0.0006,0.0157,1.1624,3.6000,3.3939,0.0000,2.6516,2.7566,1.1491
126,126000,9.623463,B,false,14297,6697,2.4695,0.0000,67.5962,-0.1299,0.4068,1.9798,1.1982,0.7009,2438,4259,true,1.4797,1.3081,0.2672,0.0030,0.7566,1.4475,0.0037,0.0165,0.0532,3.0075,7.4220,6.6456,0.0015,5.5360,5.7402,2.6591
127,127000,9.699840,B,false,7529,5492,1.1907,0.0000,42.8734,-0.0052,-0.2331,0.9316,0.6008,0.7105,4033,1459,true,0.6251,0.6532,0.1879,0.0011,0.4602,0.4367,0.0000,0.0000,0.0012,1.3237,3.5189,3.5039,0.0000,2.3201,2.4486,1.0543
128,128000,9.776216,P,false,98189,5258,2.6596,0.0000,86.9540,0.1015,0.8973,2.1471,1.2459,0.5664,0,5258,true,2.2352,2.7651,0.2863,0.1434,0.6323,1.1295,0.1154,0.3165,0.2787,1.4335,17.5207,18.3975,0.1327,3.8082,5.5045,2.5135
129,129000,9.852593,B,false,7454,7431,0.8482,0.0000,32.0000,0.0502,0.0269,0.6485,0.4127,0.8029,3618,3813,true,0.5826,0.4456,0.0466,0.0000,0.3600,0.3541,0.0000,0.0000,0.0072,1.1786,3.0166,3.4037,0.0000,1.1376,1.9749,0.8975
130,130000,9.928970,B,false,11391,7915,2.0082,0.0000,98.2503,-0.0574,0.1411,1.4968,1.0219,0.7569,3994,3921,true,1.0841,1.4326,0.3902,0.0000,0.6327,1.1781,0.0005,0.0000,0.0225,1.7822,6.0458,8.6538,0.0000,3.0308,4.2662,2.2353
131,131000,10.005346,B,false,8188,7800,1.1888,0.0000,39.2126,-0.1541,0.0622,0.8344,0.6204,0.7838,3900,3900,true,0.4974,0.7101,0.1613,0.0000,0.4210,1.0067,0.0010,0.0000,0.0087,0.9147,3.3926,5.8350,0.0000,1.6345,2.9736,1.1703
132,132000,10.081723,P,false,31341,4170,4.1569,0.0000,109.5000,0.0945,1.5500,3.1564,1.9865,0.6585,0,4170,true,1.8308,2.9982,0.3186,0.0266,1.2142,1.3145,0.0152,0.0660,0.0572,3.2398,14.6938,21.0779,0.0065,9.0131,10.3202,3.6977
133,133000,10.158100,B,false,6893,7633,0.7421,0.0000,25.5208,-0.0090,-0.0063,0.5496,0.3600,0.8020,3908,3725,true,0.2475,0.5491,0.0559,0.0000,0.6051,0.8337,0.0005,0.0000,0.0000,0.2529,1.4012,3.3429,0.0000,1.1697,2.2002,0.8244
134,134000,10.234476,B,false,10390,7870,1.7653,0.0000,60.0260,-0.2370,0.0625,1.2883,0.8885,0.7691,3934,3936,true,0.6700,0.8435,0.2293,0.0000,1.5850,2.2525,0.0000,0.0000,0.0021,0.7978,3.5531,7.3848,0.0000,2.6398,5.0961,2.0409
135,135000,10.310853,B,false,7145,7439,0.9812,0.0000,32.5087,-0.0815,0.0430,0.6777,0.5238,0.8066,3898,3541,true,0.3499,0.7219,0.0924,0.0000,1.2723,1.4998,0.0016,0.0000,0.0000,0.2363,1.6820,3.6208,0.0000,1.3581,3.1227,1.1563
136,136000,10.387230,P,false,27148,4124,3.8552,0.0000,79.8549,1.0533,0.9962,2.8569,1.9137,0.6676,0,4124,true,2.1610,2.6713,0.5529,0.0053,3.1660,2.7321,0.0217,0.0155,0.0242,2.4174,8.7548,17.7655,0.0083,7.0266,12.5261,3.4508
137,137000,10.463607,B,false,6700,6666,0.5606,0.0000,26.7967,0.0000,0.0621,0.3762,0.3060,0.8141,2801,3865,true,0.1392,0.5924,0.0563,0.0000,0.7675,0.9710,0.0000,0.0000,0.0039,0.1827,1.1409,2.3857,0.0000,0.6638,1.3619,0.6659
138,138000,10.539983,B,false,10945,7427,1.7198,0.0000,52.6717,0.3359,0.2617,1.0913,1.0385,0.7719,3405,4022,true,0.6458,1.3989,0.1353,0.0000,2.9361,2.6377,0.0421,0.0013,0.0355,0.2638,2.6774,5.8755,0.0000,2.6747,5.1503,1.6405
139,139000,10.616360,B,false,6738,5504,1.1759,0.0000,35.2509,-0.0364,-0.1305,0.8283,0.6405,0.7329,4089,1415,true,0.3613,0.9780,0.0445,0.0000,2.2938,1.8710,0.0000,0.0000,0.0061,0.1512,1.4219,2.2473,0.0000,2.1150,2.4734,1.3893
140,140000,10.692737,P,false,80320,4771,2.7074,0.0000,54.9284,0.8118,0.4266,1.8214,1.6140,0.6292,0,4771,true,1.1452,2.1084,0.3126,0.0597,2.9629,2.2157,0.1793,0.1921,0.1016,1.4456,8.0275,14.8688,0.0144,4.9437,7.4012,2.1561
141,141000,10.769113,B,false,5376,7557,0.6457,0.0000,29.9802,-0.0174,0.0555,0.4595,0.3529,0.8255,3671,3886,true,0.2806,0.4968,0.0234,0.0000,1.7274,0.9703,0.0005,0.0000,0.0000,0.0276,0.8891,1.6535,0.0000,1.3376,1.9136,0.3119
142,142000,10.845490,B,false,11657,7604,1.4353,0.0000,95.3362,-0.0351,0.0186,1.0091,0.8132,0.7906,3639,3965,true,0.3640,1.1573,0.0512,0.0000,3.6992,1.3871,0.0090,0.0000,0.0013,0.1499,2.3017,4.0446,0.0000,3.7289,4.4102,0.7251
143,143000,10.921867,B,false,6849,7323,0.7158,0.0000,53.0672,0.0599,0.0182,0.4743,0.4328,0.8207,3252,4071,true,0.1390,0.4408,0.0000,0.0000,2.3671,1.0903,0.0016,0.0000,0.0039,0.1377,0.9300,1.8887,0.0041,1.4810,1.8687,0.7627
144,144000,10.998243,P,false,32934,4157,2.4844,0.0000,112.7899,-0.0127,-0.0490,1.7644,1.3614,0.6596,0,4157,true,0.8613,2.5207,0.3189,0.0138,4.5473,2.0985,0.1280,0.0247,0.0926,0.7612,6.2963,12.8185,0.0372,0.7404,8.5531,1.2738
145,145000,11.074620,B,false,8033,7609,0.8048,0.0000,44.4536,-0.0540,0.0971,0.5372,0.4679,0.8452,3967,3642,true,0.2716,0.9990,0.0074,0.0000,2.1146,1.4833,0.0000,0.0000,0.0829,0.0928,0.6412,0.8556,0.1877,2.2278,2.6553,0.3431
146,146000,11.150997,B,false,9023,7256,0.7537,0.0000,57.2735,0.0398,0.0769,0.5179,0.4474,0.8415,4083,3173,true,0.4276,0.7840,0.0241,0.0006,1.8015,0.9275,0.0000,0.0006,0.1538,0.2088,0.5014,0.3122,0.6770,2.4076,2.3994,0.4119
147,147000,11.227373,B,false,4086,7260,0.2273,0.0000,16.7126,0.0129,0.0095,0.1667,0.1210,0.8905,3422,3838,true,0.1513,0.2544,0.0011,0.0000,0.6164,0.2822,0.0000,0.0000,0.0751,0.0830,0.0382,0.0590,0.1192,0.6962,0.7192,0.1707
148,148000,11.303750,P,false,30217,4130,1.5973,0.0000,75.0000,-0.1890,0.4036,1.0277,0.9567,0.6939,0,4130,true,1.1479,2.8806,0.1680,0.0120,3.2825,1.3315,0.0196,0.0473,0.3601,0.5362,3.1344,3.5781,0.0104,1.7187,6.5334,0.4114
149,149000,11.380127,B,false,5623,5595,0.4258,0.0000,28.0402,0.0852,0.0046,0.3349,0.1754,0.7870,3935,1660,true,0.4050,0.5682,0.0029,0.0012,0.9506,0.6632,0.0000,0.0024,0.2038,0.1346,0.1532,0.4818,0.1173,0.4556,1.4234,0.0672
150,150000,11.456503,B,false,10438,5763,1.0424,0.0000,40.0008,-0.0159,0.0474,0.8430,0.3980,0.7637,3982,1781,true,0.8280,1.0394,0.0058,0.0000,2.6195,1.2186,0.0099,0.0039,0.7201,0.3786,1.1388,1.1577,0.0032,0.9855,3.2643,0.1563
151,151000,11.532880,B,false,5889,7622,0.5593,0.0000,55.9129,-0.0465,-0.0437,0.4438,0.2452,0.8495,3815,3807,true,0.8589,0.9622,0.0000,0.0006,1.5110,0.8390,0.0005,0.0006,0.5417,0.0435,0.2920,0.3287,0.0000,0.1724,1.9059,0.4238
152,152000,11.609257,P,false,82730,5081,1.3813,0.0000,49.0102,-0.3943,0.2091,1.1188,0.5497,0.6022,0,5081,true,1.2177,1.4562,0.2370,0.0493,3.7907,1.4194,0.1180,0.0999,0.5275,0.7261,1.6184,2.6035,0.0314,0.6136,7.4392,1.4160
153,153000,11.685634,B,false,5058,7168,0.3793,0.0000,25.1719,-0.0338,-0.0065,0.3083,0.1489,0.8701,3461,3707,true,0.4721,0.9601,0.0026,0.0006,1.1788,0.5956,0.0005,0.0000,0.6830,0.4678,0.1805,0.2551,0.0000,0.0689,0.7723,0.1592
154,154000,11.762010,B,false,8848,7626,0.8991,0.0000,45.2562,-0.1052,0.0090,0.7475,0.3371,0.8374,3722,3904,true,1.2665,1.5474,0.0051,0.0000,3.2750,1.0207,0.0011,0.0011,1.5560,0.5989,0.5184,1.1167,0.0000,0.2252,1.8593,0.1685
155,155000,11.838387,B,false,6862,7221,0.7096,0.0000,57.1631,-0.0878,0.0216,0.6026,0.2295,0.8481,3742,3479,true,1.1704,1.4379,0.0258,0.0006,1.8133,0.5982,0.0033,0.0006,2.7435,0.9313,0.3965,0.6651,0.0017,0.1904,1.1300,0.0747
156,156000,11.914764,P,false,22711,4125,1.9501,0.0000,53.6889,0.1472,0.3533,1.5428,0.7358,0.7081,0,4125,true,4.3577,2.8713,0.2087,0.0045,5.9465,1.1883,0.0341,0.0081,1.6742,0.4932,2.5473,3.4114,0.0042,0.8002,5.3169,0.3201
157,157000,11.991140,B,false,6287,7552,0.4847,0.0000,43.5718,0.0137,-0.0120,0.3929,0.1918,0.8595,3637,3915,true,0.7354,0.9321,0.0700,0.0000,0.7287,0.6605,0.0005,0.0000,1.4876,1.5124,0.2290,0.4081,0.0000,0.2304,0.4383,0.0795
158,158000,12.067517,B,false,10989,4878,1.3941,0.0000,47.0439,0.2434,0.1707,1.1857,0.4924,0.7232,767,4111,true,2.1233,2.1320,0.3177,0.0011,1.9130,1.9325,0.1429,0.0011,3.2197,2.4481,0.9787,2.0967,0.0000,0.5340,1.4111,0.2956
159,159000,12.143894,B,false,6672,4553,0.7279,0.0000,36.7151,0.1329,0.0890,0.5891,0.3125,0.7584,522,4031,true,0.7708,1.0471,0.1092,0.0000,0.5495,1.1214,0.0087,0.0022,1.8141,2.9091,0.3684,0.6198,0.0000,0.1574,0.4951,0.0874
160,160000,12.220270,P,false,164522,5425,1.5789,0.2500,54.4254,0.2424,0.2035,1.1706,0.7088,0.4114,0,5425,true,2.4413,2.3865,0.4425,0.3687,3.6198,0.7616,0.3232,0.3827,1.0768,1.8724,3.5839,4.7440,0.1869,0.9145,3.0063,1.5389
161,161000,12.296647,B,false,4100,7513,0.3391,0.0000,20.4359,0.0430,0.0210,0.2852,0.1365,0.8469,3654,3859,true,0.4286,0.6807,0.0279,0.0000,0.3571,0.8493,0.0000,0.0000,0.7025,1.1502,0.1770,0.5222,0.0000,0.0610,0.2933,0.0000
162,162000,12.373024,B,false,8225,7661,0.6635,0.0000,54.6008,0.1107,0.0013,0.5588,0.2613,0.8182,3670,3991,true,0.9735,1.2982,0.0340,0.0000,0.8200,0.7041,0.0000,0.0017,1.8247,1.7914,0.6234,1.3317,0.0000,0.2362,0.7665,0.0164
163,163000,12.449400,B,false,5693,7913,0.5342,0.0000,37.9770,0.0232,0.0105,0.4488,0.2194,0.8132,3992,3921,true,0.4915,0.8146,0.0053,0.0000,0.5449,1.0148,0.0005,0.0000,1.3895,1.1887,0.5932,1.3530,0.0000,0.2263,0.6685,0.0005
164,164000,12.525777,P,false,23133,4567,1.8370,0.0000,80.3590,0.6310,-0.1258,1.5654,0.7328,0.6466,0,4567,true,2.6335,2.7097,0.2215,0.0278,2.5142,0.6207,0.0118,0.0372,3.8655,2.4118,2.6301,4.5067,0.0125,1.0578,3.5019,0.1166
165,165000,12.602154,B,false,4217,7236,0.2532,0.0000,17.8903,-0.0101,0.0101,0.1993,0.1187,0.8658,3933,3303,true,0.1824,0.3918,0.0083,0.0000,0.3165,0.3756,0.0010,0.0000,0.5677,0.5830,0.3681,1.1316,0.0000,0.0792,0.1318,0.0006
166,166000,12.678531,B,false,10359,8185,1.0525,0.0000,49.5442,0.1061,0.0295,0.8655,0.4596,0.7836,4119,4066,true,1.0156,1.1191,0.0264,0.0000,1.3790,0.7156,0.0005,0.0000,2.9904,1.9402,1.5355,3.7854,0.0000,0.4091,0.8706,0.0088
167,167000,12.754907,B,false,4696,7581,0.4203,0.0000,18.5624,0.0787,0.0071,0.3526,0.1702,0.8334,3980,3601,true,0.4191,0.3683,0.0040,0.0000,0.5898,0.2267,0.0005,0.0000,1.5646,0.6611,0.6084,1.8359,0.0000,0.0900,0.2042,0.0000
168,168000,12.831284,P,false,31472,4202,1.9940,0.0000,60.9354,0.5612,0.1327,1.6690,0.8254,0.7128,0,4202,true,2.5848,2.6776,0.3489,0.0042,2.0319,0.2944,0.0050,0.0081,4.4628,3.7752,3.2415,8.1611,0.0011,1.2289,2.2189,0.1023
169,169000,12.907661,B,false,4483,7613,0.3332,0.0000,14.1620,-0.0007,-0.0165,0.2791,0.1246,0.8365,3927,3686,true,0.3229,0.4443,0.0045,0.0000,0.4525,0.1694,0.0005,0.0000,1.4503,0.6441,0.4249,1.0093,0.0000,0.0549,0.1638,0.0000
170,170000,12.984037,B,false,10201,7370,0.7373,0.0000,39.3526,0.0686,0.0220,0.6003,0.2990,0.7727,3135,4235,true,0.6222,1.0738,0.0483,0.0000,0.9354,0.5496,0.0000,0.0000,2.7428,1.0675,0.8061,2.0847,0.0000,0.1158,0.4772,0.0263
171,171000,13.060414,B,false,5293,6257,0.3482,0.0000,13.6473,-0.0026,0.0233,0.2733,0.1475,0.8034,2232,4025,true,0.2167,0.6467,0.0024,0.0000,0.4880,0.3568,0.0000,0.0000,1.2998,0.7181,0.2936,0.6629,0.0032,0.0145,0.2640,0.0224
172,172000,13.136791,P,false,60239,5162,1.2514,0.0000,61.1811,0.0329,-0.0564,0.9491,0.5776,0.6344,0,5162,true,1.0841,2.5119,0.2279,0.0330,1.7650,0.9501,0.0423,0.0371,1.5799,2.4265,2.2115,5.0476,0.0765,0.3647,1.0881,0.7773
173,173000,13.213167,B,false,5668,6671,0.5189,0.0000,19.9060,0.0454,-0.0209,0.4484,0.1749,0.8134,3836,2835,true,0.4011,0.7263,0.0048,0.0000,0.6074,0.3421,0.0000,0.0000,1.1645,1.6381,0.2685,0.4814,0.0000,0.5240,0.9944,0.1076
174,174000,13.289544,B,false,7869,6045,0.6702,0.0000,27.5341,0.0517,-0.0062,0.5599,0.2564,0.7899,4103,1942,true,0.7335,1.1626,0.0098,0.0009,0.6609,0.6203,0.0000,0.0032,1.3234,1.5381,0.3149,0.5717,0.0222,1.0054,1.5640,0.0051
175,175000,13.365921,B,false,3315,7174,0.1659,0.0000,11.0708,0.0087,-0.0053,0.1422,0.0572,0.8783,3370,3804,true,0.1771,0.2948,0.0005,0.0000,0.1713,0.1703,0.0000,0.0017,0.3121,0.5078,0.0971,0.1405,0.0027,0.2625,0.4076,0.0000
176,176000,13.442297,P,false,49194,5312,1.5582,0.0000,55.8793,0.0847,-0.1724,1.3307,0.5361,0.6613,0,5312,true,1.6619,2.5745,0.1748,0.0670,2.5482,0.6844,0.0298,0.0564,2.3086,4.7756,1.2789,2.2458,0.0664,2.7635,3.3246,0.1590
177,177000,13.518674,B,false,5517,7618,0.3708,0.0000,13.2877,0.0209,-0.0198,0.3147,0.1407,0.8446,3877,3741,true,0.5384,0.4793,0.0000,0.0000,0.4378,0.2026,0.0000,0.0000,0.6722,0.8798,0.3458,0.4240,0.0251,0.6030,1.0638,0.0011
178,178000,13.595051,B,false,8908,7889,0.8689,0.0000,31.1067,-0.0277,-0.0252,0.7572,0.3086,0.8094,3945,3944,true,1.1103,0.9282,0.0005,0.0000,0.8313,0.3087,0.0000,0.0103,1.9891,2.1025,1.3374,1.0843,0.0651,1.6352,1.7842,0.0011
179,179000,13.671427,B,false,6384,7726,0.4464,0.0000,21.6622,0.0315,0.0092,0.3795,0.1683,0.8386,4001,3725,true,0.6950,0.4244,0.0000,0.0000,0.2886,0.1200,0.0000,0.0017,1.2570,0.8330,1.0046,0.8218,0.0241,0.7409,0.7357,0.0058
180,180000,13.747804,P,false,28243,4563,2.2013,0.0000,57.0088,0.3579,-0.1645,1.8720,0.8448,0.6721,0,4563,true,3.5503,2.4753,0.0278,0.0101,1.9834,0.9091,0.0095,0.0244,2.8743,4.8929,3.4796,2.9411,0.2149,4.4640,5.1968,0.1672
181,181000,13.824181,B,false,5532,7692,0.4022,0.0000,16.0721,-0.0074,-0.0088,0.3247,0.1804,0.8420,3857,3835,true,0.4748,0.3151,0.0000,0.0000,0.1774,0.1028,0.0000,0.0006,1.5398,0.6958,0.8208,0.8262,0.0042,0.5666,0.5576,0.0006
182,182000,13.900558,B,false,11490,7536,0.9668,0.0000,30.7591,0.0561,-0.0918,0.7671,0.4597,0.7675,3211,4325,true,1.2041,0.5309,0.0000,0.0000,0.3834,0.3068,0.0036,0.0021,3.4413,1.3874,1.9813,2.0791,0.0358,1.4929,1.5476,0.0055
183,183000,13.976934,B,false,7239,6223,0.4092,0.0000,22.5000,0.0248,-0.0211,0.3014,0.2163,0.8075,2183,4040,true,0.5493,0.2613,0.0007,0.0000,0.1498,0.0733,0.0000,0.0050,1.4605,0.5983,0.7867,0.6655,0.0000,0.4918,1.0001,0.0031
184,184000,14.053311,P,false,68839,5010,1.5003,0.0000,63.7520,0.5241,-0.0104,1.1187,0.7676,0.6335,0,5010,true,2.5104,1.1465,0.0928,0.0281,1.1666,0.8102,0.0822,0.0193,1.8382,1.6557,3.5921,3.7132,0.0922,3.1750,3.0808,0.6651
185,185000,14.129688,B,false,4444,6229,0.2300,0.0000,15.9099,0.0250,-0.0102,0.1531,0.1276,0.8459,3681,2548,true,0.4105,0.2154,0.0000,0.0009,0.1958,0.0684,0.0000,0.0000,0.6374,0.2930,0.5391,0.2187,0.0197,0.3368,0.4327,0.0006
186,186000,14.206064,B,false,6445,6637,0.5783,0.0000,17.6812,0.0075,-0.0467,0.4035,0.3039,0.7803,3950,2687,true,0.8815,0.5971,0.0000,0.0009,0.4917,0.1959,0.0000,0.0139,1.2249,1.1236,0.4714,0.6937,0.0737,1.6018,0.9531,0.0229
187,187000,14.282441,B,false,4403,7468,0.2626,0.0000,23.0000,0.0075,-0.0040,0.1766,0.1387,0.8622,3951,3517,true,0.2974,0.2443,0.0000,0.0000,0.2261,0.0556,0.0000,0.0077,0.6406,0.7803,0.1833,0.3227,0.0286,0.6874,0.5879,0.0000
188,188000,14.358818,P,false,44682,5163,1.2662,0.0000,31.2900,0.4325,0.4971,0.8566,0.6868,0.6717,0,5163,true,2.0312,1.0803,0.0797,0.0418,0.9966,0.5481,0.0803,0.0324,2.9793,3.5915,1.2869,1.8254,0.0085,2.9652,2.0694,0.1398
189,189000,14.435194,B,false,2767,7054,0.2176,0.0000,16.4412,-0.0249,-0.0200,0.1645,0.1086,0.8867,3846,3208,true,0.1262,0.2146,0.0000,0.0000,0.0649,0.0201,0.0000,0.0012,0.5635,0.9397,0.3629,0.4818,0.0000,0.3071,0.4084,0.0000
190,190000,14.511571,B,false,9456,7996,0.9565,0.0000,40.2438,0.0350,0.0511,0.7488,0.4571,0.8278,3946,4050,true,0.5725,0.5057,0.0000,0.0000,0.6458,0.0791,0.0000,0.0064,2.1291,3.6036,1.5171,2.0170,0.0000,1.7918,1.4125,0.0000
191,191000,14.587948,B,false,4563,7464,0.4948,0.0000,28.6466,0.0081,0.0240,0.3769,0.2518,0.8469,3518,3946,true,0.2850,0.3944,0.0000,0.0000,0.2117,0.0649,0.0000,0.0061,1.4412,1.9178,0.5551,1.2020,0.0000,0.6251,1.1146,0.0000
192,192000,14.664324,P,false,25600,4444,2.2318,0.0000,62.8013,0.8473,0.9223,1.7081,1.1095,0.6910,0,4444,true,1.4187,1.3128,0.0105,0.0044,0.8455,0.3510,0.0069,0.0352,6.4396,7.9058,3.0210,5.3775,0.0337,4.3171,3.0706,0.0904
193,193000,14.740701,B,false,4829,7777,0.4828,0.0000,14.1510,0.0235,-0.0003,0.3826,0.2338,0.8415,3797,3980,true,0.4899,0.4090,0.0000,0.0000,0.2573,0.0465,0.0000,0.0114,1.0336,1.4089,0.6539,1.3284,0.0000,0.9638,0.8331,0.0022
194,194000,14.817078,B,false,11850,6883,1.2626,0.0000,47.8592,0.1929,0.2364,1.0111,0.6026,0.7843,2701,4182,true,1.1802,0.9200,0.0055,0.0006,0.8513,0.1959,0.0000,0.0000,3.3506,3.0299,1.3319,3.4503,0.0000,2.8433,1.4697,0.0221
195,195000,14.893455,B,false,5841,7380,0.4810,0.0000,32.1033,0.1208,0.0618,0.3842,0.2233,0.8382,3328,4052,true,0.3925,0.4497,0.0005,0.0000,0.3421,0.1063,0.0000,0.0057,1.2434,0.9667,0.7359,1.6847,0.0000,1.1248,0.6544,0.0365
196,196000,14.969831,P,false,55952,4439,2.1240,0.0000,54.1139,0.7080,0.6588,1.7541,0.9344,0.6447,0,4439,true,1.3741,1.2682,0.1070,0.0286,1.4679,0.6619,0.1333,0.0220,7.1103,6.4837,2.3066,7.4143,0.0199,4.9079,2.4577,0.6525
197,197000,15.046208,B,false,3057,7078,0.2156,0.0000,14.9206,-0.0006,-0.0049,0.1625,0.1102,0.8784,3744,3334,true,0.1878,0.1774,0.0000,0.0000,0.2573,0.0112,0.0000,0.0085,0.6339,0.4658,0.1588,0.7130,0.0000,0.4814,0.2030,0.0029
198,198000,15.122585,B,false,8868,6824,0.6208,0.0000,56.9386,0.0971,0.0737,0.4661,0.3134,0.8052,2709,4115,true,0.4749,0.4475,0.0117,0.0024,0.6967,0.0510,0.0023,0.0110,1.5390,0.8474,0.5872,2.1139,0.0000,1.6739,0.4813,0.0489
199,199000,15.198961,B,false,4570,5363,0.5485,0.0000,22.5624,0.0516,0.0178,0.3882,0.2971,0.7762,1426,3937,true,0.4055,0.4896,0.1077,0.0000,0.5237,0.1187,0.0000,0.0163,1.3556,1.0591,0.6863,1.6167,0.0000,0.7151,0.3902,0.0046
200,200000,15.275338,P,false,89687,6078,1.4779,0.0000,59.4443,0.2573,0.3507,1.0842,0.7423,0.5122,0,6078,true,0.8403,1.2986,0.3165,0.2205,1.9639,0.3863,0.1449,0.2272,2.6955,2.9220,2.2806,6.9008,0.1032,2.7012,1.3451,0.7581
201,201000,15.351715,B,false,4204,7844,0.3812,0.0000,13.8924,0.0093,0.0183,0.2323,0.2355,0.8436,3973,3871,true,0.3712,0.2817,0.0245,0.0000,0.5034,0.0363,0.0000,0.0252,0.8748,0.8558,0.7160,1.5823,0.0000,0.5082,0.2216,0.0016
202,202000,15.428091,B,false,9389,7947,0.8521,0.0000,30.5624,0.0087,0.0584,0.5173,0.5468,0.8174,4025,3922,true,0.4910,0.6251,0.0271,0.0000,1.2214,0.0466,0.0000,0.0011,1.8685,1.9163,1.4473,3.6755,0.0000,1.2166,0.2783,0.0104
203,203000,15.504468,B,false,4810,7746,0.3994,0.0000,19.6803,-0.0074,0.0127,0.2610,0.2352,0.8542,3937,3809,true,0.2859,0.2530,0.0092,0.0000,0.5990,0.0088,0.0000,0.0000,0.8540,0.8475,0.5703,1.8785,0.0000,0.4720,0.4163,0.0033
204,204000,15.580845,P,false,29631,4413,1.9323,0.0000,56.3848,0.2748,0.4536,1.2407,1.1737,0.6914,0,4413,true,0.8176,1.4567,0.1995,0.0143,2.2273,0.2566,0.0072,0.0439,5.1163,3.4570,3.3359,8.2891,0.0173,4.0245,1.2607,0.0727
205,205000,15.657221,B,false,6753,7283,0.4936,0.0000,34.7725,-0.0025,0.0367,0.3777,0.2380,0.8468,3454,3829,true,0.3474,0.1560,0.0195,0.0006,0.5017,0.0140,0.0006,0.0083,1.7601,0.9364,0.7386,2.1805,0.0000,0.5121,0.3855,0.0027
206,206000,15.733598,B,false,4460,7147,0.4211,0.0000,20.0141,-0.0080,-0.0006,0.3303,0.1905,0.8497,3386,3761,true,0.3860,0.1265,0.0155,0.0000,0.3775,0.0134,0.0000,0.0087,1.4374,0.9531,0.6712,1.7947,0.0000,0.5991,0.0717,0.0006
207,207000,15.809975,P,false,52176,5160,1.2504,0.0000,44.0298,0.1958,0.0715,0.9359,0.6439,0.6318,0,5160,true,0.6730,0.9117,0.2473,0.0447,1.5847,0.1746,0.0604,0.0685,3.9554,2.1499,2.2870,5.9760,0.0285,2.0301,0.3529,0.4951
208,208000,15.886351,B,false,3873,4802,0.4747,0.0000,17.2210,-0.0181,-0.0065,0.3972,0.1759,0.8095,3952,850,true,0.3185,0.1048,0.0093,0.0010,0.6490,0.0000,0.0000,0.0463,1.2374,0.7426,0.4914,1.4651,0.0000,1.3132,0.1409,0.0029
209,209000,15.962728,B,false,7377,5084,0.8301,0.0000,31.2830,-0.0885,0.1078,0.7062,0.3162,0.7740,4086,998,true,0.2549,0.2866,0.0000,0.0000,1.4193,0.0348,0.0000,0.0916,2.3622,1.0048,0.6273,2.1448,0.0000,2.5146,0.4248,0.0453
210,210000,16.039105,B,false,2819,7405,0.2353,0.0000,10.2774,0.0078,0.0038,0.1927,0.1002,0.8767,3689,3716,true,0.1000,0.0849,0.0000,0.0000,0.5857,0.0006,0.0000,0.0276,0.8698,0.2478,0.1873,0.9130,0.0000,0.6660,0.1310,0.0033
211,211000,16.115482,P,false,81687,5428,1.5213,0.0000,55.7500,0.1714,-0.0233,1.2626,0.5819,0.6258,0,5428,true,0.6493,0.7018,0.1754,0.0515,2.8563,0.1834,0.0319,0.1328,4.4368,1.8165,2.1885,6.9219,0.1771,3.2418,1.0602,1.4909
212,212000,16.191858,B,false,2625,7434,0.1945,0.0000,11.4918,-0.0003,0.0023,0.1559,0.0912,0.8927,3696,3738,true,0.1471,0.0889,0.0000,0.0000,1.0654,0.0122,0.0005,0.0130,0.4642,0.2224,0.0850,0.2512,0.0000,0.4290,0.1421,0.0181
213,213000,16.268235,B,false,5865,7378,0.3695,0.0000,32.3883,0.0028,-0.0263,0.3040,0.1458,0.8586,3894,3484,true,0.2048,0.1573,0.0000,0.0000,2.5356,0.0250,0.0011,0.0269,0.7900,0.3898,0.2714,0.4646,0.0000,0.4369,0.0835,0.0719
214,214000,16.344612,B,false,2058,7253,0.1152,0.0000,6.7268,-0.0040,0.0006,0.0943,0.0418,0.9151,3647,3606,true,0.1225,0.0714,0.0000,0.0000,0.8353,0.0041,0.0005,0.0098,0.1925,0.1809,0.0738,0.0480,0.0000,0.1495,0.0178,0.0143
215,215000,16.420988,P,false,20307,4555,1.1509,0.0000,44.2832,-0.3240,-0.1200,0.9201,0.5227,0.6722,0,4555,true,0.6091,0.5845,0.0284,0.0059,4.8158,0.1360,0.0050,0.1140,2.4329,1.5651,0.7254,1.5818,0.0021,2.0012,0.2044,2.0979
216,216000,16.497365,B,false,1994,6782,0.0884,0.0000,13.2524,0.0042,-0.0033,0.0657,0.0379,0.9202,3768,3014,true,0.1290,0.0344,0.0000,0.0000,0.4654,0.0051,0.0000,0.0137,0.1623,0.0927,0.2713,0.2201,0.0000,0.0290,0.0037,0.0407
217,217000,16.573742,B,false,6573,7616,0.3619,0.0000,28.2511,0.0012,0.0271,0.2891,0.1525,0.8515,3811,3805,true,0.4466,0.2133,0.0000,0.0000,1.8181,0.0297,0.0000,0.1008,0.6627,0.2431,0.9524,0.6127,0.0000,0.1269,0.0084,0.0887
218,218000,16.650118,B,false,3209,7119,0.1739,0.0000,19.3810,-0.0104,0.0118,0.1347,0.0783,0.8952,3655,3464,true,0.1675,0.0996,0.0005,0.0000,0.9063,0.0088,0.0000,0.0494,0.4038,0.1381,0.3885,0.5848,0.0000,0.0332,0.0258,0.0510
219,219000,16.726495,P,false,19694,4440,1.0528,0.0000,49.8723,-0.5125,-0.0136,0.7979,0.5016,0.6912,0,4440,true,0.9687,0.4973,0.0267,0.0047,3.0251,0.1444,0.0021,0.2542,2.0993,0.7009,2.7835,2.5643,0.0000,0.4671,0.1698,1.8682
220,220000,16.802872,B,false,3912,6160,0.2222,0.0000,22.2668,0.0577,0.0169,0.1860,0.0929,0.8713,3181,2979,true,0.1312,0.0736,0.0000,0.0000,0.8597,0.0207,0.0000,0.0174,0.8598,0.3572,0.5324,0.5374,0.0000,0.0696,0.0094,0.0552
221,221000,16.879248,B,false,7754,6084,0.8930,0.0000,44.0000,0.1663,-0.0074,0.7578,0.3640,0.7650,3990,2094,true,0.3066,0.2006,0.0037,0.0000,2.8390,0.0757,0.0000,0.0805,3.2845,1.2452,1.4872,1.6362,0.0000,0.3179,0.0732,0.6325
222,222000,16.955625,B,false,3386,7162,0.3221,0.0000,62.3879,0.0157,-0.0592,0.2597,0.1412,0.8891,3481,3681,true,0.1212,0.0375,0.0000,0.0000,0.9390,0.0386,0.0000,0.0215,1.2989,0.4971,0.4788,1.6611,0.0000,0.0652,0.0218,0.2198
223,223000,17.032002,P,false,48549,4631,1.5442,0.0000,212.0000,-1.0078,-0.0668,1.3203,0.6004,0.6504,0,4631,true,0.6937,0.5177,0.0443,0.0120,4.8793,0.3460,0.0250,0.1391,3.7771,1.4800,4.0979,4.7697,0.0064,0.4928,1.0408,4.3643
224,224000,17.108379,B,false,3099,6809,0.2834,0.0000,40.0070,0.0756,-0.0094,0.2515,0.0922,0.8897,3260,3549,true,0.0456,0.0130,0.0000,0.0000,0.6440,0.0265,0.0000,0.0126,1.6635,0.8500,0.2425,0.6466,0.0000,0.0443,0.0058,0.4306
225,225000,17.184755,B,false,4887,7247,0.6560,0.0000,50.1928,0.0041,-0.0070,0.5995,0.1982,0.8511,3719,3528,true,0.1561,0.0627,0.0000,0.0000,1.9282,0.0362,0.0000,0.0510,2.7513,2.2098,0.7388,0.9475,0.0000,0.1933,0.0663,1.0681
226,226000,17.261132,B,false,3027,7218,0.3510,0.0000,12.2577,-0.0360,0.0110,0.3153,0.1109,0.8695,3631,3587,true,0.0688,0.0180,0.0000,0.0000,0.8180,0.0045,0.0000,0.0196,1.5544,1.1826,0.3512,0.4570,0.0000,0.1021,0.1764,0.7940
227,227000,17.337509,P,false,24004,4405,1.4528,0.0000,126.5790,-0.7462,-0.1112,1.2480,0.5041,0.6940,0,4405,true,0.5822,0.3255,0.0084,0.0057,2.9514,0.2555,0.0010,0.1814,4.4129,2.4208,2.4556,5.8612,0.0000,0.6633,0.2998,2.8873
228,228000,17.413885,B,false,4755,6773,0.5689,0.0000,32.2500,-0.1708,-0.0220,0.5082,0.1737,0.8577,3830,2943,true,0.1138,0.0476,0.0000,0.0000,0.6952,0.0320,0.0000,0.0272,2.2992,1.5783,0.2982,0.3882,0.0000,0.1461,0.8262,2.2308
229,229000,17.490262,B,false,10414,7124,1.3565,0.0000,82.2534,-0.3456,-0.1282,1.1338,0.5797,0.7976,3163,3961,true,0.2648,0.2033,0.0000,0.0000,1.3068,0.0983,0.0005,0.0583,4.7252,3.3874,1.2582,1.2497,0.0000,0.4554,2.6650,6.6462
230,230000,17.566639,B,false,7811,6831,1.2081,0.0000,74.2163,-0.1157,-0.1122,0.9439,0.6288,0.8119,2792,4039,true,0.2776,0.1288,0.0000,0.0000,0.5146,0.0485,0.0005,0.0446,2.7209,2.7387,0.4200,1.1486,0.0000,0.2877,3.6632,5.5593
231,231000,17.643015,P,false,46034,4148,2.0993,0.0000,100.0528,-1.1282,-0.3639,1.7239,0.8669,0.6663,0,4148,true,1.3084,0.6071,0.0067,0.0000,0.6694,0.4900,0.0850,0.5508,12.8071,4.8129,4.0680,3.7400,0.0000,1.4622,0.3303,3.8070
232,232000,17.719392,B,false,3935,6279,0.5370,0.0000,15.7995,-0.0144,0.0289,0.4267,0.2472,0.8340,3721,2558,true,0.2130,0.0513,0.0000,0.0000,0.0291,0.0138,0.0000,0.0226,1.7081,0.7140,0.6110,0.7629,0.0000,0.1439,1.6441,1.6045
233,233000,17.795769,B,false,8978,6638,1.6026,0.0000,85.5015,0.0372,-0.0326,1.3213,0.6960,0.7754,3682,2956,true,0.4256,0.1351,0.0000,0.0000,0.1049,0.0481,0.0000,0.0822,5.0578,2.7499,1.7163,1.9400,0.0000,0.3359,4.4292,3.9958
234,234000,17.872145,B,false,5482,7542,0.8407,0.0000,37.7905,-0.0512,-0.0185,0.6524,0.4162,0.8148,3976,3566,true,0.2298,0.0782,0.0000,0.0000,0.1006,0.0176,0.0000,0.0239,2.2079,1.4422,2.1999,2.6479,0.0000,0.1953,1.8475,2.3319
235,235000,17.948522,P,false,36288,4697,2.8629,0.0000,160.3660,0.1533,-0.7136,2.4220,1.1529,0.6934,0,4697,true,0.5770,0.4627,0.1563,0.0010,0.4510,0.1977,0.0029,0.1950,12.0177,7.2963,3.1957,6.8794,0.0041,1.6307,7.9253,8.1549
236,236000,18.024899,B,false,5509,7780,0.8432,0.0000,40.7922,0.0390,-0.0011,0.6495,0.4146,0.8183,3957,3823,true,0.2303,0.0911,0.0000,0.0000,0.1019,0.0163,0.0000,0.1490,1.8614,1.3431,2.1267,2.8402,0.0000,0.1467,1.6169,2.5863
237,237000,18.101275,B,false,11496,7840,1.7226,0.0000,57.8468,0.0590,0.0694,1.3187,0.8246,0.7761,4011,3829,true,0.3850,0.1680,0.0000,0.0000,0.2865,0.0471,0.0000,0.2654,4.3482,3.5487,3.3246,4.8206,0.0000,0.7940,3.4538,5.6068
238,238000,18.177652,B,false,6023,7403,0.8308,0.0000,32.0010,-0.0602,0.0248,0.6004,0.4240,0.8126,3799,3604,true,0.1764,0.0607,0.0000,0.0000,0.1264,0.0166,0.0000,0.0955,2.3350,2.4136,1.7370,1.9032,0.0000,0.3382,1.8278,2.4250
239,239000,18.254029,P,false,24565,4005,3.4114,0.0000,65.8502,0.3037,-1.0117,2.8008,1.4711,0.6762,0,4005,true,0.7227,0.4057,0.0010,0.0022,1.0105,0.1786,0.0000,0.2679,11.2229,7.8847,6.9939,10.9507,0.0000,1.7625,6.5833,8.6138
240,240000,18.330406,B,false,8360,5255,2.1215,0.0000,46.3047,0.5024,0.1334,1.6531,1.0912,0.6923,4177,1078,true,0.1824,0.1261,0.0104,0.0000,0.1254,0.2057,0.0010,0.0808,3.9685,4.1736,3.0426,4.6082,0.0666,1.2234,3.6599,5.2604
241,241000,18.406782,B,false,19422,6365,3.8959,0.0000,65.3232,0.4042,-0.2178,3.1339,1.8660,0.6137,4305,2060,true,0.2540,0.2552,0.0351,0.0025,0.4039,0.3331,0.0188,0.2204,5.6174,6.0165,6.7521,11.1080,0.2199,3.4168,5.4937,8.5941
242,242000,18.483159,B,false,8734,7236,2.0727,0.0000,70.2611,-0.0930,-0.0628,1.6846,1.0116,0.7652,4023,3213,true,0.0801,0.1185,0.0018,0.0000,0.1404,0.0320,0.0000,0.0247,2.3925,3.3749,6.1480,9.7519,0.1175,1.8034,3.4804,5.3526
243,243000,18.559536,P,false,148278,5282,3.1468,0.2500,91.1061,-1.1818,0.0097,2.5352,1.4393,0.4441,0,5282,true,0.5147,0.6583,0.2830,0.2927,0.7090,0.4821,0.2086,0.5661,7.7854,9.0243,20.0787,24.7179,0.2626,2.1099,8.1292,5.4465
244,244000,18.635912,B,false,6064,7082,0.6985,0.0000,35.1790,-0.1217,-0.0112,0.5295,0.3659,0.8198,3052,4030,true,0.0499,0.0566,0.0038,0.0000,0.0837,0.0153,0.0000,0.0151,1.0216,1.0613,2.7027,3.1923,0.0712,0.5095,1.6364,1.5840
245,245000,18.712289,B,false,12407,7767,3.7465,0.0000,110.8016,0.2243,-0.0629,2.8483,2.0434,0.7384,4014,3753,true,0.2079,0.3072,0.0199,0.0000,0.4880,0.0865,0.0000,0.0000,5.7164,6.8905,12.9016,16.0313,0.0000,5.5380,6.0748,5.6396
246,246000,18.788666,B,false,9130,7828,1.6741,0.0000,51.9483,0.0232,0.0165,1.2143,0.9402,0.7818,3962,3866,true,0.0591,0.3961,0.0000,0.0000,0.1421,0.0282,0.0000,0.0000,2.0345,3.1156,5.6976,7.2703,0.0000,2.4365,2.5171,2.8192
247,247000,18.865042,P,false,33842,3991,5.3812,0.0000,122.0822,-2.6931,0.0079,4.4725,2.5616,0.6645,0,3991,true,0.5816,0.9976,0.0808,0.0142,0.9198,0.3480,0.0039,0.0149,8.1547,17.4641,23.4353,36.9845,0.0130,1.2983,10.6212,6.9182
248,248000,18.941419,B,false,8795,7945,1.4354,0.0000,53.1272,-0.0584,0.0963,0.9458,0.9277,0.7782,4039,3906,true,0.0490,0.2553,0.0037,0.0000,0.1063,0.0102,0.0000,0.0035,1.4909,2.8140,3.8303,4.2251,0.0000,3.2187,3.4102,2.3923
249,249000,19.017796,P,false,18759,4221,3.2514,0.0000,91.1215,-1.9091,-0.4123,2.2409,2.0102,0.6411,0,4221,true,0.2512,0.6580,0.0754,0.0034,0.4662,0.1113,0.0000,0.0157,3.5586,7.7198,10.5684,10.5717,0.0000,5.1300,5.6306,6.1355
250,250000,19.094172,I,true,281003,0,0.0000,0.0000,0.0000,0.0000,0.0000,0.0000,0.0000,0.0000,0,0,false,0.0000,0.0000,0.0000,0.0000,0.0000,0.0000,0.0000,0.0000,0.0000,0.0000,0.0000,0.0000,0.0000,0.0000,0.0000,0.0000
251,251000,19.170549,B,false,9284,7562,1.9461,0.0000,56.2189,-0.2314,-0.0660,1.0719,1.4179,0.7485,3655,3907,true,0.1933,0.1705,0.0071,0.0000,0.0687,0.0734,0.0000,0.0000,1.8455,3.2220,4.5625,4.4753,0.0000,4.0367,6.5206,4.3858
252,252000,19.246926,B,false,13392,6029,3.7638,0.0000,64.2573,0.5140,0.2795,2.4493,2.5202,0.6880,4334,1695,true,0.1729,0.6082,0.0343,0.0019,0.0896,0.2659,0.0000,0.0027,3.3834,6.3989,8.1221,7.5955,0.0000,6.7781,10.0631,5.9769
253,253000,19.323303,B,false,5993,7452,1.5975,0.0000,68.9937,-0.1051,-0.1557,1.0264,1.0801,0.7932,3736,3716,true,0.0275,0.2387,0.0051,0.0000,0.0058,0.0500,0.0000,0.0000,1.5048,2.6294,3.1863,4.9851,0.0000,1.9777,7.6348,3.3708
254,254000,19.399679,P,false,57508,3861,2.8863,0.0000,104.7512,-0.8934,-0.5524,1.6129,2.0779,0.6247,0,3861,true,0.5478,1.2369,0.1554,0.0799,0.4447,0.5725,0.0319,0.2015,2.6395,3.2403,10.8447,8.2078,0.0266,8.4194,12.4073,12.4118
255,255000,19.476056,B,false,9369,7978,1.8487,0.0000,47.4131,-0.1938,-0.1405,1.2397,1.1995,0.7755,3880,4098,true,0.1169,0.4385,0.0250,0.0000,0.0063,0.0831,0.0000,0.0000,0.9926,1.9814,5.0084,6.8557,0.0000,1.9072,6.7904,3.7224
256,256000,19.552433,B,false,12334,7710,3.3520,0.0000,103.5646,-0.2587,-0.3105,2.0370,2.3464,0.7433,3983,3727,true,0.2406,0.9265,0.0610,0.0000,0.0505,0.1643,0.0005,0.0000,2.0371,4.0334,12.5593,12.8967,0.0000,2.4440,11.6368,5.8402
257,257000,19.628809,B,false,7930,7697,1.5411,0.0000,85.1179,-0.1708,0.0038,0.7900,1.1938,0.7847,3991,3706,true,0.2669,0.5582,0.0178,0.0000,0.0188,0.0487,0.0000,0.0000,0.5245,1.8472,6.7563,6.2245,0.0000,0.6143,6.5669,1.5813
258,258000,19.705186,P,false,33631,4068,4.4884,0.0000,100.9954,0.3246,0.9809,2.6202,3.2017,0.6654,0,4068,true,0.6216,2.2141,0.2942,0.0336,0.1832,0.5246,0.0074,0.0466,3.6883,6.0762,28.6723,21.3176,0.0010,0.5161,10.4568,11.3392
259,259000,19.781563,B,false,8524,7709,1.2593,0.0000,38.2500,-0.1049,-0.1125,0.5350,1.0379,0.7917,3764,3945,true,0.2469,0.7819,0.0015,0.0000,0.0193,0.0723,0.0000,0.0000,0.7561,2.4864,4.8993,5.4082,0.0000,0.0436,3.4767,2.0745
260,260000,19.857939,B,false,12174,7938,2.9700,0.0000,151.1417,-0.4588,-0.0774,1.5854,2.1577,0.7498,3944,3994,true,0.6552,1.1070,0.0225,0.0000,0.0868,0.2310,0.0000,0.0000,1.8204,7.4917,9.7975,10.7632,0.0000,0.2037,7.3196,8.1876
261,261000,19.934316,B,false,8869,7676,1.6856,0.0000,51.5461,-0.0618,-0.0981,1.0180,1.0961,0.7737,3850,3826,true,0.4073,0.8807,0.0239,0.0000,0.0397,0.1197,0.0000,0.0000,1.0569,4.0254,4.8382,5.7438,0.0000,0.0416,4.0245,6.2812
262,262000,20.010693,P,false,32588,3970,5.0630,0.0000,94.0618,1.9994,0.7185,2.7463,3.6856,0.6778,0,3970,true,1.4782,2.6350,0.1385,0.0032,0.2925,0.6442,0.0010,0.0011,2.8106,7.3262,26.1932,18.3516,0.0011,0.1998,10.9452,18.2026
263,263000,20.087069,B,false,11534,6645,2.1378,0.0000,64.3593,-0.0001,-0.1472,1.5419,1.0040,0.7378,2444,4201,true,0.4961,0.9612,0.0761,0.0000,0.0645,0.1736,0.0000,0.0000,0.8074,2.6366,4.2472,7.9360,0.0000,0.0151,4.8813,11.5383
264,264000,20.163446,B,false,8768,7350,2.4317,0.0000,59.8174,-0.3387,-0.0290,1.8856,0.9899,0.7380,4131,3219,true,0.5027,1.0801,0.0032,0.0000,0.0748,0.1704,0.0000,0.0153,0.5948,2.8273,4.4073,8.2722,0.0000,0.0089,7.3553,13.1359
265,265000,20.239823,P,false,106223,5015,4.4526,0.0000,97.4660,2.1693,0.6294,3.2369,2.0635,0.6062,0,5015,true,1.0672,2.4754,0.2728,0.0858,0.2619,0.5663,0.3862,0.2250,1.7781,6.2207,15.2699,36.5184,0.1556,0.2090,10.5625,33.4202
266,266000,20.316199,B,false,5126,7279,0.9845,0.0000,62.5799,0.0355,-0.0419,0.8386,0.3111,0.8071,3289,3990,true,0.1802,0.5047,0.0113,0.0000,0.0388,0.0634,0.0000,0.0000,0.2363,1.0134,2.1717,4.1755,0.0000,0.0008,1.3739,6.3376
267,267000,20.392576,B,false,11482,7717,2.9678,0.0000,97.2760,-0.1280,-0.1541,2.5060,1.0916,0.7823,4111,3606,true,0.5173,1.2902,0.0400,0.0000,0.1352,0.3106,0.0000,0.0006,1.0087,3.9102,8.4777,16.1410,0.0000,0.0000,5.4244,14.6948
268,268000,20.468953,B,false,5671,7268,1.2738,0.0000,56.0000,0.1691,0.0631,1.0373,0.5443,0.8213,3408,3860,true,0.2175,0.6431,0.0247,0.0000,0.0495,0.0962,0.0000,0.0006,0.3395,1.7220,3.8227,7.2606,0.0000,0.0000,1.7996,5.9431
269,269000,20.545330,P,false,30415,3839,4.4979,0.0000,126.2700,1.2272,0.9622,3.4761,2.1086,0.7004,0,3839,true,1.6924,2.8523,0.2630,0.0022,0.4121,0.9743,0.0071,0.0065,2.4904,5.2514,25.0526,21.1799,0.0021,0.0224,8.4467,22.3540
270,270000,20.621706,B,false,5956,7447,1.1366,0.0000,27.7500,0.0627,0.0122,0.9326,0.5062,0.8133,3487,3960,true,0.1489,0.5636,0.0252,0.0000,0.0517,0.0426,0.0000,0.0006,0.4249,1.7624,2.4241,7.1926,0.0000,0.0000,0.7315,4.1119
271,271000,20.698083,B,false,10867,7894,2.6926,0.0000,83.7351,-0.0088,0.1196,2.1992,1.2565,0.7729,3881,4013,true,0.5133,1.0163,0.1200,0.0000,0.0946,0.0924,0.0000,0.0012,1.0955,4.6718,4.2662,14.9176,0.0000,0.0000,1.8284,10.0583
272,272000,20.774460,B,false,7136,7666,1.3068,0.0000,37.4541,-0.0440,0.1097,1.0407,0.6162,0.8047,3676,3990,true,0.2428,0.5543,0.0529,0.0000,0.0782,0.0325,0.0000,0.0000,0.6632,3.0091,1.7191,8.4616,0.0000,0.0000,0.8498,4.7307
273,273000,20.850836,P,false,26644,4048,3.6984,0.0000,207.4309,1.7656,-0.2751,2.8536,1.8604,0.6690,0,4048,true,1.5639,3.0250,0.4370,0.0011,0.5887,0.3984,0.0069,0.0212,2.3576,5.5535,9.6771,39.0967,0.0151,0.0693,2.0191,11.2359
274,274000,20.927213,B,false,8967,6243,1.4430,0.0000,50.2755,0.3290,-0.2054,1.1200,0.7336,0.7591,2246,3997,true,0.3427,0.6431,0.1042,0.0000,0.0692,0.0182,0.0008,0.0014,0.7262,3.5946,1.9732,7.6144,0.0000,0.0000,0.3155,2.9096
275,275000,21.003590,B,false,12407,6165,3.7935,0.0000,78.3697,-0.4539,0.2640,2.9524,1.9239,0.7048,4110,2055,true,0.7990,1.4114,0.2674,0.0008,0.1980,0.0994,0.0054,0.0745,2.2480,9.0424,5.0370,18.2164,0.0000,0.0000,0.9601,8.0387
276,276000,21.079966,B,false,6670,7112,1.3244,0.0000,49.6412,-0.2544,0.0682,1.0464,0.6257,0.8148,3930,3182,true,0.2168,0.7171,0.1341,0.0000,0.0725,0.0834,0.0000,0.0058,0.7206,4.8397,2.3703,9.2434,0.0000,0.0000,0.0680,2.1770
277,277000,21.156343,P,false,70369,4280,3.4745,0.0000,97.0187,2.1386,-1.1044,2.5489,2.0350,0.6187,0,4280,true,0.9887,2.3215,0.7596,0.1592,0.3249,0.2963,0.0669,0.9553,1.3462,2.7977,9.5233,57.5838,0.0965,0.1069,0.8329,4.7181
278,278000,21.232720,B,false,9374,7097,2.3113,0.0000,77.4310,-0.1226,-0.1309,1.8271,0.9559,0.7903,3942,3155,true,0.3180,0.9718,0.1085,0.0029,0.0568,0.1899,0.0000,0.2398,0.4470,9.7205,8.2778,11.3168,0.0000,0.0000,0.0650,0.8533
279,279000,21.309096,B,false,11513,7222,3.1815,0.0000,117.1764,-0.5809,-0.0642,2.4454,1.4405,0.7681,3556,3666,true,0.4110,1.1819,0.0788,0.0020,0.1032,1.7157,0.1833,0.4049,0.4839,11.5653,11.0977,19.0625,0.0000,0.0000,0.0073,0.6158
280,280000,21.385473,B,false,6639,5546,1.8705,0.0000,92.7793,0.0206,-0.0723,1.4050,0.8311,0.7515,3849,1697,true,0.1984,0.4735,0.0253,0.0011,0.0642,1.7677,0.1428,0.2200,0.4189,5.7308,6.3410,7.2764,0.0000,0.0000,0.0280,0.0637
281,281000,21.461850,P,false,75347,5023,5.0226,0.0000,169.9575,2.8818,0.1964,3.5232,2.6183,0.5658,0,5023,true,1.1664,4.1749,0.3592,0.1595,0.4091,5.1640,1.4634,0.2391,1.0750,13.0073,27.7024,59.9375,0.0483,0.1284,0.2619,1.4841
282,282000,21.538227,B,false,8400,7506,1.9799,0.0000,85.7103,-0.2131,-0.0687,1.6221,0.6287,0.8207,3778,3728,true,0.1861,0.8684,0.0682,0.0000,0.0693,4.7823,0.1811,0.4190,0.6463,5.5600,7.6485,11.8289,0.0000,0.0000,0.0035,0.4171
283,283000,21.614603,B,false,11555,7581,3.2488,0.0000,170.6766,0.0155,-0.0547,2.6887,1.0150,0.7895,4009,3572,true,0.4837,1.1478,0.0101,0.0012,0.2860,8.8983,0.2461,1.4873,0.6702,6.4839,9.0522,22.8656,0.0000,0.0000,0.0034,0.2797
284,284000,21.690980,B,false,6107,7505,1.3805,0.0000,38.1854,-0.1046,0.0546,1.1700,0.4096,0.8278,3627,3878,true,0.3412,0.6371,0.0099,0.0000,0.3603,6.3219,0.2003,0.8335,0.4185,1.5627,3.0952,10.0968,0.0000,0.0000,0.0030,0.0192
285,285000,21.767357,P,false,41239,4125,3.9472,0.0000,117.0523,2.0681,0.9982,2.9564,1.6710,0.6642,0,4125,true,1.0414,1.6744,0.2343,0.0192,0.4696,2.0751,0.0425,1.4341,0.5095,8.9849,17.6213,63.5804,0.0599,0.0075,0.1086,1.9910
286,286000,21.843733,B,false,7819,7230,1.4487,0.0000,62.2545,-0.4811,-0.0297,1.2481,0.4656,0.7841,3699,3531,true,0.3743,0.6880,0.0077,0.0013,0.4820,6.3895,1.0039,0.6229,0.3293,0.8419,2.8957,10.0153,0.0017,0.0000,0.0140,0.0126
287,287000,21.920110,P,false,105469,5156,3.4172,0.0000,139.1708,1.8448,0.3412,2.8059,1.3040,0.5134,0,5156,true,0.6392,1.9013,0.3085,0.1152,0.7509,14.9055,2.9575,4.0273,0.6422,3.7618,7.7364,29.9951,0.1463,0.1171,0.9158,2.2432
288,288000,21.996487,B,false,5707,7580,1.3600,0.0000,93.7500,-0.0603,0.0134,1.1943,0.4566,0.8235,3783,3797,true,0.2358,0.7115,0.0005,0.0000,0.2801,7.0611,2.1506,1.5000,0.1489,1.0089,2.4360,6.6500,0.0000,0.0000,0.0000,0.0005
289,289000,22.072863,B,false,12635,7762,2.3046,0.0000,102.8500,0.1609,0.1331,2.0070,0.7875,0.7922,3957,3805,true,0.3943,1.7198,0.0079,0.1540,0.2070,11.0749,4.7280,3.0770,0.2046,3.1100,5.4347,9.9632,0.0006,0.0000,0.0047,0.0000
290,290000,22.149240,B,false,6085,7543,1.2225,0.0000,69.0548,0.0303,0.0606,1.1017,0.3529,0.8063,3897,3646,true,0.1496,0.8387,0.0326,0.0025,0.0775,7.1339,2.7001,1.2031,0.1731,1.9515,2.6726,3.2867,0.0000,0.0000,0.0409,0.0005
291,291000,22.225617,P,false,36972,4275,4.6451,0.0000,212.6241,0.8060,0.4151,3.9914,1.6851,0.6374,0,4275,true,0.6874,4.6860,0.4545,0.3405,0.5874,5.1182,5.1519,11.9012,0.8781,8.7377,14.9486,28.6393,0.0108,0.0036,0.2417,0.0908
292,292000,22.301993,B,false,5467,7509,1.2297,0.0000,53.8516,0.0078,0.0756,1.0457,0.5441,0.8227,3775,3734,true,0.0565,0.5456,1.2249,0.0130,0.0241,4.9334,4.7332,2.2228,0.1905,1.8831,2.3675,1.4953,0.0000,0.0000,0.0528,0.0005
293,293000,22.378370,B,false,13243,7620,2.8282,0.0000,110.2908,0.2990,0.0464,2.2131,1.5008,0.7682,3822,3798,true,0.1426,1.0459,6.3903,0.5621,0.0965,8.0989,10.3685,4.1019,0.5918,5.2566,4.8005,4.6517,0.0000,0.1385,0.2012,0.0011
294,294000,22.454747,B,false,6658,7513,1.8038,0.0000,86.1427,-0.0024,0.0540,1.3651,1.0152,0.7954,3828,3685,true,0.0713,1.8099,4.3423,0.1118,0.0306,4.2073,7.3778,2.4111,0.3686,2.3437,2.8770,2.4425,0.0000,0.2586,0.2498,0.0005
295,295000,22.531124,P,false,30098,3888,3.3136,0.0000,136.5341,-0.9979,0.2947,2.4638,1.9197,0.6767,0,3888,true,0.3832,2.6965,0.8397,1.4823,0.2910,0.5797,2.8684,6.0498,1.3776,12.2038,14.2530,9.0709,0.0033,1.2106,0.9105,0.0053
296,296000,22.607500,B,false,8746,6904,1.5528,0.0000,64.0000,0.1270,-0.1880,1.1568,0.7575,0.7656,3090,3814,true,0.2881,1.9850,6.4751,0.3872,0.0479,1.3664,2.9347,2.6606,0.3959,1.5732,2.0237,4.4993,0.0000,0.1325,0.1879,0.0020
297,297000,22.683877,B,false,12852,6806,2.4701,0.0000,112.0028,-0.3581,0.0520,1.8434,1.1135,0.7709,4103,2703,true,0.4701,3.5716,13.8698,0.5037,0.1407,0.3202,6.4719,3.7949,0.7654,3.0873,3.0649,7.1821,0.0006,0.4272,0.2560,0.0065
298,298000,22.760254,B,false,6523,7113,1.2683,0.0000,84.7500,0.2152,0.0067,1.0031,0.4623,0.8151,3868,3245,true,0.3309,2.7005,7.5162,0.8865,0.0999,0.0062,1.1445,1.1639,0.2595,1.1385,1.0804,2.0007,0.0000,0.2140,0.0480,0.0000
299,299000,22.836630,P,false,75213,4157,3.8958,0.0000,148.6796,0.4676,0.2679,2.5416,2.1842,0.5901,0,4157,true,0.8426,8.0452,15.1823,0.4271,0.3483,0.5570,0.8854,6.8712,2.0531,8.2905,10.7226,23.1308,0.0111,1.4146,0.5716,0.4830
300,300000,22.913007,B,false,7420,7453,1.2447,0.0000,59.6626,0.0198,-0.0648,0.8935,0.5453,0.8170,3780,3673,true,0.3097,1.8787,9.6123,1.3258,0.0907,0.0176,0.2974,1.2050,0.3093,1.9510,1.0490,1.9487,0.0000,0.2787,0.1402,0.0022
301,301000,22.989384,B,false,11227,7622,2.1473,0.0000,125.2280,0.4058,-0.1629,1.4257,1.0973,0.7900,3872,3750,true,0.3925,3.2897,14.8248,1.8837,0.2524,0.0337,0.0000,3.1003,0.6353,4.4175,2.1712,3.2932,0.0000,0.8649,0.0021,0.0000
302,302000,23.065760,B,false,6931,7452,0.9715,0.0000,73.6359,0.1554,-0.0164,0.6719,0.4861,0.8366,3590,3862,true,0.1152,1.3351,6.3114,1.7003,0.0980,0.0156,0.0000,1.6751,0.3837,2.1621,0.8206,0.9588,0.0000,0.1863,0.0007,0.0000
303,303000,23.142137,P,false,32034,4132,3.0016,0.0000,124.0204,0.7141,0.5911,1.3958,2.2021,0.6779,0,4132,true,1.0830,3.1601,11.6240,2.7908,0.4570,0.2533,0.3649,2.1548,1.6666,12.3653,4.1535,9.5811,0.0723,1.3417,0.0646,0.0897
304,304000,23.218514,B,false,5751,7182,0.4341,0.0000,43.5660,0.0827,-0.0004,0.2876,0.2365,0.8601,3245,3937,true,0.0775,0.5349,2.6001,1.3583,0.1065,0.0094,0.0000,0.2697,0.2383,0.8981,0.5303,0.5927,0.0000,0.1362,0.0040,0.0000
305,305000,23.294890,B,false,9646,7578,1.1025,0.0000,112.0000,0.1210,0.1255,0.7160,0.6362,0.8237,3940,3638,true,0.8073,1.9656,8.1628,1.1812,0.4981,0.0663,0.0000,0.1101,1.0490,2.6307,1.7814,0.2875,0.0006,0.3408,0.0020,0.0005
306,306000,23.371267,B,false,4283,7192,0.3503,0.0000,25.3476,0.0228,0.0222,0.2230,0.2143,0.8743,3295,3897,true,0.2637,0.7162,2.3896,0.6281,0.0718,0.0119,0.0000,0.0086,0.1983,0.8845,0.6334,0.0918,0.0000,0.0324,0.0005,0.0000
307,307000,23.447644,P,false,32317,4104,2.2172,0.0000,100.7475,0.2505,0.5464,1.2514,1.4913,0.6930,0,4104,true,1.8477,3.7029,2.2379,4.6259,0.8268,0.3714,0.0041,0.6623,2.1394,5.8156,7.9286,4.0866,0.0011,0.4109,0.0154,0.0417
308,308000,23.524020,B,false,6364,6879,0.6748,0.0000,26.9537,-0.0790,0.0698,0.5192,0.3252,0.8266,3937,2942,true,0.8787,1.3336,3.7183,0.9575,0.2889,0.0816,0.0000,0.1230,0.8863,1.3607,0.8461,0.4364,0.0000,0.1172,0.0000,0.0000
309,309000,23.600397,B,false,10351,7018,1.1487,0.0000,51.0000,-0.0810,0.0326,0.9043,0.5148,0.7947,4138,2880,true,1.4551,2.2552,2.3394,1.2546,0.5023,0.1862,0.0006,0.5095,2.0770,3.4805,1.0942,1.7393,0.0000,0.4188,0.0024,0.0006
310,310000,23.676774,B,false,5919,7419,0.4519,0.0000,24.3542,-0.0216,-0.0288,0.3615,0.1891,0.8574,3554,3865,true,0.6680,1.0158,0.5665,0.5683,0.2082,0.0619,0.0000,0.0859,0.9893,1.9195,0.2664,0.5320,0.0000,0.2174,0.0005,0.0000
311,311000,23.753151,P,false,47955,4192,2.8805,0.0000,96.4252,0.2022,0.3080,2.1951,1.4407,0.6057,0,4192,true,2.3169,5.3288,4.1837,3.2055,0.7965,0.4056,0.1958,1.4432,4.6044,8.2964,6.2867,6.7056,0.0026,1.6869,0.1000,0.3112
312,312000,23.829527,B,false,4087,7631,0.3653,0.0000,22.1501,0.0197,-0.0516,0.2696,0.1932,0.8684,3979,3652,true,0.3928,0.5236,0.4509,0.2124,0.1454,0.0505,0.0000,0.2191,0.6058,1.1538,0.5691,1.0684,0.0000,0.4746,0.0020,0.0000
313,313000,23.905904,B,false,8429,7692,0.6792,0.0000,39.0032,-0.1365,0.1045,0.5103,0.3524,0.8257,3850,3842,true,0.3127,0.9552,1.0321,0.5104,0.2087,0.0740,0.0000,0.4720,0.8927,2.5799,0.7379,2.1384,0.0011,0.7432,0.0030,0.0005
314,314000,23.982281,B,false,2105,6844,0.1319,0.0000,26.2512,-0.0202,0.0260,0.0917,0.0716,0.8985,3070,3774,true,0.0638,0.4621,0.4337,0.3116,0.0419,0.0254,0.0000,0.0553,0.0774,0.2676,0.2134,0.2246,0.0023,0.0749,0.0005,0.0000
315,315000,24.058657,P,false,22326,4267,2.1600,0.0000,67.7542,0.1747,0.5448,1.6510,1.0752,0.6726,0,4267,true,1.6761,3.1227,3.9965,3.6605,0.6351,0.2443,0.0177,2.1984,2.8574,4.4458,2.6383,6.3691,0.0000,1.7441,0.0146,0.0111
316,316000,24.135034,B,false,4578,7491,0.4604,0.0000,38.5000,-0.0406,0.0053,0.3508,0.2211,0.8686,3645,3846,true,0.3377,0.6989,2.6072,1.6679,0.0270,0.0105,0.0000,0.1291,0.4884,0.6421,0.5162,0.3295,0.0000,0.2871,0.0000,0.0000
317,317000,24.211411,B,false,9239,7145,0.8818,0.0000,72.6744,-0.0369,0.0636,0.6330,0.4615,0.8343,3228,3917,true,0.7453,0.7925,6.7920,2.1386,0.0639,0.0272,0.0000,0.3115,1.0225,2.1633,0.6672,1.1365,0.0006,0.6202,0.0005,0.0000
318,318000,24.287787,B,false,4906,6420,0.6048,0.0000,49.6292,0.0558,0.1251,0.4335,0.3183,0.8612,3873,2547,true,0.2253,0.2985,3.3532,2.9994,0.1030,0.0112,0.0000,0.0557,0.7184,1.5119,0.1788,0.1652,0.0000,0.4683,0.0005,0.0000
319,319000,24.364164,P,false,30839,4078,1.7009,0.0000,71.6436,0.2265,0.2466,1.3434,0.7896,0.6672,0,4078,true,1.6413,1.4262,4.3934,5.5127,0.3473,0.1677,0.0320,1.2637,1.8941,4.0829,3.7378,3.5402,0.0000,0.8942,0.1090,0.0801
320,320000,24.440541,B,false,4917,4536,0.8612,0.0000,34.7500,-0.0028,0.0371,0.5099,0.5423,0.8038,3963,573,true,0.1242,0.3759,3.2379,3.7869,0.1070,0.0023,0.0000,0.1047,0.8577,1.9399,0.1772,0.1849,0.0000,0.4032,0.0010,0.0000
321,321000,24.516917,B,false,12122,5216,1.5808,0.0000,80.6047,0.2524,0.1815,0.9537,1.0776,0.7410,4073,1143,true,0.3878,0.6612,6.9230,4.6689,0.3045,0.0333,0.0290,0.3253,1.8626,4.7484,0.5929,0.9734,0.0000,0.4179,0.0028,0.0124
322,322000,24.593294,B,false,5769,7530,0.8298,0.0000,57.5049,0.0090,0.0095,0.4621,0.6063,0.8680,3640,3890,true,0.1236,0.3925,5.3056,4.4409,0.1034,0.0029,0.0000,0.1015,1.1709,1.9235,0.1235,0.2805,0.0000,0.1763,0.0000,0.0011
323,323000,24.669671,P,false,170091,5775,1.1445,0.2500,82.7625,0.0067,-0.0695,0.7852,0.6291,0.4113,0,5775,true,0.6536,1.1915,3.2282,2.4020,0.5269,0.6295,0.2843,0.8581,1.3656,2.8964,1.7849,3.4640,0.1956,0.2811,0.4018,1.2949
324,324000,24.746048,B,false,4405,7460,0.6365,0.0000,41.6923,0.0539,0.0822,0.2703,0.5131,0.8798,3676,3784,true,0.0930,0.1827,3.1662,4.0276,0.0331,0.0053,0.0000,0.0765,0.6531,1.1658,0.2173,0.1011,0.0000,0.0000,0.0015,0.0000
325,325000,24.822424,B,false,5635,7541,0.9095,0.0000,65.7272,0.0739,0.1374,0.4048,0.7364,0.8545,3940,3601,true,0.2467,0.2424,4.3183,5.9979,0.0805,0.0132,0.0000,0.1596,1.1777,1.3501,0.1173,0.4483,0.0000,0.0000,0.0028,0.0005
326,326000,24.898801,B,false,3448,7362,0.3699,0.0000,32.2742,0.0097,-0.0432,0.1472,0.3055,0.8942,3714,3648,true,0.0687,0.0841,1.5489,2.5846,0.0171,0.0000,0.0053,0.0783,0.3677,0.5708,0.3006,0.2492,0.0000,0.0000,0.0000,0.0005
327,327000,24.975178,P,false,24198,4484,2.2147,0.0000,107.4948,-0.0743,-1.1719,1.0355,1.7351,0.6742,0,4484,true,0.7304,1.2292,6.4100,18.2380,0.3026,0.0910,0.0077,0.5204,2.2081,4.4908,0.5845,1.5824,0.0127,0.0160,0.0686,0.0278
328,328000,25.051554,B,false,5770,6151,0.4511,0.0000,44.6689,-0.0289,-0.0974,0.2198,0.3390,0.8473,2372,3779,true,0.1098,0.3402,1.1733,2.6768,0.0602,0.0020,0.0098,0.1833,0.5212,0.6129,0.1150,0.7102,0.0000,0.0000,0.0062,0.0007
329,329000,25.127931,P,false,51555,5282,1.2162,0.0000,69.2662,-0.1183,-0.5282,0.6309,0.8892,0.5742,0,5282,true,0.6151,0.8979,2.5535,7.2658,0.2462,0.1445,0.1016,0.7062,1.2681,1.6160,1.7707,2.0358,0.0373,0.0206,0.2892,0.3456
330,330000,25.204308,B,false,4075,5346,0.3635,0.0000,12.7475,0.0109,0.0118,0.1939,0.2485,0.8360,3816,1530,true,0.1025,0.6623,0.5989,1.2933,0.1029,0.0021,0.0085,0.2686,0.6619,0.7157,0.0067,0.4534,0.0000,0.0000,0.0000,0.0000
331,331000,25.280684,B,false,5897,5714,0.6558,0.0000,41.8158,-0.0200,-0.0438,0.3371,0.4757,0.7877,4082,1632,true,0.1710,0.9540,0.9278,1.9221,0.3134,0.0180,0.0049,0.4322,1.2185,1.6033,0.0719,1.0397,0.0000,0.0000,0.0008,0.0008
332,332000,25.357061,B,false,3570,7489,0.1871,0.0000,8.7821,-0.0069,-0.0044,0.1014,0.1287,0.8942,3847,3642,true,0.0552,0.3184,0.2111,0.5101,0.1163,0.0091,0.0000,0.0978,0.7568,0.4475,0.0119,0.2967,0.0000,0.0000,0.0000,0.0000
333,333000,25.433438,P,false,65902,5630,1.0366,0.0000,38.1527,0.0424,-0.3649,0.5087,0.7654,0.6647,0,5630,true,0.4364,1.1233,1.6017,4.1372,0.2166,0.1098,0.0558,0.8105,2.4824,2.0296,0.2887,3.3339,0.0447,0.0721,0.0872,0.1345
334,334000,25.509814,B,false,2165,7199,0.1247,0.0000,12.2091,-0.0061,0.0014,0.0858,0.0756,0.9196,3774,3425,true,0.0156,0.2582,0.0125,0.0894,0.1053,0.0017,0.0011,0.0721,0.7338,0.2940,0.0037,0.2118,0.0000,0.0000,0.0000,0.0006
335,335000,25.586191,B,false,5410,7277,0.2996,0.0000,18.7916,-0.0405,-0.0079,0.2067,0.1745,0.8844,3717,3560,true,0.0486,0.4575,0.1814,0.5293,0.1612,0.0207,0.0006,0.2062,1.4894,0.7162,0.0047,0.5384,0.0000,0.0000,0.0000,0.0006
336,336000,25.662568,B,false,2110,7401,0.1482,0.0000,6.0828,-0.0085,-0.0134,0.0892,0.0968,0.9039,3647,3754,true,0.0308,0.2195,0.2904,0.5268,0.0767,0.0043,0.0022,0.0891,0.6522,0.2595,0.0006,0.1451,0.0000,0.0000,0.0000,0.0000
337,337000,25.738944,P,false,18304,4557,0.9657,0.0000,35.5563,0.2817,0.1671,0.6461,0.5860,0.6956,0,4557,true,0.3470,1.3624,1.3001,2.5118,0.4156,0.1151,0.0312,0.6098,2.8785,2.4112,0.3597,2.1024,0.0071,0.0067,0.0315,0.0698
338,338000,25.815321,B,false,2674,6379,0.3039,0.0000,22.8158,0.0107,0.0270,0.1555,0.2054,0.9033,3740,2639,true,0.0829,0.0737,0.9698,1.6453,0.0706,0.0026,0.0058,0.1055,0.7773,0.5437,0.0000,0.2476,0.0000,0.0000,0.0000,0.0000
339,339000,25.891698,B,false,6171,6892,0.6146,0.0000,34.4384,0.1098,0.1908,0.3644,0.4037,0.8595,3068,3824,true,0.2273,0.3879,2.5564,3.1557,0.0626,0.0253,0.0269,0.2317,1.3377,1.0837,0.0042,0.6888,0.0000,0.0000,0.0000,0.0006
340,340000,25.968075,B,false,3162,6285,0.3719,0.0000,40.0281,-0.0157,0.0397,0.2138,0.2385,0.8799,2538,3747,true,0.0880,0.2783,1.9476,1.6948,0.0156,0.0013,0.0548,0.0299,0.8730,0.6188,0.0019,0.1511,0.0000,0.0000,0.0000,0.0000
341,341000,26.044451,P,false,60457,5069,1.3180,0.0000,57.5853,0.3841,0.4227,0.8157,0.8006,0.6492,0,5069,true,0.4874,1.0693,5.4342,5.8670,0.3350,0.1384,0.1133,0.9129,3.1356,2.5559,0.1797,2.0393,0.0273,0.0202,0.1641,0.1896
342,342000,26.120828,B,false,3276,5079,0.6296,0.0000,45.9245,0.0093,-0.0185,0.3293,0.4293,0.8724,3790,1289,true,0.1854,0.3865,2.4199,2.6354,0.0325,0.0000,0.0000,0.0788,1.4675,0.9263,0.0000,0.3062,0.0000,0.0000,0.0000,0.0000
343,343000,26.197205,B,false,7208,5041,1.2467,0.0000,82.7500,0.1919,0.1138,0.7473,0.7392,0.8217,3858,1183,true,0.6522,0.8501,6.1167,2.7811,0.1664,0.0075,0.0000,0.2369,2.5995,2.2422,0.0026,0.7863,0.0000,0.0000,0.0014,0.0045
344,344000,26.273581,B,false,3510,7469,0.5126,0.0000,53.6528,0.0637,0.0675,0.2829,0.3461,0.8962,3765,3704,true,0.2530,0.3635,4.1382,1.6605,0.0733,0.0011,0.0000,0.0328,1.1366,0.5488,0.0000,0.1891,0.0000,0.0000,0.0000,0.0000
345,345000,26.349958,P,false,66157,5205,0.7488,0.0000,59.5000,0.0916,0.0705,0.5180,0.4186,0.7295,0,5205,true,0.5965,1.3537,3.1178,2.8020,0.3527,0.0879,0.0361,0.4042,1.1300,1.3786,0.1231,2.2227,0.0811,0.0295,0.0884,0.1824
346,346000,26.426335,B,false,2771,7358,0.2709,0.0000,41.3038,0.0290,0.0260,0.1693,0.1628,0.9190,3655,3703,true,0.1792,0.3023,2.0692,0.9244,0.0607,0.0034,0.0000,0.0059,0.3188,0.2326,0.0000,0.1529,0.0000,0.0000,0.0000,0.0000
347,347000,26.502711,B,false,5835,7090,0.6107,0.0000,43.3539,0.1602,-0.1422,0.4013,0.3616,0.8828,3776,3314,true,0.3413,1.6870,4.2111,2.1177,0.2841,0.0096,0.0000,0.0726,0.6154,0.3891,0.0000,0.2714,0.0000,0.0000,0.0000,0.0006
348,348000,26.579088,B,false,3566,7347,0.3308,0.0000,34.1550,0.0315,0.0473,0.1666,0.2264,0.9021,3669,3678,true,0.1410,1.0570,2.3958,0.9792,0.1323,0.0132,0.0000,0.0792,0.2316,0.1299,0.0000,0.0753,0.0000,0.0000,0.0000,0.0000
349,349000,26.655465,P,false,19466,4097,0.8107,0.0000,65.2845,0.0010,0.2181,0.5593,0.4441,0.7833,0,4097,true,0.9882,2.0571,5.1593,0.8553,0.4432,0.0692,0.0030,0.1646,1.3986,1.0166,0.0263,1.2911,0.0031,0.0041,0.0168,0.0182
350,350000,26.731841,B,false,3348,7205,0.2246,0.0000,17.2500,-0.0313,0.0021,0.1596,0.1049,0.8967,3559,3646,true,0.1634,0.7598,1.2077,0.6649,0.0922,0.0090,0.0000,0.0863,0.2627,0.0280,0.0000,0.0940,0.0000,0.0000,0.0000,0.0030
351,351000,26.808218,B,false,6831,6836,0.5553,0.0000,33.2002,-0.1178,0.0699,0.3960,0.2862,0.8410,2909,3927,true,0.4658,1.5569,3.6219,1.2111,0.3405,0.0476,0.0000,0.0561,0.8611,0.1405,0.0013,0.2040,0.0000,0.0000,0.0000,0.0011
352,352000,26.884595,B,false,4711,6697,0.4242,0.0000,37.2777,-0.0075,0.0111,0.3286,0.1866,0.8516,3822,2875,true,0.4596,1.0496,2.3821,1.8502,0.1788,0.0293,0.0000,0.0219,0.5644,0.0740,0.0006,0.1180,0.0000,0.0000,0.0000,0.0000
353,353000,26.960972,P,false,48453,4881,1.0282,0.0000,49.0000,-0.1861,0.3347,0.7580,0.5192,0.6751,0,4881,true,1.5959,3.9430,4.7178,1.3826,0.8482,0.2780,0.0068,0.1184,2.1343,0.4122,0.2446,0.6991,0.0734,0.0283,0.0823,0.1382
354,354000,27.037348,B,false,4369,7565,0.2906,0.0000,26.3783,0.0063,0.0348,0.2217,0.1366,0.8851,3715,3850,true,0.5069,0.8936,1.6869,0.2208,0.1559,0.1046,0.0000,0.0319,0.4521,0.0324,0.0000,0.2781,0.0000,0.0000,0.0000,0.0000
355,355000,27.113725,B,false,6658,7628,0.5858,0.0000,30.9233,0.0056,0.0398,0.4490,0.2663,0.8540,3909,3719,true,0.9679,1.8388,2.5790,0.6715,0.4140,0.1422,0.0084,0.1262,1.0578,0.1187,0.0000,0.6521,0.0000,0.0000,0.0000,0.0011
356,356000,27.190102,B,false,4450,7611,0.3057,0.0000,28.5351,0.0310,0.0108,0.2464,0.1206,0.8881,3722,3889,true,0.6604,1.0036,1.5346,0.3637,0.2173,0.0870,0.0018,0.0503,0.4431,0.0456,0.0000,0.1965,0.0000,0.0000,0.0000,0.0000
357,357000,27.266478,P,false,25542,4325,1.2462,0.0000,73.4319,0.2985,0.2302,0.9236,0.6123,0.7336,0,4325,true,1.4502,3.0801,4.9752,2.1534,1.6498,1.0053,0.1079,0.5858,2.3170,0.4039,0.0469,2.4564,0.0188,0.0055,0.0456,0.0333
358,358000,27.342855,B,false,5529,6635,0.3407,0.0000,43.3655,0.0307,0.0014,0.2563,0.1491,0.8656,3762,2873,true,0.7411,1.1710,0.9480,0.4340,0.1265,0.1825,0.0010,0.0356,0.5674,0.0685,0.0020,0.1780,0.0000,0.0000,0.0015,0.0000
359,359000,27.419232,B,false,6649,7227,0.5227,0.0000,63.7500,0.0266,0.0100,0.3977,0.2390,0.8465,3598,3629,true,1.5078,1.1888,1.9179,0.2946,0.2676,0.2882,0.0011,0.2803,1.0209,0.0735,0.0000,0.4450,0.0000,0.0000,0.0000,0.0008
360,360000,27.495608,B,false,4220,6041,0.2423,0.0000,16.1941,0.0138,-0.0048,0.1859,0.1052,0.8815,3703,2338,true,0.6050,0.5886,0.7109,0.3190,0.1140,0.1109,0.0028,0.1960,0.4875,0.0329,0.0000,0.1301,0.0000,0.0000,0.0000,0.0008
361,361000,27.571985,P,false,51011,5441,0.8348,0.0000,50.3289,-0.0920,0.0420,0.5862,0.4260,0.5958,0,5441,true,2.0290,2.5318,3.3282,1.0803,0.4773,0.6229,0.0660,0.2267,1.6385,0.4181,0.2454,1.1668,0.0475,0.0355,0.1835,0.3057
362,362000,27.648362,B,false,7256,6811,0.4495,0.0000,35.2881,-0.0030,0.0121,0.3167,0.2256,0.8502,3812,2999,true,0.7977,1.1078,1.9547,0.4145,0.2327,0.1657,0.0012,0.3955,0.6641,0.0167,0.0000,0.6580,0.0007,0.0000,0.0000,0.0023
363,363000,27.724738,B,false,6440,7439,0.4630,0.0000,41.2076,0.0695,0.0223,0.3841,0.1784,0.8485,4031,3408,true,0.6156,1.3906,2.2277,0.6163,0.4072,0.2471,0.0000,0.2552,0.7542,0.0412,0.0000,0.3330,0.0000,0.0000,0.0005,0.0011
364,364000,27.801115,B,false,2679,6887,0.2020,0.0000,21.9559,-0.0157,-0.0069,0.1592,0.0788,0.8722,3539,3348,true,0.1832,0.6360,1.1607,0.3004,0.1331,0.1096,0.0006,0.0541,0.2995,0.0156,0.0007,0.1108,0.0000,0.0000,0.0006,0.0031
365,365000,27.877492,P,false,72606,5374,0.8028,0.0000,46.0000,-0.3948,-0.1006,0.6111,0.3762,0.6905,0,5374,true,1.6296,3.1236,1.7913,1.4667,0.5427,0.6174,0.1158,0.7256,0.5531,0.2738,0.3050,2.4191,0.0541,0.0308,0.0825,0.2077
366,366000,27.953868,B,false,3790,7126,0.5100,0.0000,38.7500,-0.0108,-0.0095,0.4565,0.1424,0.8559,3807,3319,true,0.2312,1.1874,4.1203,1.0877,0.2188,0.1403,0.0000,0.0278,0.3507,0.0766,0.0000,0.1349,0.0000,0.0000,0.0000,0.0000
367,367000,28.030245,B,false,6481,7258,0.8419,0.0000,77.0000,-0.0085,0.0208,0.7582,0.2300,0.8374,3906,3352,true,0.4527,1.7428,7.7730,1.8777,0.1316,0.1638,0.0000,0.0820,0.8065,0.2809,0.0006,0.3082,0.0000,0.0000,0.0005,0.0011
368,368000,28.106622,B,false,2903,7396,0.3883,0.0000,29.7258,0.0453,0.0024,0.3464,0.1094,0.8844,3618,3778,true,0.1934,0.9173,3.8279,0.6186,0.0106,0.0514,0.0005,0.0052,0.3062,0.0726,0.0000,0.0998,0.0000,0.0000,0.0000,0.0000
369,369000,28.182999,P,false,32541,4694,1.2521,0.0000,71.2202,-0.5223,0.1211,1.0786,0.4395,0.7343,0,4694,true,1.0897,2.0188,11.6872,3.2039,0.4872,0.6203,0.0067,0.3487,2.0971,0.7148,0.0145,0.8468,0.0144,0.0034,0.0053,0.0218
370,370000,28.259375,B,false,3356,7363,0.3854,0.0000,39.3526,0.0317,-0.0158,0.3372,0.1166,0.8768,3805,3558,true,0.2041,1.1300,3.0569,0.9374,0.0865,0.0419,0.0000,0.0050,0.4263,0.1046,0.0000,0.1052,0.0000,0.0000,0.0000,0.0000
371,371000,28.335752,B,false,7043,7635,0.8613,0.0000,56.3299,-0.2545,0.1256,0.7493,0.2696,0.8385,3835,3800,true,0.6359,2.3334,6.5354,1.6520,0.2194,0.1192,0.0027,0.0385,1.0832,0.3170,0.0006,0.3775,0.0000,0.0000,0.0005,0.0011
372,372000,28.412129,B,false,3894,7592,0.4628,0.0000,48.1664,0.0036,0.0075,0.3873,0.1824,0.8688,3713,3879,true,0.3328,1.1772,3.4233,0.9587,0.1688,0.0445,0.0000,0.0149,0.4354,0.1092,0.0000,0.1646,0.0000,0.0000,0.0000,0.0000
373,373000,28.488505,P,false,25494,4321,1.4117,0.0000,73.6419,-0.3356,-0.0083,1.2004,0.4638,0.7484,0,4321,true,1.7479,3.9663,10.2465,1.4591,0.5443,0.5065,0.5947,0.1963,2.7619,1.1925,0.0082,0.6213,0.0041,0.0020,0.0027,0.0065
374,374000,28.564882,B,false,4235,5968,0.4647,0.0000,28.6367,0.0839,-0.0454,0.3582,0.2352,0.8676,3897,2071,true,0.5678,1.7092,2.8664,0.2384,0.1668,0.0182,0.2262,0.3558,0.4879,0.1268,0.0000,0.2290,0.0000,0.0000,0.0006,0.0000
375,375000,28.641259,B,false,7777,6414,1.0236,0.0000,52.9740,0.0467,-0.0476,0.8306,0.4986,0.8073,4019,2395,true,1.0938,2.7435,4.7448,0.7282,0.3507,0.1510,0.4375,1.9569,1.3580,0.2128,0.0011,0.7945,0.0000,0.0000,0.0006,0.0011
376,376000,28.717635,B,false,3553,7520,0.4457,0.0000,32.7614,-0.0255,0.0219,0.3524,0.2257,0.8781,3716,3804,true,0.4077,1.4075,1.9534,0.3100,0.1334,0.1321,0.2647,1.4543,0.4168,0.0492,0.0000,0.2932,0.0000,0.0000,0.0000,0.0000
377,377000,28.794012,P,false,44467,4729,1.2362,0.0000,74.6726,-0.5695,0.1238,1.0095,0.5550,0.7659,0,4729,true,0.6324,4.3769,4.0033,1.2502,0.2659,0.2417,1.0844,1.3581,2.4216,0.6717,0.0184,3.2825,0.0060,0.0093,0.0135,0.0194
378,378000,28.870389,B,false,4757,7613,0.6219,0.0000,47.7821,0.0073,-0.0523,0.4527,0.3615,0.8725,3913,3700,true,0.3254,1.6714,2.7981,0.3379,0.1834,0.4281,1.5307,0.9617,0.8207,0.0452,0.0000,0.3561,0.0000,0.0000,0.0000,0.0000
379,379000,28.946765,B,false,7668,7425,1.1375,0.0000,83.5183,-0.0029,-0.1527,0.8606,0.6226,0.8471,3865,3560,true,0.5872,3.3809,3.7914,0.4848,0.3649,0.9994,2.9899,1.6377,1.7515,0.0988,0.0011,1.0456,0.0000,0.0000,0.0005,0.0011
380,380000,29.023142,B,false,4795,7501,0.5957,0.0000,68.1969,-0.0059,-0.0153,0.4141,0.3604,0.8784,3788,3713,true,0.2205,2.1485,1.3797,0.0610,0.1385,0.7277,1.9441,1.4132,0.6805,0.0454,0.0000,0.4317,0.0000,0.0000,0.0000,0.0000
381,381000,29.099519,P,false,25756,4007,2.0296,0.0000,103.5097,-0.7215,0.2977,1.5533,1.0484,0.7567,0,4007,true,1.5616,6.3157,4.0004,0.6710,0.4291,3.4819,5.2184,3.3481,3.5580,0.3997,0.0085,3.3195,0.0021,0.0042,0.0028,0.0011
382,382000,29.175896,B,false,5468,7695,0.6685,0.0000,41.2773,-0.0110,0.0485,0.4617,0.4118,0.8726,3741,3954,true,0.2979,1.6851,0.8498,0.0638,0.0582,1.3855,2.6707,1.9421,0.5303,0.0695,0.0000,0.6365,0.0000,0.0000,0.0000,0.0000
383,383000,29.252272,B,false,7501,7440,1.1295,0.0000,106.6610,-0.1558,0.1809,0.8647,0.5916,0.8538,3756,3684,true,0.3167,3.9195,0.9606,0.0478,0.0855,2.9544,4.9732,2.0701,0.9351,0.2212,0.0011,1.6517,0.0000,0.0000,0.0005,0.0011
384,384000,29.328649,B,false,4949,7197,0.5597,0.0000,40.8794,-0.0408,0.0023,0.4401,0.2664,0.8947,3784,3413,true,0.0991,1.4284,0.2822,0.0125,0.0192,2.2728,2.7199,0.2877,0.2378,0.0643,0.0000,1.1789,0.0000,0.0000,0.0000,0.0000
385,385000,29.405026,P,false,29044,3950,1.8563,0.0000,100.9387,-0.8716,0.2704,1.4172,0.9883,0.7565,0,3950,true,0.6903,4.5780,1.1074,0.6390,0.3969,7.5865,10.7671,1.6776,2.1603,0.5497,0.0041,2.9840,0.0011,0.0000,0.0038,0.0042
386,386000,29.481402,B,false,4280,5913,0.6372,0.0000,34.1760,-0.0839,-0.0040,0.5250,0.2629,0.8613,1995,3918,true,0.1818,0.8577,0.0111,0.0235,0.0703,3.8199,3.0873,0.3285,0.2207,0.1475,0.0000,0.4409,0.0000,0.0000,0.0000,0.0000
387,387000,29.557779,B,false,7467,5358,1.0153,0.0000,74.2500,-0.0353,0.0044,0.7883,0.4816,0.8335,3924,1434,true,0.2500,1.2910,0.6541,0.0000,0.1522,6.1114,4.0412,0.7253,0.5942,0.2421,0.0022,1.4175,0.0000,0.0000,0.0008,0.0012
388,388000,29.634156,B,false,3554,7336,0.5695,0.0000,34.8174,-0.0585,-0.0044,0.4126,0.3327,0.9025,3633,3703,true,0.0699,0.6517,0.0872,0.0000,0.0861,3.9409,2.5466,0.8762,0.2843,0.0495,0.0000,0.4554,0.0000,0.0000,0.0000,0.0000
389,389000,29.710532,P,false,78510,4756,1.0141,0.0000,135.2786,-0.4155,0.1845,0.7313,0.5522,0.7317,0,4756,true,0.5309,2.6994,0.9546,0.9439,0.3563,6.1352,2.7597,0.6768,1.1677,0.5718,0.2605,0.3606,0.0191,0.0204,0.0253,0.0396
390,390000,29.786909,B,false,4047,7381,0.3521,0.0000,43.5610,-0.0548,0.0329,0.2051,0.2494,0.9042,3603,3778,true,0.0627,0.5201,0.1429,0.0000,0.1625,2.4838,1.4855,0.1200,0.2772,0.0138,0.0000,0.0589,0.0000,0.0000,0.0005,0.0000
391,391000,29.863286,B,false,5442,7619,0.6385,0.0000,53.8429,-0.0937,0.1001,0.3808,0.4282,0.8737,3860,3759,true,0.2177,1.3319,0.3247,0.0000,0.4384,4.0923,1.7852,0.0223,0.9402,0.0780,0.0006,0.1253,0.0000,0.0000,0.0005,0.0011
392,392000,29.939662,B,false,2984,7371,0.2614,0.0000,30.8322,0.0048,-0.0038,0.1476,0.1696,0.9034,3841,3530,true,0.0922,0.8030,0.0614,0.0000,0.1229,1.6879,0.5587,0.0076,0.4791,0.0558,0.0000,0.0777,0.0000,0.0000,0.0005,0.0000
393,393000,30.016039,P,false,19380,4114,1.2312,0.0000,71.9188,-0.3845,0.4751,0.8209,0.6984,0.7569,0,4114,true,0.7745,4.3262,0.6971,0.0045,0.4367,7.6899,1.2063,0.9734,1.8325,0.2687,0.0097,0.9311,0.0041,0.0000,0.0010,0.0010
394,394000,30.092416,B,false,3400,7454,0.2317,0.0000,26.4398,0.0003,0.0104,0.1368,0.1398,0.9041,3573,3881,true,0.1257,0.7465,0.0749,0.0000,0.2873,1.5202,0.1673,0.0041,0.4452,0.0981,0.0005,0.0146,0.0000,0.0000,0.0005,0.0000
395,395000,30.168792,B,false,6252,7724,0.5334,0.0000,48.2247,0.0775,0.0457,0.3055,0.3444,0.8729,3961,3763,true,0.3124,1.6904,0.2953,0.0000,0.7799,2.7965,0.5489,0.0112,1.0640,0.2107,0.0000,0.0748,0.0000,0.0000,0.0005,0.0011
396,396000,30.245169,B,false,3553,7532,0.2453,0.0000,37.8302,0.0016,0.0006,0.1478,0.1592,0.8958,3757,3775,true,0.1493,0.9144,0.0429,0.0000,0.2804,1.3827,0.4040,0.0077,0.3876,0.0663,0.0016,0.0006,0.0000,0.0000,0.0000,0.0000
397,397000,30.321546,P,false,16598,4059,1.0542,0.0000,55.5000,-0.2418,0.3375,0.6673,0.6116,0.7775,0,4059,true,0.8063,3.5568,0.5450,0.0000,1.6146,3.7539,1.0190,0.5768,2.0285,1.1806,0.0362,1.0516,0.0042,0.0000,0.0000,0.0000
398,398000,30.397923,B,false,4920,7107,0.2970,0.0000,32.2800,0.0549,0.0161,0.2302,0.1407,0.8879,3884,3223,true,0.1783,0.9459,0.1352,0.0026,0.3748,1.8678,0.3016,0.0231,0.3645,0.1050,0.0000,0.0018,0.0000,0.0005,0.0005,0.0000
399,399000,30.474299,B,false,12586,5863,0.7995,0.0000,79.0984,-0.0191,0.0194,0.6309,0.3480,0.7694,1544,4319,true,0.4698,1.5520,0.2369,0.0422,1.2554,3.5370,0.8203,0.1315,1.0189,0.4580,0.5710,0.0095,0.0000,0.0000,0.0000,0.0022
400,400000,30.550676,B,false,3587,4465,0.4621,0.0000,19.9531,0.1515,-0.0338,0.4106,0.1304,0.8520,3966,499,true,0.3350,0.8223,0.0420,0.0000,0.6314,2.7197,0.4281,0.0000,0.3646,0.2550,0.0011,0.0024,0.0011,0.0000,0.0020,0.0000
401,401000,30.627053,P,false,169486,5618,1.0173,0.2500,73.4549,-0.2565,0.1908,0.7054,0.5294,0.4633,0,5618,true,0.4488,2.4114,0.7709,0.5714,0.6865,5.5962,1.2443,0.7529,1.3777,0.9717,1.1076,1.5739,0.1901,0.1696,0.3532,0.5263
402,402000,30.703429,B,false,4346,7519,0.3307,0.0000,28.4088,-0.0752,0.0090,0.2612,0.1486,0.9065,3770,3749,true,0.4347,0.7639,0.0336,0.0000,0.3963,2.5096,0.3064,0.0000,0.4319,0.1685,0.0011,0.0000,0.0000,0.0000,0.0000,0.0000
403,403000,30.779806,B,false,6311,7671,0.4719,0.0000,67.8979,-0.0616,0.0115,0.3495,0.2418,0.8784,3924,3747,true,0.7011,1.0919,0.0731,0.0000,0.8426,2.9824,0.3363,0.0000,0.8467,0.2500,0.0012,0.0019,0.0000,0.0000,0.0005,0.0006
404,404000,30.856183,B,false,4123,7557,0.1898,0.0000,16.6020,-0.0070,0.0131,0.1231,0.1110,0.8978,3724,3833,true,0.3079,0.5821,0.0258,0.0000,0.3088,0.9965,0.0977,0.0000,0.3445,0.0860,0.0163,0.0000,0.0000,0.0000,0.0000,0.0000
405,405000,30.932559,P,false,17788,4249,1.0939,0.0000,70.9053,-0.3014,0.4047,0.8384,0.5545,0.7635,0,4249,true,1.4467,2.6351,0.4300,0.0134,1.7507,5.5347,1.1056,0.0055,2.2991,0.7827,0.1620,0.0618,0.0295,0.0021,0.0184,0.0406
406,406000,31.008936,B,false,5162,7659,0.3463,0.0000,25.4472,-0.0531,-0.0197,0.2613,0.1637,0.8758,3997,3662,true,0.2666,1.0207,0.0724,0.0000,0.8826,1.6956,0.0523,0.0000,0.8456,0.1045,0.0006,0.0007,0.0000,0.0000,0.0000,0.0000
407,407000,31.085313,B,false,10296,6305,0.8531,0.0000,21.3600,-0.0897,0.0488,0.6086,0.4654,0.8003,2256,4049,true,0.6487,2.0526,0.3251,0.0000,1.6902,2.9265,0.1244,0.0021,1.4330,0.3628,0.2913,0.0031,0.0000,0.0011,0.0008,0.0000
408,408000,31.161689,B,false,5882,5579,0.3206,0.0000,31.3937,0.0268,0.0455,0.2409,0.1552,0.8550,1630,3949,true,0.1968,0.6781,0.0769,0.0000,0.8065,1.6097,0.0414,0.0000,0.4348,0.0649,0.0000,0.0000,0.0000,0.0000,0.0000,0.0000
409,409000,31.238066,P,false,53297,5239,0.9982,0.0000,59.9010,0.2342,0.2808,0.7154,0.5219,0.6253,0,5239,true,1.1016,2.5500,0.6910,0.2456,3.6318,3.8493,0.6166,0.2082,2.1732,0.3474,0.4623,0.2542,0.0313,0.0398,0.0853,0.1211
410,410000,31.314443,B,false,4966,5123,0.3344,0.0000,16.1400,-0.0087,0.0199,0.2305,0.1957,0.8561,3891,1232,true,0.4244,0.6824,0.0509,0.0000,0.5876,1.6780,0.0438,0.0000,0.3340,0.0600,0.0011,0.0000,0.0000,0.0000,0.0000,0.0000
411,411000,31.390820,B,false,7556,5323,0.7603,0.0000,46.8842,-0.0130,0.1048,0.5371,0.4317,0.7971,3994,1329,true,1.2479,1.2870,0.1141,0.0000,1.4643,3.2746,0.1036,0.0000,0.6957,0.1629,0.0022,0.0011,0.0000,0.0000,0.0000,0.0037
412,412000,31.467196,B,false,5272,7743,0.2954,0.0000,23.0787,-0.0069,0.0027,0.1877,0.1856,0.8907,3930,3813,true,0.6084,0.8325,0.0539,0.0000,0.6406,1.8158,0.0827,0.0000,0.1981,0.0318,0.0000,0.0012,0.0000,0.0000,0.0000,0.0000
413,413000,31.543573,P,false,64102,5475,0.8989,0.0000,67.8620,0.4821,0.3045,0.6498,0.4774,0.6926,0,5475,true,2.3359,2.6048,0.3425,0.0542,2.9863,3.6221,0.2475,0.0655,1.0678,0.2904,0.7888,0.2582,0.0388,0.0385,0.0675,0.2834
414,414000,31.619950,B,false,2837,7417,0.2206,0.0000,27.5363,0.0071,-0.0040,0.1487,0.1314,0.8961,3881,3536,true,0.5615,0.5472,0.0006,0.0000,0.3965,1.3652,0.0006,0.0000,0.1809,0.0376,0.0000,0.0013,0.0000,0.0000,0.0000,0.0000
415,415000,31.696326,B,false,7884,7508,0.4478,0.0000,33.5084,0.0418,0.0255,0.3113,0.2510,0.8691,3882,3626,true,1.1286,0.8773,0.0432,0.0000,0.8615,2.2843,0.0220,0.0000,0.6280,0.1349,0.0006,0.0007,0.0006,0.0000,0.0000,0.0000
416,416000,31.772703,B,false,3134,7524,0.2005,0.0000,14.0735,0.0099,0.0060,0.1362,0.1118,0.8908,3690,3834,true,0.4017,0.4253,0.0005,0.0000,0.5139,1.0271,0.0274,0.0000,0.4303,0.0992,0.0000,0.0006,0.0000,0.0000,0.0000,0.0000
417,417000,31.849080,P,false,21211,4448,1.2382,0.0000,43.7500,0.3776,0.4055,0.8379,0.7220,0.7392,0,4448,true,3.0837,2.6791,0.0914,0.0162,3.0695,5.1767,0.0737,0.0139,2.1708,0.5606,0.0431,0.1577,0.0077,0.0021,0.0233,0.0747
418,418000,31.925456,B,false,4050,7253,0.2935,0.0000,19.0148,-0.0150,-0.0116,0.1926,0.1547,0.8762,3948,3305,true,0.2739,0.3587,0.0006,0.0000,0.7294,1.1598,0.1693,0.0000,0.9672,0.2739,0.0006,0.0000,0.0000,0.0000,0.0000,0.0000
419,419000,32.001833,B,false,9920,6668,0.5975,0.0000,40.6648,0.0667,0.0637,0.4255,0.3058,0.8451,2613,4055,true,0.6556,0.6371,0.0120,0.0000,1.5714,2.2788,0.1555,0.0000,1.6610,0.8429,0.0050,0.0007,0.0000,0.0006,0.0000,0.0006
420,420000,32.078210,B,false,4400,7328,0.2964,0.0000,26.5000,0.0033,0.0312,0.2308,0.1277,0.8687,3757,3571,true,0.2780,0.2998,0.0027,0.0006,0.4874,1.1782,0.0989,0.0041,1.1435,0.3710,0.0898,0.0000,0.0005,0.0000,0.0000,0.0000
421,421000,32.154586,P,false,97172,5475,1.1202,0.0000,50.5396,0.4672,0.1177,0.7851,0.5825,0.6287,0,5475,true,1.0736,1.6184,0.2204,0.1355,2.3960,4.9981,0.2534,0.1527,4.6430,1.8415,1.0965,0.2283,0.0564,0.0310,0.0826,0.1206
422,422000,32.230963,B,false,3462,7322,0.3086,0.0000,24.2655,0.0092,0.0101,0.2729,0.1001,0.8905,3896,3426,true,0.4927,0.2077,0.0039,0.0000,0.8792,0.8652,0.0017,0.0007,1.4426,0.4488,0.0006,0.0000,0.0000,0.0000,0.0000,0.0006
423,423000,32.307340,B,false,8235,6696,0.7323,0.0000,59.5525,0.0879,0.0162,0.6316,0.2603,0.8657,3946,2750,true,0.9064,0.5010,0.0026,0.0007,2.0035,1.9338,0.0572,0.0000,2.9271,0.8494,0.0033,0.0000,0.0000,0.0000,0.0000,0.0009
424,424000,32.383716,B,false,3699,7717,0.3719,0.0000,46.4227,0.0336,0.0047,0.3079,0.1428,0.8905,3910,3807,true,0.4044,0.3210,0.0000,0.0000,1.1118,1.2862,0.0230,0.0000,1.7187,0.2461,0.0000,0.0000,0.0000,0.0000,0.0000,0.0000
425,425000,32.460093,P,false,31272,4778,1.4466,0.0000,79.3733,0.7349,0.2654,1.2062,0.5864,0.7131,0,4778,true,1.5512,1.1728,0.0414,0.0451,5.2290,5.1735,0.0354,0.1177,8.8050,1.4267,0.1365,0.1411,0.0203,0.0106,0.0475,0.1450
426,426000,32.536470,B,false,3618,7534,0.2864,0.0000,16.0000,0.0006,-0.0134,0.2024,0.1426,0.9014,3895,3639,true,0.4366,0.6552,0.0000,0.0000,0.7242,1.2610,0.0081,0.0000,0.9766,0.0453,0.0000,0.0000,0.0000,0.0000,0.0000,0.0012
427,427000,32.612847,B,false,6873,7387,0.5626,0.0000,34.4384,0.0397,-0.0078,0.3883,0.2940,0.8932,3931,3456,true,0.8936,1.3190,0.0024,0.0000,1.4441,2.8444,0.0075,0.0000,1.4693,0.0979,0.0018,0.0000,0.0000,0.0000,0.0000,0.0000
428,428000,32.689223,B,false,3509,7559,0.2509,0.0000,23.8812,0.0276,0.0023,0.1778,0.1253,0.9130,3768,3791,true,0.4482,0.5635,0.0031,0.0000,0.5833,1.2909,0.0026,0.0000,0.7897,0.0409,0.0000,0.0000,0.0000,0.0000,0.0000,0.0000
429,429000,32.765600,P,false,19532,4096,1.0937,0.0000,57.4913,0.0886,-0.0822,0.8254,0.5109,0.8188,0,4096,true,1.3592,2.4220,0.0289,0.0022,3.2976,4.0890,0.0796,0.0133,4.6577,0.3831,0.0198,0.0201,0.0010,0.0021,0.0085,0.0543
430,430000,32.841977,B,false,4968,7551,0.3215,0.0000,26.6517,-0.0311,-0.0071,0.2408,0.1525,0.9088,3796,3755,true,0.8328,0.7134,0.0044,0.0000,0.5741,1.6127,0.0018,0.0000,0.8455,0.1065,0.0006,0.0000,0.0000,0.0000,0.0000,0.0023
431,431000,32.918353,B,false,2805,7575,0.2087,0.0000,12.0052,-0.0020,0.0056,0.1496,0.1090,0.9126,3785,3790,true,0.5613,0.5365,0.0000,0.0000,0.2453,1.0351,0.0022,0.0000,0.5995,0.0981,0.0000,0.0000,0.0000,0.0000,0.0000,0.0023
432,432000,32.994730,P,false,16640,4340,0.8412,0.0000,30.8727,-0.3050,-0.1401,0.6599,0.3783,0.7737,0,4340,true,2.4601,2.1414,0.0737,0.0451,1.7564,2.5521,0.0183,0.0696,2.8228,0.3875,0.0598,0.0647,0.0042,0.0310,0.0260,0.0209
433,433000,33.071107,B,false,4172,6803,0.2937,0.0000,16.0721,0.0175,0.0111,0.2008,0.1620,0.8795,3888,2915,true,0.6016,0.6531,0.0036,0.0000,0.4633,1.0616,0.0104,0.0000,1.1041,0.1981,0.0006,0.0006,0.0000,0.0000,0.0000,0.0000
434,434000,33.147483,P,false,41828,4806,0.7265,0.0000,31.7657,-0.1848,-0.1100,0.4985,0.4021,0.7041,0,4806,true,1.1755,1.2706,0.1903,0.0771,1.7770,2.2037,0.1492,0.1060,3.0299,0.6063,0.5060,0.0797,0.0732,0.0185,0.0859,0.0318
435,435000,33.223860,B,false,2155,7322,0.1058,0.0000,13.3276,-0.0042,-0.0067,0.0780,0.0511,0.9247,3816,3506,true,0.2533,0.2037,0.0000,0.0000,0.1350,0.3443,0.0018,0.0000,0.5415,0.1307,0.0000,0.0000,0.0000,0.0000,0.0005,0.0000
436,436000,33.300237,B,false,5875,7513,0.3636,0.0000,25.0612,-0.0467,0.0021,0.2889,0.1514,0.8934,3806,3707,true,0.6327,0.6548,0.0145,0.0006,0.5556,1.0620,0.0039,0.0000,1.7222,0.4323,0.0006,0.0000,0.0000,0.0000,0.0000,0.0000
437,437000,33.376613,B,false,4192,7778,0.2910,0.0000,15.1863,-0.0446,0.0054,0.2214,0.1344,0.8957,3945,3833,true,0.3232,0.7227,0.0000,0.0000,0.5322,0.8514,0.0013,0.0000,1.3001,0.4139,0.0000,0.0000,0.0000,0.0000,0.0000,0.0000
438,438000,33.452990,P,false,22125,4091,0.8362,0.0000,44.1022,-0.1841,-0.0918,0.6713,0.3483,0.8186,0,4091,true,0.8474,1.4766,0.0298,0.0059,0.9161,2.4379,0.0139,0.0573,5.3862,1.3846,0.0291,0.0684,0.0032,0.0054,0.0225,0.0130
439,439000,33.529367,B,false,2584,6871,0.1397,0.0000,14.2522,0.0082,-0.0055,0.1093,0.0603,0.9153,3339,3532,true,0.1589,0.5770,0.0000,0.0000,0.1678,0.6021,0.0029,0.0000,0.3627,0.1270,0.0000,0.0000,0.0000,0.0000,0.0000,0.0000
440,440000,33.605744,B,false,4767,5024,0.3954,0.0000,39.0392,0.0420,0.0365,0.2916,0.1929,0.8312,3954,1070,true,0.4499,1.0682,0.0103,0.0000,0.5238,1.4377,0.0000,0.0000,0.7558,0.3043,0.0020,0.0011,0.0000,0.0000,0.0000,0.0000
441,441000,33.682120,B,false,2298,7413,0.1049,0.0000,14.7352,-0.0017,-0.0086,0.0736,0.0537,0.9303,3696,3717,true,0.1128,0.5164,0.0027,0.0000,0.1167,0.5720,0.0000,0.0000,0.2060,0.0736,0.0000,0.0006,0.0000,0.0000,0.0000,0.0000
442,442000,33.758497,P,false,61440,5611,0.5561,0.0000,42.4890,0.0879,-0.0187,0.3888,0.2917,0.6475,0,5611,true,0.5794,1.9220,0.1520,0.0752,0.9831,1.7323,0.1011,0.0872,1.5299,0.6163,0.2613,0.3903,0.0627,0.0408,0.1257,0.2383
443,443000,33.834874,B,false,3224,5968,0.1101,0.0000,10.5386,0.0195,-0.0082,0.0772,0.0586,0.8986,3770,2198,true,0.1733,0.3403,0.0000,0.0000,0.3795,0.1946,0.0000,0.0000,0.2741,0.0327,0.0000,0.0000,0.0000,0.0000,0.0000,0.0000
444,444000,33.911250,B,false,6090,7245,0.2558,0.0000,18.0624,0.0390,-0.0111,0.1895,0.1255,0.8788,3559,3686,true,0.3473,0.8953,0.0079,0.0006,0.6843,0.6111,0.0000,0.0006,0.7224,0.1649,0.0016,0.0007,0.0006,0.0000,0.0000,0.0006
445,445000,33.987627,B,false,4612,6426,0.1804,0.0000,27.3427,0.0031,-0.0216,0.1457,0.0710,0.9001,3396,3030,true,0.4314,0.6422,0.0184,0.0000,0.4841,0.5518,0.0007,0.0000,0.3567,0.0730,0.0000,0.0008,0.0000,0.0000,0.0000,0.0028
446,446000,34.064004,P,false,50364,5318,0.5862,0.0000,23.8026,-0.0807,0.0679,0.4459,0.2728,0.6807,0,5318,true,0.7952,1.8916,0.2114,0.0667,1.0920,1.5053,0.0659,0.1006,1.8946,0.4627,0.1571,0.2858,0.0336,0.0229,0.0609,0.1681
447,447000,34.140380,B,false,3244,7096,0.1337,0.0000,14.1532,-0.0049,0.0107,0.1156,0.0437,0.9222,3858,3238,true,0.1866,0.4584,0.0000,0.0000,0.3771,0.5171,0.0000,0.0006,0.3216,0.0901,0.0000,0.0000,0.0000,0.0000,0.0000,0.0000
448,448000,34.216757,B,false,6927,7355,0.5576,0.0000,33.7509,-0.0198,0.0157,0.4915,0.1761,0.8765,3862,3493,true,0.9233,1.3420,0.0127,0.0000,1.7869,1.8589,0.0015,0.0000,1.1618,0.5529,0.0000,0.0000,0.0000,0.0000,0.0000,0.0000
449,449000,34.293134,B,false,4867,7431,0.3012,0.0000,19.3197,-0.0167,-0.0034,0.2658,0.0869,0.9032,3812,3619,true,0.3857,0.5488,0.0000,0.0000,0.9010,0.9705,0.0021,0.0000,1.3483,0.3120,0.0000,0.0000,0.0000,0.0000,0.0000,0.0000
450,450000,34.369510,P,false,25119,4438,1.1215,0.0000,49.5177,0.0368,0.1758,0.9639,0.4098,0.7952,0,4438,true,1.0757,2.5115,0.0855,0.0174,3.4451,3.7989,0.0395,0.0065,4.0878,1.1881,0.0135,0.0434,0.0035,0.0126,0.0080,0.0260
451,451000,34.445887,B,false,5111,7413,0.3885,0.0000,46.0570,0.0799,-0.0064,0.3352,0.1326,0.9050,3944,3469,true,0.3570,0.3190,0.0000,0.0000,1.2601,0.3939,0.0017,0.0000,2.8734,0.2623,0.0000,0.0000,0.0000,0.0000,0.0000,0.0000
452,452000,34.522264,B,false,7318,7332,0.5578,0.0000,45.8939,-0.0702,0.0225,0.4870,0.1871,0.8895,3966,3366,true,0.5262,0.6395,0.0006,0.0000,2.1828,0.5782,0.0037,0.0006,3.6844,0.2249,0.0000,0.0000,0.0000,0.0000,0.0000,0.0000
453,453000,34.598640,B,false,3905,7380,0.2248,0.0000,16.3650,-0.0093,-0.0073,0.1940,0.0722,0.9159,3592,3788,true,0.3173,0.1602,0.0000,0.0000,0.9500,0.1358,0.0069,0.0006,1.5581,0.1092,0.0000,0.0000,0.0000,0.0000,0.0000,0.0000
454,454000,34.675017,P,false,26204,4016,0.6240,0.0000,53.2928,-0.0891,0.0474,0.5210,0.2343,0.8414,0,4016,true,1.2558,1.2987,0.0247,0.0034,1.8397,2.0844,0.2516,0.0143,2.4886,0.4363,0.0108,0.0603,0.0031,0.0021,0.0079,0.0366
455,455000,34.751394,B,false,4716,7256,0.2577,0.0000,28.0145,0.0080,0.0028,0.2120,0.0995,0.9052,3538,3718,true,0.5214,0.6151,0.0000,0.0000,0.7409,0.4457,0.0042,0.0000,1.1434,0.0419,0.0000,0.0000,0.0000,0.0000,0.0000,0.0000
456,456000,34.827771,B,false,5880,5190,0.5208,0.0000,58.0048,-0.0193,0.0211,0.4224,0.2192,0.8645,3924,1266,true,0.8822,1.2502,0.0161,0.0000,1.4571,1.9881,0.0000,0.0009,0.7400,0.0422,0.0000,0.0000,0.0000,0.0000,0.0000,0.0000
457,457000,34.904147,B,false,3455,7209,0.1892,0.0000,17.0459,0.0168,-0.0191,0.1519,0.0827,0.9195,3585,3624,true,0.3026,0.6441,0.0006,0.0000,0.5411,1.0045,0.0005,0.0000,0.2349,0.0219,0.0000,0.0000,0.0000,0.0000,0.0000,0.0006
458,458000,34.980524,P,false,73542,5302,0.7179,0.0000,68.8522,0.2361,-0.1163,0.5658,0.3143,0.7776,0,5302,true,0.7616,2.6223,0.1378,0.0528,1.9030,3.7474,0.1097,0.0326,1.7327,0.2803,0.1010,0.0316,0.0121,0.0185,0.0490,0.0909
459,459000,35.056901,B,false,2823,7316,0.1947,0.0000,17.0770,0.0150,0.0063,0.1609,0.0704,0.9297,3762,3554,true,0.4504,0.6457,0.0000,0.0000,0.6801,0.9378,0.0081,0.0000,0.1183,0.0238,0.0000,0.0000,0.0000,0.0000,0.0000,0.0000
460,460000,35.133277,B,false,7142,7521,0.3758,0.0000,53.3725,0.1112,-0.0226,0.3020,0.1537,0.9007,3801,3720,true,0.6771,1.5813,0.0019,0.0006,1.3501,1.1413,0.0035,0.0000,0.3141,0.1236,0.0000,0.0000,0.0000,0.0000,0.0000,0.0000
461,461000,35.209654,B,false,2446,7065,0.0877,0.0000,23.3251,0.0020,0.0031,0.0644,0.0427,0.9345,3240,3825,true,0.1865,0.4257,0.0039,0.0000,0.3061,0.2671,0.0000,0.0000,0.1202,0.0393,0.0000,0.0000,0.0000,0.0000,0.0000,0.0000
462,462000,35.286031,P,false,19234,4164,0.5580,0.0000,50.3500,0.0238,-0.0282,0.4514,0.2471,0.8285,0,4164,true,0.9195,1.9582,0.1516,0.0074,1.3558,1.6270,0.0295,0.0110,1.5207,0.2533,0.0186,0.0103,0.0032,0.0043,0.0020,0.0124
463,463000,35.362407,B,false,2699,7467,0.1569,0.0000,21.4039,-0.0063,0.0126,0.1198,0.0791,0.9124,3790,3677,true,0.3912,0.5529,0.0031,0.0000,0.6309,0.2819,0.0025,0.0000,0.3894,0.0082,0.0000,0.0000,0.0000,0.0000,0.0000,0.0000
464,464000,35.438784,B,false,6154,7504,0.2526,0.0000,31.0846,-0.0022,0.0122,0.1792,0.1356,0.9017,3865,3639,true,0.4606,0.9041,0.0426,0.0000,0.8623,0.5172,0.0005,0.0000,0.7548,0.0244,0.0000,0.0000,0.0000,0.0000,0.0000,0.0000
465,465000,35.515161,B,false,2803,7367,0.1544,0.0000,12.0000,-0.0126,0.0099,0.1171,0.0697,0.9161,3598,3769,true,0.1997,0.6670,0.0027,0.0000,0.4869,0.5912,0.0000,0.0000,0.2986,0.0047,0.0000,0.0000,0.0000,0.0000,0.0000,0.0000
466,466000,35.591537,P,false,17133,4124,0.5715,0.0000,36.2250,-0.2525,-0.0209,0.4361,0.2724,0.8312,0,4124,true,0.9618,1.8678,0.2986,0.0011,1.5458,1.5120,0.0116,0.0022,1.6189,0.0999,0.0082,0.0128,0.0052,0.0000,0.0029,0.0069
467,467000,35.667914,B,false,3896,7403,0.2019,0.0000,28.1469,-0.0085,-0.0062,0.1459,0.1040,0.9185,3768,3635,true,0.4627,0.6311,0.0005,0.0000,0.3782,1.1247,0.0005,0.0000,0.2393,0.0037,0.0000,0.0000,0.0000,0.0000,0.0000,0.0006
468,468000,35.744291,B,false,6338,5822,0.4337,0.0000,25.6539,-0.0694,-0.0234,0.3163,0.2229,0.8683,1919,3903,true,1.1345,0.8863,0.1180,0.0000,0.7839,2.1415,0.0058,0.0000,0.8001,0.0318,0.0000,0.0000,0.0000,0.0040,0.0000,0.0000
469,469000,35.820668,B,false,3297,6939,0.1926,0.0000,42.9898,-0.0181,-0.0036,0.1303,0.1092,0.9158,3814,3125,true,0.4518,0.7517,0.0165,0.0000,0.2502,0.9837,0.0028,0.0000,0.2969,0.0025,0.0000,0.0000,0.0000,0.0000,0.0000,0.0000
470,470000,35.897044,P,false,63212,4794,0.5139,0.0000,73.3562,-0.0843,0.0404,0.3397,0.2834,0.7918,0,4794,true,1.1360,2.0712,0.2262,0.0311,1.2560,0.8869,0.0508,0.0183,1.3699,0.2289,0.0630,0.0000,0.0157,0.0133,0.0258,0.0652
471,471000,35.973421,B,false,2962,7563,0.1531,0.0000,10.4433,-0.0075,-0.0095,0.1030,0.0817,0.9291,3841,3722,true,0.6072,0.5567,0.0042,0.0000,0.2955,0.5477,0.0005,0.0000,0.1976,0.0000,0.0000,0.0000,0.0000,0.0000,0.0000,0.0000
472,472000,36.049798,B,false,4722,7422,0.2559,0.0000,27.5556,-0.0011,-0.0174,0.1628,0.1413,0.9122,3851,3571,true,0.9881,0.9384,0.0252,0.0000,0.5265,0.8386,0.0011,0.0000,0.4111,0.0026,0.0000,0.0000,0.0000,0.0000,0.0000,0.0006
473,473000,36.126174,B,false,2769,7385,0.1060,0.0000,6.1847,0.0032,0.0041,0.0668,0.0580,0.9328,3731,3654,true,0.3338,0.3791,0.0100,0.0000,0.2828,0.4160,0.0000,0.0000,0.1374,0.0024,0.0000,0.0000,0.0000,0.0000,0.0000,0.0000
474,474000,36.202551,P,false,14779,4041,0.4615,0.0000,23.8537,0.1088,0.1655,0.2864,0.2744,0.8463,0,4041,true,1.4336,1.7039,0.2549,0.0070,0.7732,1.9155,0.0322,0.0011,0.5932,0.0354,0.0079,0.0470,0.0011,0.0056,0.0039,0.0092
475,475000,36.278928,B,false,2680,7485,0.1068,0.0000,9.7243,0.0036,0.0049,0.0680,0.0630,0.9304,3806,3679,true,0.1540,0.3818,0.0042,0.0000,0.2980,0.5865,0.0049,0.0000,0.1120,0.0000,0.0000,0.0288,0.0000,0.0000,0.0000,0.0000
476,476000,36.355304,B,false,4649,7508,0.2616,0.0000,16.5473,0.0486,0.0090,0.1918,0.1299,0.9020,3841,3667,true,0.3962,0.8305,0.0231,0.0000,0.7769,1.2457,0.0956,0.0000,0.2455,0.0060,0.0000,0.1455,0.0000,0.0000,0.0000,0.0000
477,477000,36.431681,B,false,3246,7414,0.1311,0.0000,12.0675,0.0251,0.0059,0.1080,0.0490,0.9280,3788,3626,true,0.1731,0.4266,0.0055,0.0000,0.3972,0.6466,0.0903,0.0000,0.0714,0.0018,0.0000,0.1056,0.0000,0.0000,0.0000,0.0000
478,478000,36.508058,P,false,12436,4028,0.6372,0.0000,32.6209,-0.0144,0.2110,0.4844,0.3263,0.8334,0,4028,true,0.9003,2.4977,0.1762,0.0000,1.8838,2.2797,0.0036,0.0011,0.8122,0.0563,0.0026,0.2281,0.0000,0.0011,0.0162,0.0000
479,479000,36.584434,B,false,3459,4386,0.2540,0.0000,15.1348,-0.0454,0.0104,0.2067,0.0937,0.8748,518,3868,true,0.4693,0.6946,0.0090,0.0000,0.5834,0.7689,0.1992,0.0000,0.0981,0.0103,0.0000,0.3763,0.0000,0.0000,0.0000,0.0000
480,480000,36.660811,B,false,8741,4944,0.6687,0.0000,34.5000,0.1179,0.0412,0.5534,0.2430,0.8076,4073,871,true,1.5334,1.7401,0.0899,0.0000,0.5630,2.0792,0.3913,0.0514,0.3158,0.0111,0.0459,1.0551,0.0000,0.0000,0.0010,0.0211
481,481000,36.737188,B,false,2558,7205,0.1787,0.0000,14.5000,-0.0218,0.0079,0.1449,0.0680,0.9210,3389,3816,true,0.3639,0.8053,0.0052,0.0000,0.2714,0.7371,0.0362,0.0258,0.1071,0.0000,0.0000,0.3454,0.0186,0.0000,0.0000,0.0028
482,482000,36.813565,P,false,148649,6030,0.9299,0.2500,33.4524,-0.3541,0.0303,0.7303,0.3737,0.4774,0,6030,true,1.8886,3.3973,0.3525,0.2634,1.1539,3.5029,0.3361,0.2854,0.6015,0.3128,0.6923,1.5691,0.2288,0.1702,0.4030,0.6378
483,483000,36.889941,B,false,3662,7432,0.4212,0.0000,18.7500,-0.0524,-0.0239,0.3493,0.1576,0.8967,3857,3575,true,0.9306,1.6125,0.0134,0.0000,0.5959,1.9860,0.0048,0.0406,0.5057,0.0124,0.0000,0.3679,0.0000,0.0000,0.0000,0.0006
484,484000,36.966318,B,false,8484,7021,0.7521,0.0000,39.4034,-0.1781,-0.0511,0.6026,0.3123,0.8794,3835,3186,true,1.2859,2.3710,0.0738,0.0000,1.2294,2.8111,0.0168,0.0871,1.2466,0.0722,0.0035,1.1380,0.0000,0.0000,0.0000,0.0008
485,485000,37.042695,B,false,3926,7599,0.3013,0.0000,14.9541,-0.0105,0.0037,0.2308,0.1350,0.8892,3917,3682,true,0.4430,1.0126,0.0439,0.0000,0.3418,1.0056,0.0055,0.0504,0.9386,0.0598,0.0005,0.4964,0.0000,0.0000,0.0000,0.0000
486,486000,37.119071,P,false,23185,4483,1.5260,0.0000,48.7660,-0.8871,-0.1288,1.2180,0.6544,0.7678,0,4483,true,1.5439,5.1138,0.1895,0.0238,1.8980,8.0715,0.0810,0.2085,3.7218,0.4102,0.1538,2.0168,0.0327,0.0051,0.0450,0.1940
487,487000,37.195448,B,false,3890,7491,0.3029,0.0000,16.4488,-0.0220,0.0117,0.2254,0.1507,0.8929,3916,3575,true,0.3089,0.7499,0.0196,0.0000,0.3018,0.7614,0.0126,0.1192,1.4126,0.0890,0.0000,0.6752,0.0000,0.0000,0.0000,0.0000
488,488000,37.271825,B,false,8281,7636,0.5410,0.0000,24.9962,-0.0388,-0.0216,0.4388,0.2178,0.8791,4008,3628,true,0.3262,1.0899,0.1134,0.0000,0.3242,1.2490,0.0023,0.2091,2.7269,0.2856,0.0006,1.3398,0.0000,0.0000,0.0000,0.0000
489,489000,37.348201,B,false,2880,7644,0.2810,0.0000,22.7624,-0.0113,-0.0006,0.2397,0.0988,0.8935,3821,3823,true,0.0975,0.4550,0.0472,0.0000,0.1098,0.7889,0.0000,0.1205,1.6605,0.0792,0.0000,0.6931,0.0000,0.0000,0.0000,0.0000
490,490000,37.424578,P,false,21070,4175,1.0920,0.0000,54.5831,-0.0675,-0.1727,0.7963,0.5796,0.8103,0,4175,true,0.8254,3.4309,0.3241,0.0049,0.3139,3.6939,0.0147,0.5217,3.4625,0.5718,0.0415,2.7316,0.0087,0.0011,0.0051,0.0346
491,491000,37.500955,B,false,3594,7635,0.3237,0.0000,21.0505,-0.0208,-0.0113,0.2638,0.1329,0.8930,3912,3723,true,0.0982,0.5721,0.0128,0.0000,0.1857,1.2330,0.0000,0.1560,1.5012,0.0754,0.0000,0.8536,0.0000,0.0000,0.0000,0.0000
492,492000,37.577331,B,false,7449,7652,0.5260,0.0000,31.3738,-0.0587,0.0429,0.4327,0.2246,0.8748,3937,3715,true,0.2388,0.7463,0.0846,0.0000,0.3977,1.0509,0.0024,0.6818,2.1658,0.0723,0.0011,2.3605,0.0000,0.0000,0.0000,0.0000
493,493000,37.653708,B,false,2837,7211,0.1297,0.0000,11.8585,0.0199,-0.0008,0.1069,0.0539,0.9115,3424,3787,true,0.1000,0.2891,0.0094,0.0000,0.0970,0.3823,0.0039,0.1516,0.5571,0.0249,0.0000,0.3960,0.0000,0.0000,0.0000,0.0000
494,494000,37.730085,P,false,27446,4142,0.8446,0.0000,38.9695,0.3689,-0.0256,0.6503,0.4300,0.8153,0,4142,true,0.6041,2.0309,0.2833,0.0094,0.3002,3.4013,0.1076,0.7385,1.5967,0.1899,0.0155,3.3799,0.0000,0.0015,0.0080,0.0339
495,495000,37.806461,B,false,2756,6645,0.1473,0.0000,9.8615,0.0049,0.0081,0.1154,0.0648,0.9213,3574,3071,true,0.1300,0.4683,0.0000,0.0000,0.1582,0.5136,0.0058,0.1632,0.3647,0.0070,0.0013,0.4258,0.0000,0.0000,0.0000,0.0000
496,496000,37.882838,B,false,4233,6415,0.3723,0.0000,17.4732,0.0269,0.0196,0.3030,0.1556,0.8853,3725,2690,true,0.3893,0.8264,0.0000,0.0000,0.3880,1.2618,0.0168,0.5395,0.7827,0.0455,0.0007,1.0161,0.0000,0.0000,0.0000,0.0007
497,497000,37.959215,B,false,2660,7445,0.1441,0.0000,16.0332,0.0296,0.0094,0.1078,0.0700,0.9237,3782,3663,true,0.1781,0.3391,0.0000,0.0000,0.0543,0.4828,0.0909,0.1747,0.4476,0.0118,0.0000,0.4651,0.0000,0.0000,0.0000,0.0000
498,498000,38.035592,P,false,22681,4952,0.9021,0.0000,20.5000,0.5237,0.1167,0.7282,0.3709,0.7765,0,4952,true,0.8987,2.2985,0.0276,0.0224,0.6078,3.4992,0.4147,1.0665,1.0646,0.2378,0.2074,3.2988,0.0089,0.0077,0.0170,0.0609
499,499000,38.111968,P,false,4898,3996,0.3557,0.0000,23.9713,0.0903,-0.0709,0.2146,0.2305,0.8396,0,3996,true,0.2549,0.7307,0.0021,0.0000,0.1195,1.4264,0.3773,0.5729,0.7138,0.0435,0.0011,0.9365,0.0000,0.0000,0.0000,0.0000
500,500000,38.188345,I,true,330348,0,0.0000,0.0000,0.0000,0.0000,0.0000,0.0000,0.0000,0.0000,0,0,false,0.0000,0.0000,0.0000,0.0000,0.0000,0.0000,0.0000,0.0000,0.0000,0.0000,0.0000,0.0000,0.0000,0.0000,0.0000,0.0000
501,501000,38.264722,B,false,2788,7502,0.2024,0.0000,20.1029,-0.0088,-0.0362,0.1059,0.1456,0.9183,3691,3811,true,0.2225,0.4609,0.0000,0.0000,0.1749,1.2699,0.1470,0.1670,0.3518,0.0180,0.0000,0.2279,0.0000,0.0000,0.0000,0.0000
502,502000,38.341098,B,false,4059,7565,0.4115,0.0000,30.6686,-0.0243,-0.0292,0.2290,0.2899,0.8907,3834,3731,true,0.4224,1.0714,0.0033,0.0000,0.3855,2.8573,0.1641,0.2286,0.5357,0.0197,0.0017,0.3468,0.0000,0.0000,0.0000,0.0000
503,503000,38.417475,B,false,2693,7317,0.1352,0.0000,10.4403,-0.0084,-0.0011,0.0801,0.0893,0.9293,3798,3519,true,0.1363,0.3880,0.0005,0.0000,0.1329,0.9990,0.0829,0.0335,0.1151,0.0067,0.0000,0.0549,0.0000,0.0000,0.0000,0.0000
504,504000,38.493852,P,false,14419,4058,0.7069,0.0000,44.6185,0.0142,-0.0906,0.4460,0.4515,0.8058,0,4058,true,0.9961,1.2594,0.0451,0.0022,0.6549,3.6476,0.5060,1.1938,0.9631,0.0636,0.0043,1.6077,0.0000,0.0011,0.0030,0.0069
505,505000,38.570228,B,false,3727,6996,0.1766,0.0000,30.7663,0.0212,-0.0269,0.1142,0.1056,0.9121,3418,3578,true,0.1209,0.4429,0.0289,0.0000,0.3384,1.0801,0.1540,0.1457,0.0879,0.0019,0.0017,0.3025,0.0000,0.0000,0.0000,0.0000
506,506000,38.646605,B,false,5481,7403,0.3555,0.0000,84.7917,0.0104,-0.0292,0.2339,0.2027,0.8954,3892,3511,true,0.3586,1.0488,0.0439,0.0000,0.5915,2.3824,0.1539,0.1558,0.1867,0.0135,0.0028,0.1906,0.0000,0.0000,0.0000,0.0000
507,507000,38.722982,B,false,3091,5345,0.1898,0.0000,16.6020,0.0196,-0.0059,0.1354,0.0942,0.8930,3809,1536,true,0.1484,0.5525,0.0068,0.0000,0.4631,0.8086,0.2641,0.0300,0.0871,0.0134,0.0000,0.0357,0.0000,0.0000,0.0000,0.0000
508,508000,38.799358,P,false,44133,5319,0.5320,0.0000,57.8414,-0.0065,-0.0382,0.3491,0.3035,0.8238,0,5319,true,0.8453,0.9962,0.1179,0.0265,1.3982,1.5823,0.6673,0.5179,0.8898,0.1032,0.4396,1.4855,0.0029,0.0044,0.0078,0.0116
509,509000,38.875735,B,false,2534,7475,0.1728,0.0000,44.7507,0.0053,0.0087,0.1284,0.0794,0.9126,3796,3679,true,0.1343,0.4256,0.0050,0.0000,0.3221,1.0527,0.3915,0.0274,0.1715,0.0009,0.0000,0.0219,0.0000,0.0000,0.0000,0.0000
510,510000,38.952112,B,false,6596,7341,0.4103,0.0000,48.8627,-0.0001,-0.0559,0.3317,0.1583,0.8781,3800,3541,true,0.1878,0.9246,0.0349,0.0000,0.9276,2.2849,0.3470,0.0914,0.5450,0.0089,0.0000,0.1037,0.0000,0.0000,0.0005,0.0000
511,511000,39.028489,B,false,2682,7603,0.1850,0.0000,17.7500,-0.0460,-0.0249,0.1489,0.0760,0.9052,3751,3852,true,0.2043,0.4557,0.0139,0.0000,0.3575,1.1240,0.0916,0.0488,0.3173,0.0012,0.0000,0.0757,0.0000,0.0000,0.0000,0.0000
512,512000,39.104865,P,false,17425,4225,0.9125,0.0000,62.9846,-0.1957,-0.0144,0.7469,0.3782,0.7884,0,4225,true,0.6501,2.5343,0.1138,0.0098,1.8276,4.8757,0.8919,0.3509,1.4116,0.0694,0.0208,0.6889,0.0155,0.0000,0.0099,0.0010
513,513000,39.181242,B,false,3548,7574,0.2511,0.0000,18.7766,-0.0027,0.0139,0.2031,0.0986,0.9035,3715,3859,true,0.0973,0.5723,0.0208,0.0000,0.7465,1.7346,0.1081,0.0397,0.2736,0.0022,0.0000,0.0738,0.0000,0.0000,0.0000,0.0000
514,514000,39.257619,B,false,7269,7655,0.6208,0.0000,42.1671,0.0759,0.0944,0.5453,0.1902,0.8724,3837,3818,true,0.3134,1.1204,0.0468,0.0000,1.2138,4.5254,0.1965,0.1289,0.6895,0.0277,0.0000,0.2291,0.0000,0.0000,0.0000,0.0005
515,515000,39.333995,B,false,3486,7593,0.3081,0.0000,15.9099,0.0031,0.0235,0.2670,0.0994,0.8956,3749,3844,true,0.2235,0.5664,0.0085,0.0000,0.7316,2.3485,0.2156,0.0345,0.2371,0.0067,0.0000,0.1201,0.0000,0.0000,0.0000,0.0000
516,516000,39.410372,P,false,21648,4152,0.9311,0.0000,59.0259,-0.1777,0.1295,0.7856,0.3615,0.7873,0,4152,true,0.9766,2.4420,0.1922,0.0031,0.6086,6.8062,0.3265,0.4394,1.3293,0.0803,0.0090,1.2930,0.0011,0.0000,0.0132,0.0129
517,517000,39.486749,B,false,1516,7316,0.1286,0.0000,22.4193,-0.0050,-0.0019,0.1027,0.0614,0.9300,3645,3671,true,0.0822,0.2337,0.0010,0.0000,0.2324,1.0617,0.2943,0.0149,0.0809,0.0018,0.0000,0.0208,0.0000,0.0000,0.0000,0.0000
518,518000,39.563125,B,false,5917,5287,0.5307,0.0000,33.3242,-0.1130,-0.0232,0.4233,0.2683,0.8171,1343,3944,true,0.2437,0.6788,0.0832,0.0008,0.7524,3.3934,0.6484,0.0989,0.3745,0.0121,0.0010,0.1845,0.0009,0.0000,0.0000,0.0010
519,519000,39.639502,B,false,2425,5267,0.2435,0.0000,18.2654,0.0347,0.0196,0.1929,0.1216,0.8739,1584,3683,true,0.1534,0.4233,0.0120,0.0000,0.5069,1.3564,0.2787,0.0216,0.1642,0.0077,0.0098,0.0399,0.0000,0.0000,0.0000,0.0000
520,520000,39.715879,P,false,74052,5631,1.0290,0.0000,32.6497,-0.4905,-0.1953,0.7781,0.5395,0.6278,0,5631,true,0.6245,1.4947,0.1920,0.0599,1.0392,8.6474,1.0492,0.2323,0.7573,0.4011,0.6603,0.9281,0.0495,0.0579,0.1447,0.3801
521,521000,39.792255,B,false,2511,7438,0.2009,0.0000,16.8412,-0.0117,-0.0281,0.1465,0.1143,0.9212,3685,3753,true,0.1390,0.3831,0.0000,0.0000,0.2468,1.7704,0.2487,0.0012,0.1412,0.0163,0.0000,0.0052,0.0000,0.0000,0.0000,0.0000
522,522000,39.868632,B,false,6868,7634,0.6306,0.0000,34.3602,-0.1641,-0.1062,0.5206,0.2719,0.8770,3849,3785,true,0.3347,0.9132,0.0077,0.0000,0.6503,5.3367,0.6758,0.0662,0.5782,0.0268,0.0000,0.0806,0.0000,0.0000,0.0000,0.0000
523,523000,39.945009,B,false,4173,7502,0.3767,0.0000,27.5794,-0.0964,-0.0190,0.3267,0.1239,0.9018,3667,3835,true,0.1903,0.4026,0.0029,0.0000,0.3493,3.5656,0.4464,0.0599,0.3461,0.0023,0.0000,0.1309,0.0000,0.0000,0.0000,0.0000
524,524000,40.021385,P,false,22801,4222,0.8286,0.0000,49.2100,-0.3751,-0.1573,0.6680,0.3481,0.7807,0,4222,true,0.6988,1.2729,0.0632,0.0084,1.0135,8.3474,0.6464,0.3843,1.5535,0.0705,0.0276,0.4978,0.0061,0.0025,0.0076,0.0491
525,525000,40.097762,B,false,2926,7321,0.1963,0.0000,18.5000,-0.0200,-0.0058,0.1676,0.0633,0.9201,3533,3788,true,0.0901,0.1594,0.0000,0.0000,0.1284,1.8193,0.1924,0.0393,0.2367,0.0018,0.0000,0.0624,0.0000,0.0000,0.0000,0.0000
526,526000,40.174139,B,false,5272,7558,0.6444,0.0000,69.9714,-0.0280,0.0669,0.5447,0.2170,0.8854,3815,3743,true,0.3059,0.4560,0.0005,0.0000,0.5028,5.7377,0.4848,0.1736,0.7149,0.0032,0.0000,0.2668,0.0006,0.0000,0.0000,0.0000
527,527000,40.250516,B,false,4219,7464,0.3912,0.0000,35.9592,0.0544,0.0158,0.3353,0.1279,0.9102,3789,3675,true,0.2353,0.4010,0.0000,0.0000,0.3579,3.8734,0.3125,0.0851,0.2865,0.0006,0.0000,0.1298,0.0000,0.0000,0.0000,0.0000
528,528000,40.326892,P,false,19569,4098,0.5637,0.0000,50.8982,-0.1775,-0.1582,0.3993,0.2898,0.8070,0,4098,true,0.8831,0.9671,0.0157,0.0053,0.3908,2.8012,0.4410,0.6653,1.6375,0.0537,0.0356,1.3089,0.0040,0.0000,0.0039,0.0204
529,529000,40.403269,B,false,4011,6547,0.2090,0.0000,24.6221,-0.0966,-0.0282,0.1690,0.0912,0.9146,3095,3452,true,0.1647,0.1776,0.0013,0.0000,0.2271,1.6604,0.3496,0.0731,0.0939,0.0047,0.0000,0.0886,0.0000,0.0000,0.0000,0.0000
530,530000,40.479646,B,false,6500,7448,0.8504,0.0000,39.0000,0.1233,0.0608,0.7018,0.4027,0.8801,3790,3658,true,0.7242,0.5743,0.0011,0.0000,0.9637,8.9479,0.1550,0.1345,0.5707,0.0601,0.0000,0.1951,0.0000,0.0000,0.0000,0.0000
531,531000,40.556022,B,false,4749,5202,0.7880,0.0000,52.1464,0.1154,0.0308,0.6694,0.3301,0.8708,3903,1299,true,0.4503,0.3126,0.0000,0.0000,0.2998,5.5643,0.5374,0.0094,0.3881,0.0480,0.0007,0.0237,0.0000,0.0000,0.0000,0.0000
532,532000,40.632399,P,false,84533,5243,0.7677,0.0000,76.8964,-0.2106,-0.1884,0.4959,0.4643,0.7482,0,5243,true,0.9130,1.0446,0.1943,0.1275,0.8104,6.2255,0.5299,0.8554,1.2141,0.2103,1.3623,1.0987,0.0195,0.0261,0.0215,0.0642
533,533000,40.708776,B,false,4475,7427,0.4246,0.0000,28.4605,-0.0521,-0.0090,0.3768,0.1486,0.9150,3703,3724,true,0.3147,0.3010,0.0000,0.0000,0.1794,4.2485,0.4207,0.0073,0.1172,0.0056,0.0006,0.0267,0.0000,0.0000,0.0000,0.0000
534,534000,40.785152,B,false,5318,7278,0.6092,0.0000,31.5357,-0.0225,0.0396,0.5305,0.2475,0.8983,3939,3339,true,0.3356,0.3744,0.0000,0.0000,0.4430,5.8367,0.4757,0.0160,0.2164,0.0159,0.0101,0.0437,0.0000,0.0000,0.0000,0.0006
535,535000,40.861529,B,false,2274,7307,0.1550,0.0000,16.1032,-0.0333,-0.0141,0.1328,0.0666,0.9342,3565,3742,true,0.1235,0.1031,0.0000,0.0000,0.0646,1.6292,0.2048,0.0075,0.0660,0.0014,0.0044,0.0202,0.0000,0.0000,0.0000,0.0000
536,536000,40.937906,P,false,16456,4238,1.2714,0.0000,51.8345,-0.6410,-0.4480,0.9880,0.6072,0.7945,0,4238,true,1.4142,1.4380,0.0114,0.0022,0.4758,16.3237,0.0804,0.1228,0.4640,0.0357,0.2286,0.3003,0.0032,0.0000,0.0019,0.0021
537,537000,41.014282,B,false,4328,7486,0.3303,0.0000,27.7815,-0.0235,0.0314,0.2297,0.2101,0.9132,3831,3655,true,0.1402,0.2567,0.0000,0.0000,0.1115,3.3858,0.2905,0.0225,0.2382,0.0079,0.0000,0.0576,0.0000,0.0000,0.0000,0.0000
538,538000,41.090659,B,false,6015,7585,0.6303,0.0000,98.8496,-0.1659,-0.1566,0.4184,0.4194,0.8969,3849,3736,true,0.1409,0.6181,0.0043,0.0000,0.2049,6.5372,0.5539,0.0495,0.6218,0.0248,0.0000,0.0999,0.0000,0.0000,0.0000,0.0000
539,539000,41.167036,B,false,3021,7405,0.2961,0.0000,23.7973,0.1098,0.0749,0.1975,0.1855,0.9238,3833,3572,true,0.0361,0.4646,0.0000,0.0000,0.0555,2.8534,0.2500,0.0170,0.3237,0.0026,0.0000,0.0207,0.0000,0.0000,0.0000,0.0000
540,540000,41.243413,P,false,18621,4104,0.6773,0.0000,66.7481,-0.3400,-0.1821,0.5005,0.3775,0.8085,0,4104,true,0.6752,1.5421,0.0260,0.0024,0.3723,4.4777,1.0482,0.3109,1.6859,0.1463,0.0150,0.6293,0.0021,0.0011,0.0000,0.0042
541,541000,41.319789,B,false,3156,7274,0.3151,0.0000,31.0644,-0.0660,-0.0553,0.2210,0.1937,0.9256,3515,3759,true,0.1086,0.4330,0.0100,0.0000,0.0297,3.4275,0.4044,0.0084,0.1427,0.0006,0.0000,0.0376,0.0000,0.0000,0.0000,0.0000
542,542000,41.396166,B,false,7043,5736,0.8004,0.0000,51.9916,-0.0489,-0.0741,0.6360,0.4186,0.8630,1832,3904,true,0.5996,0.8440,0.1699,0.0008,0.1698,7.6720,0.4506,0.0428,0.5621,0.0108,0.3428,0.1127,0.0000,0.0000,0.0000,0.0000
543,543000,41.472543,B,false,3731,7034,0.4784,0.0000,31.3099,0.0263,0.0118,0.4069,0.2197,0.9087,3719,3315,true,0.2858,0.4767,0.0168,0.0000,0.0897,4.7909,0.6144,0.0202,0.3314,0.0169,0.0221,0.0612,0.0000,0.0000,0.0000,0.0000
544,544000,41.548919,P,false,88684,5067,0.4847,0.0000,79.0510,-0.1141,-0.0402,0.3296,0.2701,0.7196,0,5067,true,0.8135,1.7458,0.4544,0.1303,0.2434,0.7518,1.0011,0.2736,0.6522,0.1115,0.7569,0.5012,0.0268,0.0283,0.0418,0.0540
545,545000,41.625296,B,false,3850,7357,0.4740,0.0000,60.1207,0.0924,-0.0084,0.4385,0.1269,0.9240,3626,3731,true,0.1578,0.8574,0.0479,0.0000,0.1543,4.9981,0.1862,0.0213,0.4418,0.0203,0.0539,0.1253,0.0000,0.0000,0.0000,0.0000
546,546000,41.701673,B,false,5116,7147,0.5018,0.0000,41.1461,0.3061,0.1074,0.4379,0.1777,0.9051,3829,3318,true,0.1297,0.5858,0.0400,0.0000,0.2628,3.3038,0.0206,0.0866,0.8817,1.8824,0.9082,0.2098,0.0000,0.0000,0.0000,0.0000
547,547000,41.778049,B,false,2472,7258,0.2704,0.0000,22.4722,-0.0109,0.0073,0.2397,0.0980,0.9359,3542,3716,true,0.0274,0.2639,0.0073,0.0000,0.1033,1.5086,0.0460,0.0205,0.2483,1.1885,0.7895,0.0577,0.0000,0.0000,0.0000,0.0000
548,548000,41.854426,P,false,23652,4135,0.6975,0.0000,80.1955,0.2568,-0.0120,0.5547,0.2817,0.7845,0,4135,true,0.7164,2.2961,0.1731,0.0043,0.6254,1.3710,0.0924,0.3387,2.4519,0.5276,0.2206,1.0728,0.0021,0.0011,0.0000,0.0032
549,549000,41.930803,B,false,3711,7341,0.5425,0.0000,47.3207,-0.0313,0.0299,0.4045,0.3328,0.9203,3712,3629,true,0.0240,0.4062,0.0203,0.0000,0.1652,0.6922,0.0637,0.0281,0.4032,3.2907,3.5410,0.2975,0.0000,0.0000,0.0000,0.0000
550,550000,42.007179,B,false,6760,7414,0.7373,0.0000,110.9721,0.3613,0.2818,0.5301,0.4570,0.8975,3700,3714,true,0.0845,0.7066,0.0470,0.0000,0.2786,0.2902,0.0006,0.0821,0.9335,4.5318,5.5363,0.7958,0.0000,0.0000,0.0000,0.0000
551,551000,42.083556,B,false,3555,7286,0.5868,0.0000,39.2436,0.0849,0.0398,0.4394,0.3529,0.9112,3764,3522,true,0.0398,0.2761,0.0107,0.0000,0.0848,0.0006,0.0000,0.0305,0.3818,1.9071,6.0212,0.6700,0.0000,0.0000,0.0000,0.0000
552,552000,42.159933,P,false,20497,3948,0.5593,0.0000,131.1345,0.2304,0.0179,0.4576,0.2094,0.8004,0,3948,true,0.4204,1.5537,0.0903,0.0011,0.8209,1.0278,0.0473,0.3357,1.9449,0.2252,1.1151,1.1111,0.0000,0.0011,0.0000,0.0032
553,553000,42.236309,B,false,3716,7390,0.7401,0.0000,34.7940,0.0774,0.0994,0.5437,0.4534,0.9004,3540,3850,true,0.0343,0.2294,0.0202,0.0000,0.1120,0.0018,0.0000,0.0775,0.2824,2.2199,6.9405,1.4612,0.0000,0.0000,0.0000,0.0000
554,554000,42.312686,B,false,6941,6976,1.5480,0.0000,72.4060,-0.4771,-0.2930,1.0564,1.0018,0.8554,3063,3913,true,0.2274,0.7493,0.0592,0.0000,0.2085,0.0096,0.0009,0.4473,0.5801,3.4605,16.5770,3.7586,0.0000,0.0000,0.0000,0.0000
555,555000,42.389063,B,false,3537,6426,0.5285,0.0000,51.7258,0.1080,0.2075,0.3396,0.3660,0.8987,3804,2622,true,0.0947,0.4093,0.0057,0.0090,0.0143,0.0019,0.0039,0.3379,0.0271,0.0821,5.5703,2.9147,0.0000,0.0000,0.0000,0.0014
556,556000,42.465440,P,false,32142,4026,1.0105,0.0000,89.4497,0.1894,0.2753,0.6554,0.5934,0.7079,0,4026,true,0.4362,1.8543,0.2376,0.2168,0.4951,0.1650,0.1290,2.0816,1.3923,0.8624,4.9859,9.2660,0.0000,0.0031,0.0000,0.4073
557,557000,42.541816,B,false,5749,7427,1.4354,0.0000,73.9075,-0.0780,-0.0248,0.9933,0.9484,0.8808,3763,3664,true,0.1908,0.4374,0.0227,0.0000,0.0233,0.0054,0.0144,0.7403,0.0800,0.0017,13.0268,8.1388,0.0000,0.0000,0.0000,0.0005
558,558000,42.618193,P,false,14506,3875,1.6215,0.0000,77.0365,-0.3963,-0.3434,1.1321,1.0541,0.7977,0,3875,true,0.6193,1.4584,0.1484,0.0146,0.1441,0.0598,0.0216,1.9859,0.3332,0.0245,13.7187,17.9970,0.0000,0.0011,0.0000,0.0264
559,559000,42.694570,B,false,5149,4395,1.2360,0.0000,67.0858,-0.1861,-0.1770,0.7526,0.8935,0.8134,497,3898,true,0.2969,0.4650,0.3015,0.0011,0.0459,0.0206,0.0000,0.9670,0.1077,0.0225,7.1600,7.2081,0.0000,0.0000,0.0888,0.9704
560,560000,42.770946,B,false,11121,4814,3.7847,0.0000,169.0433,-0.3443,0.3725,1.9094,3.0185,0.7686,3979,835,true,0.6738,0.9303,0.1937,0.0000,0.1642,0.0175,0.0000,4.0756,0.2507,0.0022,21.0780,21.6153,0.0000,0.0000,0.8121,3.2774
561,561000,42.847323,B,false,2199,6981,0.4284,0.0000,34.4982,-0.0868,-0.2034,0.1988,0.3592,0.9098,3193,3788,true,0.1278,0.2090,0.0163,0.0000,0.0159,0.0000,0.0000,0.3888,0.0227,0.0000,1.4854,5.1197,0.0000,0.0000,0.1207,1.0246
562,562000,42.923700,P,false,168407,5832,1.2088,0.2500,72.8946,0.2738,0.2797,0.8612,0.6942,0.4652,0,5832,true,0.7869,1.5914,0.3522,0.3026,0.3790,0.4130,0.2290,4.5918,0.5649,0.2685,2.9491,29.0970,0.1861,0.2083,0.3450,1.1042
563,563000,43.000076,B,false,3549,7437,1.0242,0.0000,42.0000,-0.0116,-0.1001,0.5446,0.8018,0.8841,3729,3708,true,0.1690,0.1550,0.0193,0.0000,0.0311,0.0085,0.0000,1.8274,0.1629,0.0000,2.1517,9.5093,0.0000,0.0000,0.4167,2.1407
564,564000,43.076453,B,false,8330,7501,1.8106,0.0000,66.8996,-0.0032,-0.0288,0.9711,1.4189,0.8634,3774,3727,true,0.4985,0.4148,0.0643,0.0006,0.0821,0.0245,0.0000,3.7126,0.3728,0.0006,3.3937,16.7013,0.0000,0.0000,1.4580,4.8206
565,565000,43.152830,B,false,3721,7485,1.0680,0.0000,46.5544,0.0098,0.0401,0.5378,0.8488,0.8790,3855,3630,true,0.2080,0.1945,0.0124,0.0000,0.0540,0.0218,0.0000,2.6653,0.1933,0.0000,0.7974,9.5496,0.0000,0.0000,0.2137,3.9662
566,566000,43.229206,P,false,20367,4097,1.4485,0.0000,85.2060,0.6198,0.4321,1.1169,0.8338,0.7647,0,4097,true,0.7307,1.1702,0.2767,0.0088,0.4189,0.1349,0.0454,11.8857,0.3950,0.0342,0.6356,18.8201,0.0086,0.0123,0.0571,0.0281
567,567000,43.305583,B,false,4133,4864,1.3013,0.0000,33.2124,0.0350,0.0291,0.6600,1.0238,0.8335,3900,964,true,0.2451,0.4988,0.0427,0.0000,0.1674,0.0421,0.0000,1.6220,0.2246,0.0010,0.0000,9.4359,0.0000,0.0011,0.0276,5.2249
568,568000,43.381960,B,false,10991,5237,1.6107,0.0000,103.5042,-0.4020,-0.3043,1.1248,0.9285,0.8018,3925,1312,true,0.6588,1.1489,0.2701,0.0011,0.2811,0.0933,0.0010,5.3193,0.6333,0.0154,0.0110,11.7491,0.0000,0.0000,0.0384,6.2572
569,569000,43.458337,B,false,5277,7634,1.0357,0.0000,98.6813,-0.0749,0.0036,0.5620,0.6883,0.8779,3900,3734,true,0.4651,1.3301,0.1266,0.0000,0.0464,0.0912,0.0000,1.9155,0.6335,0.0364,0.0000,6.9052,0.0000,0.0000,0.0331,6.6547
570,570000,43.534713,P,false,87399,5563,1.1668,0.0000,100.3008,0.3455,-0.2663,0.8901,0.5008,0.6313,0,5563,true,0.8762,1.6058,0.4481,0.1347,0.3832,0.4099,0.6403,6.9785,0.3051,0.1733,1.5074,19.0556,0.0463,0.0609,0.1677,0.1963
571,571000,43.611090,B,false,3906,7455,0.5804,0.0000,75.5000,0.0200,-0.0499,0.2409,0.4552,0.8947,3855,3600,true,0.2072,1.0926,0.0742,0.0000,0.0370,0.0695,0.0000,2.6714,0.3207,0.0091,0.0000,1.4063,0.0000,0.0000,0.0000,3.2022
572,572000,43.687467,B,false,7618,7611,0.8983,0.0000,63.2742,0.0125,-0.1134,0.4498,0.6785,0.8770,3954,3657,true,0.4700,1.6490,0.1668,0.0000,0.1098,0.0679,0.0000,6.0226,0.6379,0.0036,0.0000,2.6600,0.0000,0.0000,0.0035,1.9068
573,573000,43.763843,B,false,3803,7627,0.3618,0.0000,31.1849,-0.0243,-0.0069,0.2126,0.2373,0.9019,3895,3732,true,0.1686,0.9426,0.0415,0.0000,0.0611,0.0401,0.0000,2.3605,0.2713,0.0065,0.0000,0.6602,0.0000,0.0000,0.0015,0.9377
574,574000,43.840220,P,false,22460,4048,0.8212,0.0000,136.2729,-0.1630,0.1348,0.5425,0.4745,0.7979,0,4048,true,1.3730,3.9867,0.3143,0.0164,0.3793,0.2082,0.0111,2.1838,0.4151,0.1557,0.0530,3.6217,0.0052,0.0072,0.0400,0.9181
575,575000,43.916597,B,false,4209,6386,0.3669,0.0000,24.7500,0.0124,-0.0249,0.2431,0.2255,0.9024,3624,2762,true,0.2103,0.6500,0.0249,0.0000,0.1234,0.0106,0.0000,3.0499,0.2407,0.0015,0.0006,0.2166,0.0000,0.0000,0.0006,0.3530
576,576000,43.992973,B,false,7564,6875,0.7685,0.0000,85.6158,0.1408,-0.0817,0.5554,0.4368,0.8707,2978,3897,true,1.0088,1.7581,0.0913,0.0013,0.0891,0.0147,0.0000,6.3127,0.5224,0.0038,0.0015,0.6019,0.0008,0.0000,0.0017,0.3214
577,577000,44.069350,B,false,5033,5403,0.4840,0.0000,20.0577,0.0356,-0.0600,0.3416,0.2808,0.8780,1538,3865,true,0.8039,1.0723,0.0444,0.0000,0.1014,0.0027,0.0000,4.1256,0.2666,0.0204,0.0000,0.1221,0.0000,0.0000,0.0013,0.0644
578,578000,44.145727,P,false,67703,4954,0.7481,0.0000,85.0000,-0.2017,0.0942,0.5309,0.3683,0.7000,0,4954,true,2.3269,3.7690,0.2116,0.0571,0.2256,0.1164,0.1255,1.2149,0.7010,0.0973,0.5446,2.1624,0.0285,0.0135,0.1101,1.2474
579,579000,44.222103,B,false,4457,4817,0.5473,0.0000,22.2500,0.0470,-0.0526,0.4049,0.2931,0.8746,3772,1045,true,1.0173,0.7058,0.0080,0.0000,0.0470,0.0303,0.0000,4.0301,0.5328,0.0068,0.0000,0.1108,0.0000,0.0000,0.0062,0.0938
580,580000,44.298480,B,false,6589,5000,0.9216,0.0000,99.7309,0.1764,-0.2303,0.7138,0.4425,0.8356,3877,1123,true,2.0760,1.5543,0.0220,0.0000,0.2319,0.1717,0.0010,6.7264,0.7836,0.0206,0.0033,0.2102,0.0212,0.0000,0.0194,0.3027
581,581000,44.374857,B,false,4477,7462,0.2706,0.0000,27.2500,0.0133,-0.0351,0.2126,0.1266,0.9270,3754,3708,true,0.8596,0.9034,0.0041,0.0000,0.1086,0.0986,0.0000,1.3992,0.5822,0.0216,0.0000,0.0561,0.0000,0.0000,0.0005,0.1295
582,582000,44.451233,P,false,63711,5354,0.6267,0.0000,40.0632,-0.3251,0.0147,0.4908,0.2657,0.7512,0,5354,true,1.9650,3.2905,0.1651,0.0602,0.3835,0.2909,0.0424,0.1190,1.2753,0.2272,0.4375,1.3323,0.0326,0.0357,0.1384,0.7054
583,583000,44.527610,B,false,4365,7288,0.2303,0.0000,12.6516,-0.0055,-0.0260,0.1702,0.1051,0.9184,3769,3519,true,0.5889,0.7101,0.0057,0.0000,0.1258,0.1607,0.0000,0.5847,0.5264,0.0365,0.0011,0.2252,0.0000,0.0000,0.0027,0.5125
584,584000,44.603987,B,false,5562,7062,0.4546,0.0000,38.5073,-0.0679,-0.0767,0.3208,0.2139,0.8956,3876,3186,true,1.1239,0.8270,0.0040,0.0000,0.2619,0.4186,0.0000,1.2937,0.7119,0.0419,0.0000,0.6984,0.0000,0.0000,0.0014,1.4867
585,585000,44.680364,B,false,3081,7496,0.2135,0.0000,32.0000,0.0196,-0.0253,0.1364,0.1080,0.9334,3790,3706,true,0.2408,0.2902,0.0000,0.0000,0.0853,0.1380,0.0000,0.9059,0.2010,0.0293,0.0005,0.3875,0.0000,0.0000,0.0000,1.1144
586,586000,44.756740,P,false,20665,4166,0.7023,0.0000,72.1249,-0.1866,0.1110,0.5366,0.2678,0.8209,0,4166,true,1.1941,1.3114,0.0491,0.0104,0.5216,0.7528,0.0250,2.3191,1.0332,0.1832,0.0198,2.5657,0.0066,0.0021,0.0188,1.3675
587,587000,44.833117,B,false,2465,7119,0.2315,0.0000,23.0122,0.0150,-0.0307,0.0966,0.1773,0.9402,3729,3390,true,0.1332,0.2627,0.0005,0.0000,0.0217,0.0997,0.0000,0.1644,0.0914,0.0247,0.0000,0.5939,0.0000,0.0000,0.0000,2.2222
588,588000,44.909494,B,false,4756,7243,0.2961,0.0000,42.7376,-0.0487,0.0892,0.1697,0.1762,0.9179,3512,3731,true,0.3391,0.5643,0.0053,0.0000,0.0577,0.2351,0.0000,0.7021,0.2421,0.0587,0.0006,1.2997,0.0000,0.0000,0.0016,1.5971
589,589000,44.985870,B,false,2869,7076,0.3024,0.0000,33.0000,0.0570,-0.1516,0.1409,0.2299,0.9322,3689,3387,true,0.1742,0.3883,0.0006,0.0000,0.0177,0.0570,0.0000,0.2773,0.3513,0.0305,0.0000,1.5423,0.0000,0.0000,0.0000,2.0729
590,590000,45.062247,P,false,21492,4173,0.5515,0.0000,49.2252,0.0169,0.0256,0.4549,0.1795,0.8208,0,4173,true,0.6658,1.6012,0.0823,0.0149,0.1820,0.8557,0.0070,1.9391,0.5709,0.2058,0.0053,2.1416,0.0015,0.0010,0.0184,0.3526
591,591000,45.138624,B,false,3186,7327,0.4575,0.0000,98.7019,0.0221,-0.0077,0.1341,0.3803,0.9195,3568,3759,true,0.2474,0.5289,0.0176,0.0000,0.0100,0.0590,0.0000,0.3212,0.3583,0.0371,0.0006,2.1944,0.0000,0.0000,0.0007,3.7085
592,592000,45.215000,B,false,6674,7415,0.6629,0.0000,55.7550,-0.0226,0.0884,0.2583,0.5203,0.8967,3624,3791,true,0.3583,1.0912,0.0434,0.0000,0.0716,0.4092,0.0000,0.7343,0.8477,0.1301,0.0006,3.3570,0.0000,0.0000,0.0005,5.0732
593,593000,45.291377,B,false,4211,7393,0.5863,0.0000,53.7500,0.0423,0.1079,0.1988,0.4752,0.8987,3543,3850,true,0.1582,0.8471,0.0139,0.0006,0.0437,0.1596,0.0000,0.8659,0.4000,0.1109,0.0006,3.7864,0.0000,0.0000,0.0074,4.0054
594,594000,45.367754,P,false,19323,4018,0.5166,0.0000,35.0303,0.0126,0.0727,0.3514,0.2799,0.8191,0,4018,true,0.8279,2.2614,0.2872,0.0213,0.3271,0.7498,0.0103,1.1257,1.1265,0.3051,0.0043,0.0330,0.0000,0.0145,0.0203,0.5351
595,595000,45.444130,B,false,4025,7335,0.9340,0.0000,60.2500,-0.0235,0.0295,0.2545,0.8244,0.8988,3599,3736,true,0.1131,1.1141,0.0226,0.0000,0.0105,0.1853,0.0000,1.3167,0.1842,0.0773,0.0006,8.2892,0.0000,0.0000,0.0000,4.2845
596,596000,45.520507,B,false,7103,7361,1.4160,0.0000,59.8383,0.1127,0.0150,0.4443,1.2220,0.8723,3796,3565,true,0.2409,1.4294,0.0951,0.0000,0.0534,0.4703,0.0000,2.2316,0.3019,0.0475,0.1692,12.4427,0.0025,0.0000,0.1928,7.1467
597,597000,45.596884,B,false,3452,7496,0.7301,0.0000,21.3732,0.0463,0.0916,0.2163,0.6522,0.8858,3742,3754,true,0.0836,0.6362,0.0181,0.0000,0.0067,0.1853,0.0000,0.9783,0.2057,0.0208,0.4055,5.2370,0.0000,0.0000,0.5562,3.7037
598,598000,45.673261,P,false,19878,3877,0.6810,0.0000,33.0009,-0.1283,0.1943,0.3904,0.4756,0.8153,0,3877,true,0.5303,2.7454,0.2751,0.0396,0.2645,1.1558,0.0040,3.7388,0.5629,0.0936,0.0510,0.2944,0.0021,0.0061,0.0183,0.0800
599,599000,45.749637,B,false,5970,5952,1.1593,0.0000,110.0000,-0.0338,0.4974,0.5136,0.9167,0.8180,2055,3897,true,0.1671,0.6963,0.0704,0.0000,0.0307,0.3512,0.0008,1.8871,0.3600,0.0733,1.2413,7.1722,0.0000,0.0000,1.5987,3.1662
600,600000,45.826014,B,false,8067,5133,1.4357,0.0000,52.0697,0.1963,0.0668,0.8710,0.9613,0.7841,4056,1077,true,0.2526,0.7946,0.0540,0.0000,0.0678,0.3925,0.0000,2.6682,0.8042,0.2100,1.7332,8.8517,0.0011,0.0000,0.7835,3.3720
601,601000,45.902391,B,false,3373,7393,0.4212,0.0000,43.7500,-0.0503,0.0716,0.2658,0.2722,0.8707,3791,3602,true,0.0449,0.2957,0.0048,0.0000,0.0122,0.1592,0.0000,0.9386,0.3873,0.0568,0.4477,2.9675,0.0000,0.0000,0.1755,1.4239
602,602000,45.978767,P,false,69176,5214,1.1369,0.0000,58.6606,-0.2439,0.3556,0.7663,0.6680,0.6584,0,5214,true,0.5840,1.9747,0.3482,0.1064,0.2586,1.0861,0.0816,2.8093,1.2924,0.3271,0.7316,12.5292,0.1795,0.0626,0.4814,1.7122
603,603000,46.055144,B,false,5577,7136,0.6659,0.0000,45.6193,-0.0537,-0.1306,0.4555,0.3897,0.8722,3923,3213,true,0.1320,0.2131,0.0155,0.0000,0.0212,0.2407,0.0000,0.9082,1.7557,0.2540,0.6900,4.8471,0.0000,0.0000,0.2434,1.6731
604,604000,46.131521,B,false,9088,7576,1.4593,0.0000,63.0000,-0.2117,-0.3623,0.8246,0.9725,0.8512,3917,3659,true,0.3319,0.4444,0.0296,0.0000,0.0459,0.5490,0.0000,2.3395,2.4209,0.2955,0.3122,10.5442,0.0000,0.0000,1.1838,5.4484
605,605000,46.207897,B,false,5030,7345,0.7111,0.0000,34.5036,0.0144,-0.0711,0.3335,0.5249,0.8752,3829,3516,true,0.0854,0.2058,0.0040,0.0000,0.0127,0.1855,0.0000,0.5442,1.4396,0.1115,0.7265,4.4599,0.0006,0.0000,0.7220,2.7947
606,606000,46.284274,P,false,23762,4020,1.1781,0.0000,77.3406,-0.1766,0.4456,0.7426,0.7372,0.7704,0,4020,true,0.8215,0.9913,0.1942,0.0069,0.1458,1.3613,0.0116,5.9135,2.7377,0.2537,0.0777,5.8886,0.0053,0.0032,1.2267,1.3897
607,607000,46.360651,B,false,4950,7321,0.7877,0.0000,26.1008,-0.0180,0.2216,0.3337,0.6370,0.8797,3501,3820,true,0.0991,0.2095,0.0167,0.0000,0.0207,0.2013,0.0000,0.3101,0.9432,0.0519,1.2224,4.6049,0.0000,0.0000,1.5935,3.5419
608,608000,46.437027,B,false,8317,7247,1.9513,0.0000,63.7623,-0.0984,0.1077,0.9829,1.4530,0.8484,3612,3635,true,0.2663,0.7266,0.0516,0.0000,0.1082,0.3005,0.0000,0.5755,3.0860,0.2430,2.9824,10.6876,0.0000,0.0000,5.2664,9.1225
609,609000,46.513404,B,false,6473,7408,1.2289,0.0000,66.7500,-0.1149,-0.1969,0.5121,1.0190,0.8587,3746,3662,true,0.2927,0.4590,0.0382,0.0000,0.0954,0.2096,0.0000,0.1448,1.1383,0.0816,1.4976,6.8266,0.0000,0.0000,4.2963,5.5773
610,610000,46.589781,P,false,26083,4001,0.8754,0.0000,69.4015,0.1536,0.2141,0.5511,0.4866,0.7678,0,4001,true,0.7297,1.5511,0.1532,0.0341,0.2931,0.6183,0.0010,2.1661,3.7259,0.5682,1.6550,1.2621,0.0041,0.0066,0.1316,0.9646
611,611000,46.666157,B,false,4896,4947,1.0707,0.0000,22.0000,-0.3212,-0.3886,0.5583,0.8217,0.7882,3908,1039,true,0.4685,0.5043,0.0576,0.0000,0.1142,0.2273,0.0000,0.4808,0.8489,0.1047,0.9809,5.5428,0.0000,0.0000,3.2032,3.7348
612,612000,46.742534,B,false,7576,5189,2.4777,0.0000,45.8019,-0.7864,-0.4160,1.5200,1.7947,0.7333,4057,1132,true,1.0803,1.3518,0.1204,0.0111,0.2449,0.3514,0.0000,0.4992,1.4710,0.1532,3.6704,12.7402,0.0011,0.0000,7.9304,6.5330
613,613000,46.818911,B,false,4495,7420,0.8304,0.0000,41.3710,-0.0700,0.0311,0.5426,0.5674,0.8617,3714,3706,true,0.3856,0.5256,0.0238,0.0000,0.0892,0.0882,0.0000,0.2588,0.4379,0.0224,1.5232,5.7806,0.0000,0.0000,2.4769,2.1385
614,614000,46.895288,P,false,88785,5477,2.4413,0.0000,65.1388,1.1698,1.3691,1.5003,1.7455,0.6788,0,5477,true,1.6876,2.9546,0.4028,0.0733,0.5570,0.5924,0.1621,0.9525,1.9968,0.2574,7.4366,28.0729,0.1100,0.0598,7.6042,2.7989
615,615000,46.971664,B,false,4342,7279,1.0358,0.0000,35.3774,-0.1244,0.0053,0.8730,0.4827,0.8634,3677,3602,true,0.9163,0.6658,0.1168,0.0000,0.0658,0.1067,0.0000,0.3929,0.1875,0.0466,3.1291,6.1317,0.0000,0.0000,3.3274,1.7160
616,616000,47.048041,B,false,6748,7535,2.0985,0.0000,68.8059,-0.0388,0.0800,1.8402,0.8495,0.8235,3908,3627,true,1.5073,1.2532,0.2400,0.0000,0.0855,0.1756,0.0000,1.1144,0.4436,0.1548,7.6748,12.0255,0.0067,0.0000,5.6550,3.1459
617,617000,47.124418,B,false,4258,7524,0.8066,0.0000,18.2003,0.0616,0.0312,0.7111,0.2911,0.8659,3753,3771,true,0.4914,0.4816,0.0462,0.0000,0.0359,0.0413,0.0000,0.5248,0.1398,0.0302,3.9494,4.4277,0.0000,0.0000,1.9319,0.9167
618,618000,47.200794,P,false,20150,4100,3.7936,0.0000,85.9204,2.9863,1.4674,3.1733,1.6938,0.7385,0,4100,true,2.9602,3.1435,0.3044,0.0085,0.5153,0.6255,0.0020,3.3887,1.1338,0.0872,23.4689,27.4491,0.0035,0.0064,1.6899,0.8007
619,619000,47.277171,B,false,3101,7003,0.8772,0.0000,42.8675,-0.2340,-0.2324,0.6644,0.5210,0.8859,3777,3226,true,0.1928,0.3254,0.0229,0.0000,0.0405,0.0150,0.0000,0.3597,0.4734,0.6318,6.9057,6.0542,0.0000,0.0000,0.2035,0.2559
620,620000,47.353548,B,false,8435,7448,2.5474,0.0000,64.0556,-0.1095,-0.1364,1.9675,1.4870,0.8291,3773,3675,true,0.5555,0.5404,0.0761,0.0000,0.1822,0.1326,0.0000,1.3029,0.9822,1.9226,19.8941,15.0305,0.0011,0.0000,0.5041,0.8951
621,621000,47.429924,B,false,3335,7216,1.1285,0.0000,32.3236,0.1442,0.1524,0.8757,0.6632,0.8688,3650,3566,true,0.1820,0.3201,0.0068,0.0000,0.1410,0.0372,0.0000,0.1857,0.5651,0.9251,9.8855,7.2740,0.0000,0.0000,0.0491,0.0618
622,622000,47.506301,P,false,21910,4098,4.2276,0.0000,100.8690,2.8310,2.0225,3.2670,2.3511,0.7143,0,4098,true,1.6011,2.1677,0.1942,0.0022,0.6215,0.3897,0.0030,3.7650,2.9538,7.4777,38.4355,37.2571,0.0000,0.0000,0.8555,0.2302
623,623000,47.582678,B,false,3908,6852,0.8170,0.0000,69.4343,-0.2219,-0.1498,0.6553,0.4457,0.8653,3828,3024,true,0.2514,0.3604,0.0225,0.0000,0.0172,0.0344,0.0000,0.1603,0.6630,0.9872,8.5006,3.8173,0.0000,0.0000,0.0000,0.0006
624,624000,47.659054,B,false,10648,5375,3.3355,0.0000,65.5005,0.4638,0.0268,2.5163,2.0032,0.7460,3970,1405,true,1.2038,0.8509,0.2874,0.0011,0.3512,0.2150,0.0000,0.9968,2.4579,4.3902,23.0511,9.2706,0.0226,0.0000,0.0000,0.0042
625,625000,47.735431,B,false,5287,7571,1.2961,0.0000,64.7428,0.1334,0.0395,0.9612,0.7878,0.8500,3934,3637,true,0.5740,0.4256,0.1020,0.0000,0.0481,0.0456,0.0744,0.2510,1.1189,2.8292,11.1256,3.9510,0.0000,0.0000,0.0000,0.0000
626,626000,47.811808,P,false,92143,5100,2.3922,0.0000,126.0032,1.4348,1.0095,1.7796,1.3738,0.6429,0,5100,true,0.7704,1.7627,0.5013,0.0943,0.2999,0.4056,0.1153,2.1152,1.7379,7.7761,48.8795,7.2022,0.0430,0.0725,0.1777,0.3933
627,627000,47.888185,B,false,5487,7499,1.2398,0.0000,56.5846,-0.0192,0.0227,0.8212,0.8567,0.8610,3894,3605,true,0.8310,0.5264,0.2266,0.0000,0.0864,0.0100,0.0513,0.1905,0.7877,4.7470,8.4356,2.9248,0.0000,0.0000,0.0000,0.0000
628,628000,47.964561,B,false,9408,7591,2.2694,0.0000,89.6538,-0.2585,0.0402,1.7134,1.3578,0.8413,3763,3828,true,1.5154,1.1988,0.6837,0.0000,0.2791,0.0633,0.1402,0.5323,2.0226,10.3721,17.1077,3.7945,0.0005,0.0000,0.0000,0.0000
629,629000,48.040938,B,false,4711,7315,0.8870,0.0000,62.0610,0.0353,0.1042,0.6816,0.5070,0.8645,3500,3815,true,0.7563,0.6223,0.3270,0.0000,0.1129,0.1255,0.0846,0.2733,0.9335,4.6836,6.1715,0.9397,0.0000,0.0000,0.0000,0.0000
630,630000,48.117315,P,false,23706,3983,3.4300,0.0000,132.5108,1.7983,1.5508,2.6671,1.9643,0.7394,0,3983,true,0.6537,2.0312,0.3868,0.0209,0.5120,0.4782,0.0105,1.7606,4.2421,25.3304,21.0310,10.2221,0.0011,0.0021,0.0061,0.0307
631,631000,48.193691,B,false,4841,7361,0.7347,0.0000,29.2104,0.0899,0.0335,0.6413,0.2827,0.8807,3591,3770,true,0.4496,0.9584,0.0877,0.0000,0.0507,0.8977,0.1608,0.2649,0.4799,3.9159,4.4636,0.2281,0.0000,0.0000,0.0000,0.0000
632,632000,48.270068,B,false,9139,7248,1.8567,0.0000,80.0816,0.5224,0.1323,1.5976,0.7199,0.8343,3401,3847,true,0.7906,1.9646,0.2598,0.0000,0.0607,2.1036,0.8391,1.2360,0.7382,10.3378,10.8402,1.9288,0.0045,0.0000,0.0000,0.0006
633,633000,48.346445,B,false,5567,6992,0.8393,0.0000,65.4313,0.1644,0.0522,0.6977,0.3503,0.8720,3104,3888,true,0.2738,0.8570,0.0932,0.0000,0.0187,1.3051,0.4548,0.6080,0.1636,3.6756,5.2888,2.2257,0.0000,0.0000,0.0000,0.0000
634,634000,48.422821,P,false,30125,3913,3.8550,0.0000,209.9543,2.7616,0.4739,3.3640,1.5367,0.7232,0,3913,true,1.2903,2.4960,0.7053,0.0027,0.2857,13.3923,1.9457,3.3742,1.9863,15.0352,9.3735,32.2781,0.0000,0.0021,0.0127,0.3494
635,635000,48.499198,B,false,4045,6843,0.3699,0.0000,47.3821,0.0330,0.0248,0.2917,0.1808,0.9133,3787,3056,true,0.0409,0.4375,0.1026,0.0000,0.0111,1.7018,0.7155,0.2025,0.1016,1.2406,1.3605,0.1090,0.0000,0.0000,0.0000,0.0000
636,636000,48.575575,B,false,7373,7227,1.0107,0.0000,99.0028,0.3129,0.1211,0.7806,0.5274,0.8685,3762,3465,true,0.1212,1.0998,0.4148,0.0000,0.0314,5.9045,1.4243,0.3571,0.2956,4.3082,2.0135,0.3533,0.0046,0.0000,0.0000,0.0000
637,637000,48.651951,B,false,4871,7143,0.5056,0.0000,56.0457,0.1322,0.0597,0.4152,0.2289,0.9038,3722,3421,true,0.0483,0.4288,0.2350,0.0000,0.0979,3.9477,0.2768,0.1658,0.4783,1.6654,0.2584,0.0092,0.0000,0.0000,0.0000,0.0000
638,638000,48.728328,P,false,22115,4224,1.8590,0.0000,133.9328,1.1687,0.2788,1.4575,0.9373,0.7391,0,4224,true,0.5639,3.1996,0.5592,0.0000,1.0718,13.2774,0.1206,1.5742,1.4640,3.4561,0.5707,1.6945,0.0000,0.0040,0.0059,0.1250
639,639000,48.804705,B,false,6271,4708,0.8601,0.0000,51.5873,0.0955,-0.0271,0.6256,0.4804,0.8097,724,3984,true,0.1602,0.7473,0.5283,0.0000,0.3874,4.7994,0.3007,0.3889,1.3090,0.3784,0.4922,0.0244,0.0000,0.0000,0.0000,0.0043
640,640000,48.881081,B,false,7892,4617,1.2362,0.0000,88.2511,-0.3413,-0.1725,0.9065,0.7172,0.8094,4011,606,true,0.2000,0.8303,0.9462,0.0000,0.8339,6.3761,1.1963,0.4569,1.8784,0.0262,0.2319,0.0768,0.0000,0.0000,0.0050,0.0057
641,641000,48.957458,B,false,3145,7421,0.3486,0.0000,39.3462,0.0749,0.0711,0.2567,0.1952,0.9080,3614,3807,true,0.0538,0.3297,0.1363,0.0000,0.3221,3.0161,0.2882,0.1652,0.7231,0.0181,0.0000,0.0024,0.0000,0.0000,0.0020,0.0000
642,642000,49.033835,P,false,162892,5807,1.4113,0.2500,122.8744,0.6926,0.3640,1.0405,0.7447,0.4348,0,5807,true,0.5628,0.9701,0.5545,0.2906,1.6871,11.9045,0.4318,1.4352,2.1743,0.7048,1.2418,3.6789,0.2196,0.1567,0.3501,0.7004
643,643000,49.110212,B,false,4125,7392,0.4116,0.0000,18.1125,-0.0479,0.0376,0.3466,0.1553,0.8911,3621,3771,true,0.1434,0.5452,0.1311,0.0000,0.4244,3.1367,0.3757,0.2907,0.8273,0.0182,0.0000,0.0019,0.0000,0.0000,0.0000,0.0000
644,644000,49.186588,B,false,10633,5744,1.3473,0.0000,68.8740,0.1519,0.1707,1.1528,0.4531,0.7848,1671,4073,true,0.5343,1.3346,0.6047,0.0000,1.5016,6.8051,0.8530,0.9880,2.0094,0.1365,0.3952,0.0560,0.0000,0.0000,0.0008,0.0008
645,645000,49.262965,B,false,4572,7184,0.4722,0.0000,39.8003,0.0855,0.0063,0.4090,0.1454,0.8651,3213,3971,true,0.1447,0.6697,0.1671,0.0000,0.4273,3.2504,0.5089,0.2617,0.7774,0.0919,0.2823,0.0343,0.0000,0.0000,0.0005,0.0000
646,646000,49.339342,P,false,97668,5445,1.8743,0.0000,74.3514,1.0888,0.3013,1.5092,0.7451,0.5719,0,5445,true,1.0635,1.8757,0.5472,0.1313,2.1783,14.2639,2.0018,2.5762,2.0585,0.3990,1.5820,5.3281,0.0814,0.0556,0.1514,0.4643
647,647000,49.415718,B,false,2508,7128,0.2570,0.0000,18.9901,0.0190,-0.0038,0.2334,0.0792,0.9162,3718,3410,true,0.0493,0.2709,0.0618,0.0000,0.4545,2.2408,0.2840,0.1706,0.4650,0.0376,0.0012,0.0013,0.0000,0.0000,0.0000,0.0000
648,648000,49.492095,B,false,8498,7443,1.0801,0.0000,68.6190,0.2145,0.0433,0.9612,0.3904,0.8566,3735,3708,true,0.2170,0.6103,0.3154,0.0000,1.4964,8.0563,1.1345,1.0915,1.8885,0.1240,0.1540,0.0013,0.0000,0.0000,0.0005,0.0000
649,649000,49.568472,B,false,4086,7395,0.4383,0.0000,39.6682,0.0873,0.0423,0.3642,0.1887,0.8911,3847,3548,true,0.0985,0.2977,0.3705,0.0000,0.3711,3.3302,0.5261,0.7265,0.5356,0.0181,0.0081,0.0000,0.0000,0.0000,0.0000,0.0000
650,650000,49.644848,P,false,25650,4468,1.8125,0.0000,100.5814,0.7316,0.2482,1.5947,0.6959,0.7178,0,4468,true,0.6174,1.9315,0.8580,0.0281,1.8800,13.9258,1.6518,3.4929,1.5071,0.0706,0.6514,0.4512,0.0137,0.0078,0.0254,0.0302
651,651000,49.721225,B,false,4258,7816,0.4466,0.0000,15.7520,0.0601,0.0062,0.3323,0.2259,0.8762,3907,3909,true,0.1181,0.4141,0.4065,0.0000,0.6201,2.4545,0.6413,1.1413,0.6009,0.0134,0.0000,0.0000,0.0000,0.0000,0.0000,0.0000
652,652000,49.797602,B,false,7664,7683,0.7882,0.0000,67.4685,0.0660,0.0212,0.5142,0.5052,0.8626,4035,3648,true,0.2120,1.0885,0.6615,0.0000,1.2221,4.8604,1.0754,1.2308,0.4991,0.0451,0.0076,0.0000,0.0000,0.0000,0.0005,0.0000
653,653000,49.873978,B,false,3541,7490,0.3530,0.0000,19.5256,-0.0062,-0.0208,0.2079,0.2508,0.8872,3752,3738,true,0.0606,0.5877,0.3635,0.0006,0.5042,2.3107,0.4717,0.6269,0.1943,0.0129,0.0000,0.0000,0.0000,0.0000,0.0000,0.0000
654,654000,49.950355,P,false,25711,4179,1.3448,0.0000,63.4158,0.0788,-0.0479,0.9697,0.7788,0.7626,0,4179,true,0.6348,2.0838,2.1776,0.0102,2.2220,5.8783,0.3993,4.8361,0.8758,0.3053,0.8177,0.0179,0.0070,0.0075,0.0051,0.0209
655,655000,50.026732,B,false,2881,6719,0.1538,0.0000,20.8041,0.0173,0.0352,0.0906,0.1098,0.9198,3124,3595,true,0.0414,0.2053,0.0568,0.0000,0.3311,1.1439,0.2656,0.1457,0.0373,0.0000,0.0018,0.0000,0.0000,0.0000,0.0000,0.0006
656,656000,50.103109,B,false,7690,6458,0.7966,0.0000,40.1318,0.1192,0.0037,0.4751,0.5569,0.8258,2496,3962,true,0.3036,1.1086,0.5554,0.0000,1.7595,4.2345,0.8839,1.2978,0.5603,0.0379,0.1446,0.0021,0.0000,0.0000,0.0006,0.0000
657,657000,50.179485,B,false,4833,5341,0.3808,0.0000,14.1421,0.0038,-0.0866,0.2410,0.2422,0.8337,3820,1521,true,0.1997,0.6419,0.3822,0.0011,0.7747,1.6458,0.5603,0.4204,0.4575,0.0256,0.0056,0.0021,0.0000,0.0000,0.0000,0.0006
658,658000,50.255862,P,false,93160,5299,1.0595,0.0000,50.9516,0.0217,0.1418,0.6660,0.6816,0.6214,0,5299,true,0.6262,1.0807,1.2444,0.0705,1.9884,4.2913,1.4145,2.9076,1.2366,0.1770,1.0124,0.8661,0.0365,0.0602,0.0686,0.1685
659,659000,50.332239,B,false,4604,7515,0.2447,0.0000,15.0000,-0.0638,0.0195,0.1605,0.1392,0.8841,3721,3794,true,0.1291,0.5044,0.1788,0.0012,0.3592,1.0157,0.1887,0.5166,0.5136,0.0475,0.0353,0.0000,0.0000,0.0000,0.0000,0.0000
660,660000,50.408615,B,false,7696,7626,0.6706,0.0000,19.2500,-0.1598,0.1001,0.4381,0.4038,0.8538,3945,3681,true,0.3728,0.9920,0.5865,0.0000,0.6316,2.3484,0.6043,2.6887,1.0927,0.0887,0.0000,0.0007,0.0000,0.0000,0.0005,0.0000
661,661000,50.484992,B,false,4932,7507,0.2733,0.0000,17.6139,-0.0120,0.0363,0.1860,0.1526,0.8896,3646,3861,true,0.0991,0.3603,0.2312,0.0000,0.2544,1.2496,0.2664,1.0725,0.4052,0.0233,0.0000,0.0000,0.0000,0.0000,0.0000,0.0000
662,662000,50.561369,P,false,23234,4310,0.8351,0.0000,47.4131,0.1148,0.0753,0.6491,0.3669,0.7589,0,4310,true,0.4658,1.5185,0.5623,0.0170,1.7637,3.8763,0.7391,1.8070,1.7449,0.1121,0.0992,0.1044,0.0222,0.0000,0.0175,0.0663
663,663000,50.637745,B,false,4187,7441,0.2385,0.0000,19.5272,0.0121,0.0202,0.1243,0.1707,0.9011,3687,3754,true,0.1724,0.4757,0.2293,0.0000,0.2985,1.3222,0.5023,0.3507,0.1639,0.0024,0.0067,0.0000,0.0000,0.0000,0.0000,0.0000
664,664000,50.714122,B,false,6532,7746,0.6158,0.0000,23.5385,-0.0021,-0.0163,0.3100,0.4702,0.8598,3861,3885,true,0.3305,1.3421,0.7762,0.0000,0.8362,3.1466,0.6610,1.1629,0.3703,0.0437,0.0006,0.0006,0.0000,0.0000,0.0005,0.0000
665,665000,50.790499,B,false,4231,7386,0.2671,0.0000,38.0501,-0.0035,0.0231,0.1395,0.1962,0.8989,3593,3793,true,0.1993,0.7705,0.2890,0.0000,0.1437,1.5142,0.3210,0.5889,0.1080,0.0069,0.0108,0.0000,0.0000,0.0000,0.0000,0.0000
666,666000,50.866875,P,false,20157,4165,1.3631,0.0000,32.9848,0.1178,-0.5254,0.7059,1.0146,0.7683,0,4165,true,0.9884,2.6207,1.2904,0.0100,1.2100,8.4455,1.1631,3.0223,1.0007,0.1207,0.2584,0.0470,0.0000,0.0000,0.0039,0.0076
667,667000,50.943252,B,false,4919,7511,0.1923,0.0000,28.6356,0.0086,-0.0247,0.1313,0.1023,0.8923,3755,3756,true,0.1707,0.6995,0.2779,0.0000,0.1971,0.5382,0.1387,0.5530,0.2086,0.0448,0.0090,0.0000,0.0000,0.0000,0.0000,0.0000
668,668000,51.019629,B,false,7121,7440,0.5556,0.0000,34.0037,0.0848,-0.1453,0.3650,0.3131,0.8754,3955,3485,true,0.5316,1.7476,0.6941,0.0000,0.2454,1.9673,0.5819,1.0629,0.8672,0.2008,0.0036,0.0006,0.0000,0.0000,0.0005,0.0000
669,669000,51.096005,B,false,3363,7269,0.2783,0.0000,25.6527,0.0163,-0.0208,0.1805,0.1610,0.8939,3855,3414,true,0.3621,0.9208,0.1664,0.0000,0.4558,0.9454,0.1741,0.3399,0.6230,0.1395,0.0000,0.0000,0.0000,0.0000,0.0000,0.0000
670,670000,51.172382,P,false,24998,4058,0.9846,0.0000,35.3500,0.0946,0.1630,0.7215,0.4721,0.7863,0,4058,true,1.3467,3.0337,0.3907,0.0011,0.0675,3.4901,0.8697,2.3219,1.9685,0.1170,0.3741,0.0057,0.0178,0.0011,0.0019,0.0220
671,671000,51.248759,B,false,4294,7512,0.4188,0.0000,27.9162,0.0069,0.0092,0.2590,0.2654,0.8854,3738,3774,true,0.4560,0.8685,0.1868,0.0000,0.3245,2.2241,0.3849,0.5112,0.6959,0.1910,0.0000,0.0186,0.0000,0.0000,0.0000,0.0000
672,672000,51.325136,B,false,6710,7499,0.5805,0.0000,31.9785,0.0973,0.0361,0.4035,0.3374,0.8813,3838,3661,true,0.8995,0.7753,0.1044,0.0000,0.4453,3.1305,0.6536,1.0009,1.2264,0.2511,0.0000,0.0184,0.0000,0.0000,0.0000,0.0000
673,673000,51.401512,B,false,3222,7597,0.2998,0.0000,28.9007,0.0199,0.0348,0.2297,0.1520,0.8921,3776,3821,true,0.4384,0.8090,0.0268,0.0000,0.3096,1.6401,0.3096,0.3218,0.3702,0.0942,0.0000,0.0000,0.0000,0.0000,0.0000,0.0000
674,674000,51.477889,P,false,16884,4009,0.9679,0.0000,35.7928,-0.3994,0.4706,0.6303,0.6073,0.8134,0,4009,true,1.0457,1.5460,0.8305,0.0011,0.4836,6.0648,0.7990,3.0021,1.2627,0.0198,0.0347,0.0193,0.0000,0.0011,0.0019,0.0061
675,675000,51.554266,B,false,4330,7665,0.4576,0.0000,19.0066,0.0139,0.0179,0.3767,0.1798,0.8821,3784,3881,true,0.5049,0.9123,0.0499,0.0000,0.5593,2.7035,0.2879,0.7755,0.7651,0.1245,0.0000,0.0000,0.0000,0.0000,0.0000,0.0000
676,676000,51.630642,B,false,7876,7665,1.0148,0.0000,56.5315,0.1833,0.1429,0.8426,0.4020,0.8682,3789,3876,true,1.2930,0.9135,0.1228,0.0000,1.0257,7.0746,0.5516,2.0486,1.4996,0.3443,0.0000,0.0146,0.0000,0.0000,0.0005,0.0000
677,677000,51.707019,B,false,5411,7870,0.6974,0.0000,19.7642,-0.0104,-0.0314,0.5407,0.3267,0.8714,3976,3894,true,0.5948,0.6819,0.3044,0.0000,0.5168,3.9352,0.5209,2.2065,0.9412,0.0672,0.0000,0.0006,0.0000,0.0000,0.0000,0.0000
678,678000,51.783396,P,false,20678,3713,1.1245,0.0000,50.3314,-0.6622,-0.0591,0.9828,0.3971,0.8610,0,3713,true,0.9542,1.4862,0.7099,0.0011,0.6627,10.4820,1.7662,1.9954,1.7126,0.1119,0.0021,0.0818,0.0000,0.0011,0.0033,0.0011
679,679000,51.859772,B,false,6080,5367,0.8659,0.0000,22.9810,-0.1913,0.0490,0.6724,0.3783,0.7945,1341,4026,true,0.6174,0.7068,0.5029,0.0010,0.6115,4.0804,0.5493,2.1146,0.9129,0.0439,0.0000,0.0017,0.0000,0.0000,0.0009,0.0009
680,680000,51.936149,B,false,9857,5547,1.6319,0.0000,42.3792,0.2761,0.0401,1.1783,0.8797,0.7853,4120,1427,true,0.9573,2.1846,1.4103,0.0093,1.1071,7.5098,0.7808,3.2439,1.8556,0.3428,0.0042,0.0175,0.0000,0.0000,0.0020,0.0065
681,681000,52.012526,B,false,4909,7765,0.6439,0.0000,21.0372,-0.0392,0.0695,0.4228,0.3849,0.8623,3945,3820,true,0.3472,1.4299,0.6882,0.0000,0.3987,3.1719,0.6322,1.9250,0.5381,0.0807,0.0065,0.0012,0.0000,0.0000,0.0000,0.0000
682,682000,52.088902,P,false,90734,5583,1.4562,0.0000,79.5621,-0.6522,-0.0783,1.0845,0.6770,0.5846,0,5583,true,1.2544,1.7045,0.8416,0.1157,0.6521,14.4155,0.5489,4.4973,0.7192,0.4256,0.7537,1.1931,0.1042,0.0736,0.2635,0.4119
683,683000,52.165279,B,false,6189,7753,0.5566,0.0000,28.3659,-0.0654,0.0535,0.2931,0.4093,0.8592,3859,3894,true,0.1816,1.6612,0.7279,0.0021,0.1869,2.2232,0.7544,1.6447,0.4911,0.1121,0.0011,0.0055,0.0000,0.0000,0.0000,0.0000
684,684000,52.241656,B,false,9805,8015,0.8827,0.0000,52.8015,-0.0435,0.1095,0.4911,0.6346,0.8321,4102,3913,true,0.2567,1.3607,1.2919,0.0058,0.2319,3.7480,0.6236,3.6159,0.6946,0.2873,0.0012,0.0175,0.0000,0.0000,0.0000,0.0000
685,685000,52.318033,B,false,6298,7815,0.3859,0.0000,16.1574,0.0013,0.0024,0.2051,0.2719,0.8654,3885,3930,true,0.0753,0.6498,0.9354,0.0000,0.0730,1.5479,0.2805,1.4450,0.2666,0.1796,0.0000,0.0100,0.0000,0.0065,0.0000,0.0000
686,686000,52.394409,P,false,24629,4261,1.9835,0.0000,81.5188,0.0948,-0.1656,1.2163,1.3533,0.7308,0,4261,true,0.6985,2.5651,2.5602,0.0423,0.2274,8.5944,1.5033,10.0297,1.6236,0.3755,0.1544,0.1929,0.0215,0.0075,0.0227,0.0388
687,687000,52.470786,B,false,8181,7900,0.5722,0.0000,31.9100,0.0446,0.0769,0.3253,0.3933,0.8520,4088,3812,true,0.1924,0.9872,1.1136,0.0128,0.1911,2.6830,0.5117,1.1680,0.6856,0.4681,0.0000,0.0197,0.0000,0.0000,0.0000,0.0000
688,688000,52.547163,B,false,13152,7925,1.1627,0.0000,43.6606,0.3446,0.1271,0.7439,0.7432,0.8198,3914,4011,true,0.3799,2.0282,2.0698,0.1121,0.1511,5.0915,0.2514,2.3754,2.5115,0.9610,0.0000,0.0098,0.0000,0.0000,0.0000,0.0006
689,689000,52.623539,B,false,9441,7679,0.8636,0.0000,39.5364,0.0347,0.0219,0.5733,0.5412,0.8314,3731,3948,true,0.1231,1.1142,1.6424,0.0634,0.0203,3.4670,1.0225,2.1715,1.6166,0.8251,0.0000,0.0026,0.0000,0.0000,0.0000,0.0000
690,690000,52.699916,P,false,37391,4130,1.5026,0.0000,62.9191,-0.3257,-0.2329,0.9142,1.0091,0.7472,0,4130,true,0.9752,3.2599,1.8126,0.0895,0.3361,7.0255,1.1065,6.8999,2.2539,1.1766,0.0134,0.3632,0.1024,0.0232,0.0106,0.0477
691,691000,52.776293,B,false,10092,7405,0.8375,0.0000,31.7264,0.1904,0.0035,0.6426,0.4180,0.8165,4057,3348,true,0.1995,1.0336,1.4778,0.0976,0.0270,2.3549,0.8379,2.9007,1.6844,0.9835,0.0103,0.0210,0.0000,0.0000,0.0121,0.0034
692,692000,52.852669,B,false,14381,5993,2.1284,0.0000,68.5100,-0.0129,-0.0096,1.5718,1.1019,0.7042,4357,1636,true,0.8542,3.4434,4.1256,0.5654,0.2384,4.6304,2.1550,3.9141,3.3251,2.6447,0.0125,0.0348,0.0000,0.0000,0.0000,0.0020
693,693000,52.929046,B,false,9409,8059,0.6955,0.0000,35.6590,-0.0272,-0.0133,0.5125,0.3505,0.8212,4041,4018,true,0.2674,1.5439,1.6522,0.1169,0.0672,1.7889,1.1229,1.2765,1.0968,0.8323,0.0006,0.0123,0.0000,0.0000,0.0000,0.0000
694,694000,53.005423,P,false,99151,5234,2.0152,0.0000,78.8931,-0.7004,-0.3696,1.5210,1.0064,0.6502,0,5234,true,1.1506,3.0257,2.1768,1.2980,0.4126,8.1433,1.4677,8.9232,5.7360,2.9062,0.5771,0.6855,0.0902,0.0733,0.1290,0.3698
695,695000,53.081799,B,false,7468,7678,0.5624,0.0000,24.9900,-0.0834,-0.0049,0.4519,0.2439,0.8394,3959,3719,true,0.2007,1.4739,1.7267,0.0031,0.1113,1.2672,1.0733,0.6763,0.8187,0.9300,0.0013,0.0012,0.0000,0.0000,0.0000,0.0000
696,696000,53.158176,B,false,11669,8027,1.0367,0.0000,54.1583,-0.1510,0.0724,0.7555,0.5572,0.7993,4123,3904,true,0.3580,2.4259,2.0320,0.0924,0.1886,2.5255,1.5511,1.3087,1.6731,2.2066,0.0694,0.0110,0.0000,0.0000,0.0000,0.0011
697,697000,53.234553,B,false,7494,7638,0.5460,0.0000,26.3059,0.0091,0.0078,0.3924,0.3157,0.8392,3832,3806,true,0.0977,1.1030,2.2828,0.4643,0.0471,0.9912,0.6895,0.4438,0.6476,1.3216,0.2987,0.0000,0.0000,0.0000,0.0000,0.0000
698,698000,53.310930,P,false,32688,4288,2.1113,0.0000,92.6742,-0.1524,-0.5617,1.4611,1.2681,0.6975,0,4288,true,0.8623,2.9857,2.0062,0.6475,0.6665,5.9635,2.9356,4.4579,3.3727,7.1882,0.0498,0.1599,0.0071,0.0041,0.0170,0.0259
699,699000,53.387306,B,false,6677,7742,0.6367,0.0000,27.8051,0.0462,-0.0460,0.4529,0.3466,0.8348,3990,3752,true,0.1181,1.6063,2.2401,0.6821,0.0339,1.1413,0.7438,0.4711,0.5034,1.7652,0.0075,0.0000,0.0000,0.0022,0.0000,0.0000
700,700000,53.463683,B,false,12881,7896,1.0108,0.0000,51.1426,-0.0554,0.0132,0.6922,0.6004,0.7999,3999,3897,true,0.2559,2.7035,2.8859,1.0423,0.1217,1.4839,1.0936,1.3173,1.1357,3.0697,0.2415,0.0101,0.0000,0.0005,0.0000,0.0000
701,701000,53.540060,B,false,5220,7474,0.4182,0.0000,20.2500,-0.0449,-0.0331,0.3149,0.2102,0.8372,3613,3861,true,0.0914,1.1189,1.7465,0.1060,0.1507,0.5388,0.5232,0.2506,0.4806,1.2060,0.0199,0.0000,0.0000,0.0000,0.0005,0.0000
702,702000,53.616436,P,false,33456,4279,1.7063,0.0000,70.9657,-0.1643,-0.5727,1.1750,1.0583,0.6677,0,4279,true,0.7530,2.2137,2.8515,1.7458,0.5405,3.8883,1.9420,3.3569,1.9964,6.2568,0.6535,0.0271,0.0446,0.0036,0.0000,0.0396
703,703000,53.692813,B,false,5782,6433,0.4407,0.0000,41.2689,-0.0232,0.0616,0.2979,0.2654,0.8104,4053,2380,true,0.1007,0.5422,1.0712,0.2811,0.1154,0.3516,0.4923,0.4776,0.7226,1.8481,0.7289,0.0012,0.0006,0.0000,0.0040,0.0066
704,704000,53.769190,B,false,14868,6113,1.3173,0.0000,60.1332,-0.0831,0.0491,0.8514,0.8187,0.6859,4447,1666,true,0.2849,0.7793,2.8275,1.2544,0.3221,1.0761,1.1766,1.5013,2.2021,5.1738,0.6553,0.0734,0.0148,0.5090,0.0183,0.0185
705,705000,53.845566,B,false,5479,7616,0.4725,0.0000,33.4897,-0.0146,-0.0223,0.2960,0.3048,0.8272,3623,3993,true,0.0858,0.3049,1.2813,0.1038,0.0979,0.4087,0.6408,0.6492,0.7091,2.1573,0.2832,0.0015,0.0054,0.4327,0.0005,0.0000
706,706000,53.921943,P,false,98274,5231,1.7285,0.0000,50.6859,-0.1325,-0.5870,1.1431,1.0239,0.5475,0,5231,true,0.7394,1.6320,2.5673,1.0797,0.5586,2.6057,2.6413,4.8124,1.9342,7.2650,1.7028,0.8410,0.1188,0.0643,0.2467,0.5434
707,707000,53.998320,B,false,6715,7612,0.4830,0.0000,25.0000,-0.0457,0.0122,0.3619,0.2490,0.8321,3775,3837,true,0.2611,0.6041,0.7395,0.1200,0.0131,0.6652,0.9108,0.5606,0.3707,1.9989,0.2476,0.0025,0.0499,0.5614,0.0027,0.0006
708,708000,54.074696,B,false,11170,7860,1.1428,0.0000,49.9925,-0.1287,-0.0976,0.7905,0.6563,0.7961,3897,3963,true,0.7005,1.2910,2.4225,0.5304,0.0598,1.8627,2.1751,1.0495,0.7863,3.7140,0.6561,0.0032,0.2458,1.1152,0.0103,0.0011
709,709000,54.151073,B,false,7094,7695,0.6245,0.0000,43.1045,-0.0353,-0.0431,0.3973,0.3699,0.8224,3671,4024,true,0.5090,0.6296,1.2357,0.5685,0.0286,1.7725,1.5237,0.5800,0.2454,1.3446,0.2933,0.0000,0.0294,0.5035,0.0007,0.0000
710,710000,54.227450,P,false,28702,4382,2.0161,0.0000,107.4808,0.2402,-0.3923,1.4904,1.0259,0.6495,0,4382,true,2.2241,3.5332,2.7977,1.2245,0.2769,2.2528,2.2361,3.4546,1.2221,7.0254,1.1905,0.0820,0.2947,2.4343,0.0728,0.0536
711,711000,54.303826,B,false,8636,7883,0.8474,0.0000,41.5000,-0.0042,-0.0152,0.5524,0.4732,0.8092,3889,3994,true,0.5350,0.8107,1.0802,1.3956,0.0615,1.8119,2.3629,1.1104,0.4004,1.1876,1.0644,0.0043,0.0451,0.6600,0.1125,0.0000
712,712000,54.380203,B,false,15797,7779,1.3819,0.0000,63.2362,0.2519,-0.0291,0.9156,0.8374,0.7522,3553,4226,true,0.9915,1.6055,3.7167,0.9674,0.1659,2.2319,1.6664,1.6792,0.8086,2.6589,2.3049,0.0081,0.1107,1.7109,0.0575,0.0044
713,713000,54.456580,B,false,7831,6734,0.7715,0.0000,23.0054,0.0257,-0.0676,0.5492,0.4263,0.7881,2677,4057,true,0.3479,1.1657,2.4228,0.9591,0.0292,1.1006,1.6595,0.8274,0.4406,0.8863,1.5432,0.0108,0.0050,0.5672,0.1328,0.0031
714,714000,54.532957,P,false,41891,4022,2.3618,0.0000,101.8982,0.1004,-0.8324,1.4282,1.5671,0.6430,0,4022,true,2.5247,3.2766,6.0063,0.4708,0.6149,2.8122,2.3748,5.3579,1.5595,4.0690,6.3375,1.2731,0.1824,0.8782,0.3163,0.2206
715,715000,54.609333,B,false,8714,7346,0.9079,0.0000,48.0104,0.0686,-0.0332,0.7430,0.3214,0.8175,4088,3258,true,0.1665,1.5115,2.9381,0.6169,0.0638,2.2567,0.4031,1.3596,0.8575,1.7046,0.7653,0.0006,0.0000,0.7772,0.0018,0.0005
716,716000,54.685710,B,false,13089,7452,1.9318,0.0000,94.1541,-0.1963,-0.1077,1.6202,0.6503,0.7743,3906,3546,true,0.4133,2.1228,6.7145,1.3486,0.1445,6.1256,0.8010,2.6935,2.1158,3.9992,2.2713,0.0057,0.0000,1.0507,0.0336,0.0011
717,717000,54.762087,B,false,9415,7504,0.9420,0.0000,50.2655,-0.0056,0.0309,0.8039,0.3105,0.8276,3814,3690,true,0.2265,1.0881,2.9818,0.7435,0.0390,3.1826,0.4932,1.2084,0.7808,1.7313,1.4240,0.0047,0.0000,0.3947,0.0228,0.0005
718,718000,54.838463,P,false,36742,4116,3.0405,0.0000,95.0789,-0.6908,-0.4130,2.4479,1.1763,0.6876,0,4116,true,0.5704,4.8497,5.6947,2.5470,0.4712,10.0000,0.6148,6.1041,2.8865,7.1866,6.4373,0.0659,0.0031,0.1727,0.0493,0.0064
719,719000,54.914840,B,false,8487,5205,0.9646,0.0000,49.4065,-0.0362,-0.0771,0.7830,0.3795,0.7479,1066,4139,true,0.2060,0.7089,2.2487,1.1228,0.0846,2.3941,1.3361,0.4357,0.5067,1.5795,1.9523,0.5114,0.0000,0.3600,0.0520,0.0237
720,720000,54.991217,B,false,12426,5413,2.0523,0.0000,111.5219,0.1737,0.1331,1.6944,0.9165,0.6992,4274,1139,true,0.3872,1.8951,5.8554,1.0138,0.0892,2.9311,1.3206,1.5181,1.3093,4.8263,4.3515,0.6657,0.0000,1.1329,0.3703,0.0152
721,721000,55.067593,B,false,5789,7622,0.8023,0.0000,56.1538,0.1013,-0.0616,0.6704,0.3504,0.8306,3792,3830,true,0.1182,0.8971,2.2874,0.7764,0.0183,1.1716,0.5813,1.5378,0.3737,2.3133,2.2246,0.1954,0.0000,0.0016,0.0053,0.0049
722,722000,55.143970,P,false,158313,5528,2.5302,0.2500,81.8841,-0.3092,-0.3580,2.0780,1.0758,0.3734,0,5528,true,0.5803,3.8614,4.2354,1.1835,0.4011,7.7881,1.9072,2.1241,1.0199,7.5586,12.3187,2.8910,0.2908,0.2899,0.4762,0.8569
723,723000,55.220347,B,false,7571,5764,0.8460,0.0000,43.3799,-0.0731,-0.0239,0.6737,0.3834,0.7595,1603,4161,true,0.2175,1.3498,2.4131,0.5644,0.0390,0.6374,0.8557,2.3294,0.4848,1.8070,2.0131,0.1422,0.0029,0.0163,0.0007,0.0048
724,724000,55.296723,B,false,15408,5918,2.1990,0.0000,68.8009,-0.0624,-0.1819,1.8884,0.8197,0.7320,3974,1944,true,0.6325,3.5118,5.5573,1.8595,0.0814,2.2255,3.0265,2.0995,0.7436,7.6929,5.0872,0.2434,0.0033,0.0000,0.0087,0.0190
725,725000,55.373100,B,false,7534,7192,1.3116,0.0000,69.3731,0.0645,0.0438,1.1216,0.4905,0.8039,3709,3483,true,0.3008,1.8814,3.1977,0.9266,0.0077,1.4924,2.2725,1.2564,0.6189,4.4781,3.6681,0.0287,0.0000,0.0008,0.0015,0.0006
726,726000,55.449477,P,false,87280,4451,2.1227,0.0000,115.2931,-0.0369,0.1000,1.6755,0.8952,0.5199,0,4451,true,1.1249,1.0920,2.5181,3.5734,0.3588,2.6335,2.9002,4.9281,1.1563,6.2358,13.6752,5.3528,0.1193,0.1589,0.2825,0.4570
727,727000,55.525854,B,false,8338,7363,1.2812,0.0000,57.7592,0.0477,0.0424,1.1350,0.3955,0.8161,3706,3657,true,0.8269,1.1291,0.5568,0.0939,0.0156,1.7450,1.5606,2.0240,0.9541,6.5837,5.3938,0.1230,0.0000,0.0000,0.0000,0.0000
728,728000,55.602230,B,false,14405,7258,2.2356,0.0000,156.2854,-0.1017,-0.0262,1.9834,0.7825,0.7718,3748,3510,true,1.2642,1.2534,0.7419,0.4397,0.0933,3.3937,3.1022,1.7459,1.6011,12.0965,10.7874,0.4370,0.0000,0.0000,0.0013,0.0006
729,729000,55.678607,B,false,7103,7471,1.1439,0.0000,90.9701,-0.1179,0.0059,1.0048,0.4104,0.8032,3876,3595,true,0.5994,0.8237,0.2411,0.0173,0.0691,1.2415,1.5084,0.6269,0.6190,6.0701,6.4096,0.9842,0.0000,0.0000,0.0005,0.0005
730,730000,55.754984,P,false,44299,4080,2.7204,0.0000,167.4306,0.5465,0.4270,2.3629,0.9169,0.6375,0,4080,true,2.9811,2.0961,1.0835,1.0582,0.3666,5.7099,4.1416,3.7644,2.1328,13.6519,10.4705,3.5159,0.0293,0.0215,0.0269,0.0401
731,731000,55.831360,B,false,8564,6821,0.9746,0.0000,99.2453,0.1008,0.0470,0.8110,0.3984,0.7981,2763,4058,true,0.2676,0.3936,0.0670,0.0217,0.2818,1.1663,1.1713,0.8045,0.7202,6.4797,4.4011,0.3684,0.0006,0.0000,0.0007,0.0006
732,732000,55.907737,B,false,15328,5765,2.2736,0.0000,130.5527,0.1784,0.0834,2.0330,0.7139,0.7572,3963,1802,true,1.0160,0.9909,0.3460,0.0153,1.7052,2.1020,1.5653,1.8041,2.4186,15.2937,6.5192,0.4635,0.0000,0.0000,0.0009,0.0042
733,733000,55.984114,B,false,4878,6773,0.6552,0.0000,73.4443,0.2204,0.0764,0.5715,0.2254,0.8527,2924,3849,true,0.1150,0.2058,0.0186,0.0000,0.4734,1.1387,0.6486,0.4907,0.6342,5.2784,1.6928,0.0173,0.0000,0.0000,0.0000,0.0006
734,734000,56.060490,P,false,86404,4671,1.8597,0.0000,182.2725,0.6983,-0.0537,1.5378,0.7417,0.5720,0,4671,true,0.9313,0.9481,0.4813,0.7370,0.2087,6.2716,2.6451,4.8472,0.8740,8.2936,2.1099,4.9427,0.0706,0.1132,0.2536,0.6100
735,735000,56.136867,B,false,7034,7393,0.8103,0.0000,50.4480,0.1251,0.0434,0.6773,0.3639,0.8596,3832,3561,true,0.3592,0.7408,0.0093,0.0000,0.5140,3.0171,0.2649,0.2904,0.4857,5.0802,1.3769,0.0122,0.0000,0.0000,0.0000,0.0000
736,736000,56.213244,B,false,8999,7029,1.0440,0.0000,127.9201,0.1886,0.0294,0.8798,0.4573,0.8230,3980,3049,true,0.5861,1.3427,0.0225,0.0007,0.6369,3.4693,0.4867,0.3332,0.8096,6.2883,1.1233,0.1073,0.0007,0.0000,0.0000,0.0048
737,737000,56.289620,B,false,4855,7306,0.3152,0.0000,42.1085,0.0299,0.0128,0.2635,0.1342,0.8894,3467,3839,true,0.3915,0.5742,0.0052,0.0024,0.2234,1.3356,0.0914,0.0231,0.2018,1.5432,0.3691,0.0052,0.0000,0.0000,0.0000,0.0000
738,738000,56.365997,P,false,30713,4544,2.0167,0.0000,68.6740,1.1215,0.4078,1.6507,0.9389,0.6538,0,4544,true,1.1933,1.2595,0.1768,0.0855,0.4226,12.1233,0.7772,1.1857,1.8416,9.9702,1.4178,0.7024,0.0442,0.0131,0.0286,0.0936
739,739000,56.442374,B,false,6968,7296,0.3055,0.0000,21.5537,0.0117,0.0301,0.2378,0.1357,0.8435,3193,4103,true,0.4873,0.6709,0.0186,0.0155,0.1668,1.3390,0.1387,0.1905,0.2372,0.6255,0.3137,0.0782,0.0007,0.0000,0.0266,0.0187
740,740000,56.518750,B,false,7764,5081,0.8100,0.0000,23.0068,-0.0461,-0.1441,0.6081,0.4122,0.7349,4050,1031,true,1.1187,1.5148,0.0412,0.0011,0.5075,2.4353,0.5709,0.3252,0.9836,1.6668,0.8819,0.0333,0.0000,0.0000,0.0211,0.0137
741,741000,56.595127,B,false,4160,7436,0.2290,0.0000,11.5596,0.0107,0.0088,0.1594,0.1289,0.8759,3815,3621,true,0.3447,0.5892,0.0068,0.0000,0.1861,1.0690,0.2387,0.0754,0.2688,0.5242,0.0235,0.0012,0.0000,0.0006,0.0026,0.0000
742,742000,56.671504,P,false,111365,5467,1.6205,0.0000,127.8872,0.7251,0.3393,1.2365,0.7632,0.5206,0,5467,true,1.2864,0.9804,0.3740,0.3210,0.6148,5.9560,1.3752,1.0881,1.3987,3.5629,2.7047,8.1785,0.2149,0.1724,0.3918,1.2733
743,743000,56.747881,B,false,5018,7352,0.2878,0.0000,31.0483,-0.0077,0.0368,0.2004,0.1599,0.8804,3919,3433,true,0.1785,0.3560,0.0111,0.0000,0.3382,1.5035,0.2510,0.1619,0.2676,1.1167,0.0666,0.0000,0.0000,0.0000,0.0005,0.0000
744,744000,56.824257,B,false,7075,7759,0.6419,0.0000,37.3037,-0.0110,0.0748,0.4576,0.3617,0.8359,4017,3742,true,0.5373,0.9263,0.0286,0.0000,0.9601,3.0014,0.4978,0.2991,0.5661,1.6867,0.3532,0.0026,0.0000,0.0005,0.0000,0.0006
745,745000,56.900634,B,false,3857,7446,0.3046,0.0000,35.9878,0.0309,0.0113,0.2288,0.1475,0.8783,3814,3632,true,0.2680,0.4896,0.0119,0.0000,0.7377,1.6748,0.2193,0.0939,0.2071,0.5882,0.0460,0.0000,0.0000,0.0000,0.0000,0.0000
746,746000,56.977011,P,false,23762,4327,1.5198,0.0000,66.9151,0.9420,0.4992,1.1827,0.8010,0.6919,0,4327,true,0.5253,1.6832,0.0659,0.0250,2.2408,8.8217,1.3972,0.9195,1.5231,2.1015,1.1632,0.0708,0.0057,0.0106,0.0471,0.0560
747,747000,57.053387,B,false,4341,7463,0.3998,0.0000,39.4224,-0.0260,-0.0199,0.3226,0.1738,0.8767,3646,3817,true,0.1632,0.4191,0.0100,0.0000,1.1104,2.9469,0.2904,0.2979,0.2053,0.2135,0.0283,0.0030,0.0000,0.0000,0.0000,0.0005
748,748000,57.129764,B,false,3668,7546,0.3526,0.0000,20.8041,0.0736,0.0340,0.2750,0.1751,0.8730,3796,3750,true,0.1418,0.4483,0.0140,0.0000,1.0731,2.5387,0.2907,0.2573,0.1998,0.1213,0.0111,0.0000,0.0000,0.0000,0.0000,0.0000
749,749000,57.206141,P,false,8628,4058,1.2565,0.0000,61.9808,0.7457,0.3094,0.9577,0.6219,0.7509,0,4058,true,0.8147,1.8976,0.0867,0.0000,4.3335,6.6845,1.3229,0.8642,0.9185,0.8804,0.5312,0.0000,0.0000,0.0000,0.0000,0.0000
750,750000,57.282517,I,true,308796,0,0.0000,0.0000,0.0000,0.0000,0.0000,0.0000,0.0000,0.0000,0,0,false,0.0000,0.0000,0.0000,0.0000,0.0000,0.0000,0.0000,0.0000,0.0000,0.0000,0.0000,0.0000,0.0000,0.0000,0.0000,0.0000
751,751000,57.358894,B,false,2697,5373,0.2591,0.0000,19.3730,0.0531,0.0001,0.1719,0.1431,0.8509,1506,3867,true,0.4287,0.3308,0.0153,0.0016,1.1057,1.0795,0.1866,0.1845,0.1245,0.0336,0.0027,0.0058,0.0000,0.0009,0.0000,0.0013
752,752000,57.435271,B,false,5700,5541,0.5352,0.0000,25.2389,0.0593,-0.0442,0.3740,0.2860,0.7849,4124,1417,true,0.5235,0.5351,0.0403,0.0011,1.8759,1.8166,0.3553,0.3472,0.4370,0.0710,0.0412,0.0099,0.0000,0.0000,0.0000,0.0153
753,753000,57.511647,B,false,2342,7439,0.1556,0.0000,20.8806,0.0243,0.0110,0.1138,0.0757,0.9013,3698,3741,true,0.1910,0.1607,0.0021,0.0000,0.6494,0.9438,0.0989,0.0654,0.1304,0.0234,0.0134,0.0018,0.0000,0.0000,0.0000,0.0000
754,754000,57.588024,P,false,73456,4866,0.9634,0.0000,32.0244,0.2112,0.1111,0.6176,0.5514,0.5834,0,4866,true,1.4063,1.1667,0.3047,0.1142,1.8150,3.8438,1.4459,1.1638,0.7866,0.3813,0.8330,0.6499,0.0576,0.2432,0.0884,0.5861
755,755000,57.664401,B,false,3615,7138,0.1974,0.0000,17.0018,0.0229,-0.0037,0.1333,0.1049,0.8902,3839,3299,true,0.3126,0.3095,0.0000,0.0000,0.7722,0.8245,0.1452,0.1883,0.3219,0.0456,0.0088,0.0000,0.0000,0.0000,0.0000,0.0012
756,756000,57.740778,B,false,5647,7574,0.3857,0.0000,37.5342,0.0296,-0.0316,0.2455,0.2319,0.8583,3855,3719,true,0.5438,0.9967,0.0000,0.0000,1.5076,1.1685,0.2353,0.4149,0.4630,0.0517,0.0197,0.0071,0.0000,0.0000,0.0000,0.0080
757,757000,57.817154,B,false,2635,7265,0.2162,0.0000,24.9098,-0.0016,-0.0040,0.1019,0.1656,0.8991,3656,3609,true,0.7138,0.8590,0.0000,0.0000,0.6652,0.4816,0.0725,0.1282,0.1343,0.0432,0.0037,0.0000,0.0000,0.0000,0.0000,0.0012
758,758000,57.893531,P,false,28395,4780,1.1190,0.0000,115.1352,0.2364,0.4657,0.7518,0.6294,0.6722,0,4780,true,1.5032,2.0733,0.0695,0.0734,3.8228,4.0661,1.0789,1.3274,1.4166,0.4131,0.1142,0.1034,0.0278,0.0131,0.0435,0.4783
759,759000,57.969908,B,false,2925,6438,0.2405,0.0000,28.6891,-0.0201,0.0011,0.1167,0.1843,0.8927,2933,3505,true,0.7312,0.9263,0.0013,0.0014,0.6542,0.5839,0.0650,0.1348,0.1238,0.0209,0.0710,0.0015,0.0007,0.0000,0.0020,0.0053
760,760000,58.046284,B,false,6012,5968,0.5272,0.0000,37.1769,-0.0405,0.1011,0.3243,0.3409,0.8363,3903,2065,true,1.4930,1.5522,0.0007,0.0000,1.6733,1.2330,0.2869,0.4138,0.2449,0.1050,0.0000,0.0225,0.0000,0.0000,0.0081,0.0648
761,761000,58.122661,B,false,3283,7195,0.2265,0.0000,19.4968,-0.0079,0.0188,0.1500,0.1354,0.8903,3614,3581,true,0.8284,0.5744,0.0000,0.0000,0.7956,0.7325,0.1102,0.1528,0.1131,0.0217,0.0079,0.0049,0.0000,0.0000,0.0000,0.0062
762,762000,58.199038,P,false,62666,5362,0.8727,0.0000,55.4809,0.1143,0.1857,0.5959,0.4873,0.5559,0,5362,true,1.1775,1.0644,0.1035,0.1602,3.1962,1.9382,0.6050,1.0107,0.7639,0.3124,0.3595,0.6638,0.0893,0.0307,0.2075,2.5874
763,763000,58.275414,B,false,4658,6621,0.2429,0.0000,36.3198,0.0184,-0.0135,0.1605,0.1310,0.8564,2885,3736,true,0.6223,0.5468,0.0180,0.0000,0.8631,0.6542,0.1060,0.1915,0.1630,0.0467,0.0210,0.2670,0.0000,0.0000,0.0171,0.1770
764,764000,58.351791,B,false,8064,5834,0.9422,0.0000,114.0422,-0.3363,0.0308,0.8118,0.3149,0.7539,4048,1786,true,1.5038,0.8954,0.0536,0.0000,3.1002,1.3371,0.5015,0.6235,0.7001,0.2423,0.0106,0.4674,0.0000,0.0000,0.0181,3.2894
765,765000,58.428168,B,false,5803,7006,0.3233,0.0000,25.7099,0.0279,0.0115,0.2684,0.1215,0.8558,3692,3314,true,0.7408,0.7043,0.0222,0.0007,1.2175,0.8863,0.2256,0.3358,0.2934,0.0469,0.0252,0.0473,0.0000,0.0000,0.0051,0.1200
766,766000,58.504544,P,false,86552,5238,1.4880,0.0000,158.9277,0.0370,-0.0166,1.1616,0.6336,0.5792,0,5238,true,0.8212,1.1989,0.1696,0.1111,4.9458,2.2821,0.9691,1.4765,1.0501,0.5198,1.2116,6.3456,0.0732,0.0262,0.5695,6.0413
767,767000,58.580921,B,false,4530,7235,0.2868,0.0000,23.7500,-0.0277,-0.0256,0.2379,0.1063,0.8785,3648,3587,true,0.8199,0.6544,0.0029,0.0000,1.1534,0.7624,0.1025,0.2942,0.1638,0.0242,0.0039,0.0016,0.0000,0.0000,0.0031,0.2087
768,768000,58.657298,B,false,7277,7414,0.5693,0.0000,50.2400,0.0279,0.0011,0.4712,0.2189,0.8291,3832,3582,true,1.5780,1.2286,0.0187,0.0000,1.7975,1.2713,0.2265,0.7191,0.3345,0.1091,0.0000,0.0071,0.0000,0.0000,0.1283,0.8165
769,769000,58.733674,B,false,5428,7492,0.2938,0.0000,26.7512,0.0001,-0.0075,0.2415,0.1114,0.8627,3865,3627,true,0.6492,0.8563,0.0058,0.0000,0.5483,0.5689,0.1078,0.6307,0.1237,0.0250,0.0008,0.0293,0.0000,0.0000,0.2545,0.6045
770,770000,58.810051,P,false,26718,4473,1.2460,0.0000,93.1565,0.4580,0.1161,0.9883,0.5441,0.6575,0,4473,true,1.5744,1.7578,0.0792,0.0134,4.5294,2.0485,0.9117,2.8518,1.2066,0.2152,0.1212,0.5857,0.0167,0.0021,0.2562,1.8440
771,771000,58.886428,B,false,5674,7800,0.4329,0.0000,20.5000,0.0002,0.0041,0.3514,0.1779,0.8451,4084,3716,true,0.4987,0.8760,0.0026,0.0000,0.4031,0.6650,0.1075,2.1122,0.1740,0.0351,0.0157,0.0120,0.0000,0.0000,0.5859,0.8056
772,772000,58.962805,B,false,10466,8005,1.0876,0.0000,38.6240,-0.1165,0.1519,0.8646,0.4722,0.8097,4112,3893,true,1.6236,1.7199,0.0061,0.0000,0.8969,1.1316,0.2971,5.3923,0.2805,0.1018,0.0086,0.0028,0.0000,0.0000,1.2205,2.6622
773,773000,59.039181,B,false,6558,7696,0.6675,0.0000,24.0000,-0.0049,0.0492,0.5554,0.2617,0.8338,3839,3857,true,1.0404,0.8283,0.0000,0.0000,0.3114,0.8109,0.0906,3.5173,0.0985,0.0264,0.0124,0.1728,0.0000,0.0000,0.8974,1.8094
774,774000,59.115558,P,false,26748,4088,1.4064,0.0000,100.5314,0.2720,-0.1687,1.0095,0.7487,0.7138,0,4088,true,1.8019,2.8883,0.0475,0.0054,2.6980,2.3814,0.6104,7.7344,0.9656,0.1643,0.2206,0.6663,0.0021,0.0021,0.4685,2.2789
775,775000,59.191935,B,false,7106,6566,0.7752,0.0000,36.2500,-0.2956,0.0515,0.5613,0.4417,0.8326,4077,2489,true,0.7019,0.8324,0.0000,0.0000,0.3687,0.8606,0.1116,5.3400,0.0698,0.0109,0.0332,0.0489,0.0000,0.0000,1.0448,2.4062
776,776000,59.268311,B,false,11131,6417,1.0836,0.0000,60.7500,-0.2079,-0.0558,0.8371,0.5004,0.7829,4138,2279,true,1.2458,1.6286,0.0007,0.0000,0.9357,1.4420,0.1604,5.7974,0.2198,0.0188,0.0684,0.0297,0.0000,0.0000,2.0030,3.2625
777,777000,59.344688,B,false,6663,7653,0.7185,0.0000,40.4243,-0.0297,-0.0033,0.5682,0.3605,0.8496,3937,3716,true,0.6255,0.5956,0.0000,0.0000,0.3653,0.6626,0.0391,5.7906,0.0531,0.0024,0.0147,0.0095,0.0000,0.0000,0.7975,1.6747
778,778000,59.421065,P,false,41117,4127,1.3051,0.0000,83.3382,0.5373,-0.0115,0.8406,0.7440,0.6833,0,4127,true,1.8503,1.7545,0.0629,0.0078,2.1946,2.6077,0.5594,0.4049,0.4613,0.0992,0.3035,1.5173,0.0047,0.0010,4.0460,5.3287
779,779000,59.497441,B,false,5338,7511,0.6318,0.0000,41.1195,-0.1332,0.0746,0.5038,0.3011,0.8657,3950,3561,true,0.7562,0.4815,0.0000,0.0000,0.5336,0.7721,0.0554,4.7578,0.0510,0.0071,0.0314,0.0000,0.0000,0.0000,0.8201,1.6393
780,780000,59.573818,B,false,10792,7627,1.1693,0.0000,57.7911,-0.0311,0.0016,0.9870,0.4646,0.8201,3858,3769,true,1.0740,1.1433,0.0045,0.0000,1.3321,1.9376,0.2227,5.6315,0.1017,0.0078,0.0595,0.0012,0.0000,0.0000,2.3094,4.7146
781,781000,59.650195,B,false,5104,7490,0.6968,0.0000,33.6842,-0.0433,-0.0073,0.5812,0.2885,0.8482,3795,3695,true,0.6778,0.5208,0.0000,0.0000,0.6543,0.9600,0.0958,4.1119,0.0488,0.0075,0.0272,0.0000,0.0000,0.0000,0.9067,3.0528
782,782000,59.726571,P,false,29140,4288,1.9538,0.0000,58.0539,0.9149,0.1764,1.6081,0.8307,0.6999,0,4288,true,1.6355,2.8471,0.0264,0.0058,4.0505,3.3156,0.6602,0.7763,0.5187,0.0723,0.3595,0.1149,0.0171,0.0112,6.3917,8.7714
783,783000,59.802948,B,false,6304,7612,0.7003,0.0000,49.1185,0.1099,0.0309,0.5753,0.3003,0.8496,3633,3979,true,0.5722,0.5949,0.0060,0.0000,0.7998,0.9045,0.0546,2.4635,0.0317,0.0006,0.0074,0.2450,0.0000,0.0000,1.2931,4.3146
784,784000,59.879325,B,false,11209,7256,1.7987,0.0000,65.8317,0.0707,-0.1155,1.4898,0.8566,0.8062,4023,3233,true,0.9806,1.1646,0.0248,0.0000,2.9331,2.1106,0.1742,5.0296,0.1562,0.0096,0.0143,0.0819,0.0000,0.0043,5.3811,8.5734
785,785000,59.955702,B,false,5884,7543,0.8079,0.0000,53.2752,0.0656,0.0595,0.6655,0.3821,0.8543,3811,3732,true,0.4509,0.5355,0.0027,0.0000,0.7854,1.2142,0.0506,3.1974,0.0154,0.0089,0.0000,0.0273,0.0000,0.0000,2.5443,3.6850
786,786000,60.032078,P,false,31068,4176,2.8643,0.0000,84.5240,1.2555,0.4559,2.3739,1.4053,0.6988,0,4176,true,1.6931,2.3545,0.0938,0.0041,5.9005,3.3100,0.8981,5.2417,0.3981,0.0345,0.0504,0.5040,0.0054,0.0063,12.7459,14.3840
787,787000,60.108455,B,false,7360,5147,1.3738,0.0000,50.7765,0.0571,-0.2568,1.1018,0.6237,0.7733,4047,1100,true,0.8821,0.7871,0.0188,0.0000,0.9650,1.7580,0.1670,6.1706,0.0842,0.0090,0.0246,0.1265,0.0000,0.0000,4.1029,3.5022
788,788000,60.184832,B,false,10869,5569,2.2778,0.0000,92.2293,0.0599,-0.1642,1.8687,0.9294,0.7253,4143,1426,true,1.1032,1.2231,0.0693,0.0000,1.2709,2.8250,0.5302,11.9163,0.1911,0.0249,0.0607,0.4627,0.0000,0.0000,6.8694,5.6471
789,789000,60.261208,B,false,4494,7453,0.8376,0.0000,35.9731,0.0159,0.0490,0.6970,0.3052,0.8448,3800,3653,true,0.3996,0.4483,0.0194,0.0000,0.4333,1.6418,0.1993,5.0604,0.0486,0.0088,0.0323,0.0879,0.0000,0.0000,2.2068,2.7837
790,790000,60.337585,P,false,65567,4763,2.4926,0.0000,93.8063,-0.2594,0.3951,1.9484,1.1296,0.6626,0,4763,true,2.3581,1.6514,0.2361,0.0240,2.6165,3.8272,0.9132,14.8176,0.4501,0.2141,1.0705,2.1015,0.0065,0.0064,9.4178,3.5366
791,791000,60.413962,B,false,4617,7510,0.6898,0.0000,29.2511,-0.0621,-0.0039,0.5870,0.2037,0.8365,3884,3626,true,0.5644,0.7997,0.0376,0.0000,0.4148,1.6735,0.4264,4.5632,0.0369,0.0091,0.0141,0.1027,0.0000,0.0000,1.1673,0.5891
792,792000,60.490338,B,false,7234,7527,1.1561,0.0000,88.0000,-0.2398,-0.0151,0.9669,0.3480,0.8160,4084,3443,true,0.9499,1.1074,0.1253,0.0000,0.8698,2.2411,0.9573,8.7272,0.0372,0.0000,0.0149,0.4236,0.0000,0.0000,0.7249,0.8006
793,793000,60.566715,B,false,3736,7559,0.3635,0.0000,20.5000,-0.0184,-0.0022,0.2932,0.1298,0.8611,3757,3802,true,0.3605,0.4083,0.0694,0.0000,0.3941,1.1142,0.4575,1.9237,0.0018,0.0000,0.0013,0.2349,0.0000,0.0000,0.3246,0.3260
794,794000,60.643092,P,false,21838,4231,2.5399,0.0000,85.7708,-0.7366,-0.1777,1.9755,1.0866,0.6982,0,4231,true,2.9023,2.4944,0.3132,0.0000,2.5818,5.8477,2.9736,11.0553,0.2355,0.1379,0.1316,1.6045,0.0000,0.0837,5.4136,2.8848
795,795000,60.719468,B,false,5711,7562,0.6048,0.0000,18.5000,-0.0091,-0.0493,0.4454,0.3155,0.8377,3739,3823,true,0.8531,0.7947,0.1076,0.0017,0.6384,1.5142,1.0862,2.4349,0.0136,0.0048,0.0078,0.6860,0.0000,0.0000,0.3966,0.6867
796,796000,60.795845,B,false,8844,7961,1.1308,0.0000,78.2500,-0.2493,-0.0181,0.8114,0.6176,0.7983,4036,3925,true,1.2955,0.8640,0.2812,0.0023,1.6144,2.7482,1.7990,4.5993,0.0517,0.0105,0.0166,1.4581,0.0000,0.0032,1.0091,0.7361
797,797000,60.872222,B,false,5668,7657,0.3910,0.0000,12.0416,-0.0512,0.0002,0.2485,0.2391,0.8340,3777,3880,true,0.5078,0.3117,0.1652,0.0012,0.5396,1.0247,0.4818,1.4102,0.0237,0.0000,0.0116,0.6201,0.0000,0.0000,0.5548,0.2288
798,798000,60.948598,P,false,19307,4174,2.4399,0.0000,48.9949,-0.6328,-0.5822,1.7626,1.3121,0.6881,0,4174,true,3.9351,2.1826,1.5243,0.2339,5.1111,5.9450,4.0987,6.7783,0.2976,0.0046,0.0477,1.1228,0.0000,0.0000,2.7853,1.6998
799,799000,61.024975,B,false,11749,6083,1.1928,0.0000,42.8515,-0.0494,-0.0192,0.5811,0.8646,0.6850,1754,4329,true,0.5773,0.5847,0.6006,0.0050,0.7555,2.1878,0.8813,3.7355,0.1937,0.1538,0.4691,1.6721,0.0000,0.0000,2.0618,1.4818
800,800000,61.101352,B,false,10710,5245,1.6259,0.0000,45.7527,-0.1578,-0.0848,0.7700,1.1669,0.7106,4322,923,true,0.6828,0.8547,0.6824,0.4143,0.9608,2.8455,1.2986,6.1079,0.2140,0.0000,0.1074,2.9181,0.0000,0.0000,2.9207,1.7874
801,801000,61.177729,B,false,4067,7547,0.4677,0.0000,58.2500,-0.0016,-0.0400,0.2115,0.3378,0.8402,3797,3750,true,0.2465,0.2559,0.1510,0.0000,0.2672,1.1816,0.4297,2.0202,0.0215,0.0148,0.1009,1.0034,0.0000,0.0000,0.9249,0.6353
802,802000,61.254105,P,false,155342,5513,1.8411,0.2500,55.9732,0.0029,-0.2988,1.0470,1.2091,0.4533,0,5513,true,1.3707,1.6723,1.0745,0.4047,1.8424,7.1388,1.8769,6.1724,0.4716,0.5324,1.1667,4.8447,0.1986,0.1512,5.0808,2.1219
803,803000,61.330482,B,false,9565,7854,2.2387,0.0000,79.7500,-0.0220,0.0883,0.8633,1.7673,0.7823,3964,3890,true,0.7263,1.2410,1.3150,0.1326,0.8264,3.1431,2.6346,11.0318,0.1618,0.0006,0.3815,6.9376,0.0000,0.0005,3.3433,3.0764
804,804000,61.406859,B,false,15734,7815,2.6112,0.0000,151.4105,0.1493,-0.8378,1.2976,1.8664,0.7733,4003,3812,true,0.9429,1.6812,2.2672,0.2779,0.9130,4.0678,4.1456,8.2970,0.1903,0.0044,0.6935,7.8177,0.0006,0.0000,5.5301,5.5287
805,805000,61.483235,B,false,6813,7888,1.5071,0.0000,28.5000,-0.0094,-0.0257,0.6430,1.1625,0.7613,3914,3974,true,0.2830,0.8848,1.2016,0.1728,0.3243,2.0927,2.2725,4.3829,0.0302,0.0037,0.8124,6.5273,0.0000,0.0005,1.6778,2.7659
806,806000,61.559612,P,false,32150,3566,3.3880,0.0000,168.7220,1.3831,-1.6027,2.2966,1.9307,0.7123,0,3566,true,2.2630,3.6979,8.0412,0.3298,1.8836,9.2747,8.4029,3.2475,0.5913,0.0748,0.5805,1.5422,0.0118,0.0044,7.2462,7.0090
807,807000,61.635989,B,false,9599,7780,2.1437,0.0000,86.3481,0.0817,0.0085,1.2968,1.4311,0.7596,3899,3881,true,0.3842,1.1122,1.8678,0.3215,0.6375,3.5792,2.6136,6.8877,0.0491,0.0000,1.7841,10.4499,0.0000,0.0016,2.0947,2.6756
808,808000,61.712365,B,false,21922,5727,3.9703,0.0000,106.9416,0.3352,0.0606,2.6840,2.2862,0.6770,1666,4061,true,0.9014,2.8313,4.7958,0.5433,1.7342,7.6390,4.3610,9.1305,0.2179,0.0343,3.9527,20.4521,0.0000,0.0000,4.2050,6.6784
809,809000,61.788742,B,false,10273,7258,1.7983,0.0000,78.7865,-0.0414,0.0607,1.2383,0.9995,0.7473,3045,4213,true,0.1877,0.7021,1.2337,0.2296,1.1765,3.7049,1.6875,6.1525,0.2831,0.0052,2.1843,10.0292,0.0000,0.0000,1.1618,1.6995
810,810000,61.865119,P,false,110438,4591,2.1537,0.0000,103.0000,0.7575,-0.4306,1.5159,1.1334,0.5857,0,4591,true,0.9479,2.3499,4.1857,1.3309,1.1618,11.9059,3.4721,1.1710,0.7805,0.4741,2.7953,31.4014,0.0833,0.1299,2.3608,2.1304
811,811000,61.941495,B,false,8495,7678,2.5275,0.0000,49.7695,-0.1103,0.0292,1.8599,1.3816,0.7722,4003,3675,true,0.1102,0.9671,1.1757,0.2346,1.1998,4.3356,1.5425,3.1168,0.3619,0.0000,7.0430,14.8576,0.0000,0.0000,1.2524,3.7806
812,812000,62.017872,B,false,15169,7565,4.0789,0.0000,85.8971,-0.1409,-0.0300,3.0295,2.2012,0.7475,4000,3565,true,0.3410,1.6592,2.6105,0.5642,2.5926,7.6812,4.7142,2.9669,0.6981,0.0018,11.9622,26.4327,0.0000,0.0000,2.8045,9.8434
813,813000,62.094249,B,false,7834,7747,1.9278,0.0000,38.3813,-0.0343,-0.0059,1.4411,1.0824,0.7550,4033,3714,true,0.1519,0.8903,1.1497,0.1386,1.2710,3.3862,2.2472,1.0951,0.2933,0.0024,5.2514,9.6661,0.0000,0.0000,0.8449,4.3818
814,814000,62.170626,P,false,38596,3778,5.7915,0.0000,102.6255,2.0226,-2.0941,4.1337,3.1327,0.6593,0,3778,true,1.0694,3.2302,6.4227,2.0610,6.3084,22.9592,10.6626,4.2035,2.2836,0.0351,6.1728,30.1972,0.0085,0.0119,5.8609,15.0722
815,815000,62.247002,B,false,9435,7976,1.4666,0.0000,44.5484,0.0593,-0.1011,1.0793,0.8222,0.7643,4075,3901,true,0.1684,0.8354,0.6730,0.2956,1.0491,3.2866,2.1072,0.9156,0.3273,0.0180,3.0021,5.9771,0.0000,0.0000,0.4781,4.2487
816,816000,62.323379,B,false,13805,8157,2.6116,0.0000,93.7500,-0.0648,-0.1530,1.8583,1.4759,0.7195,4141,4016,true,0.3895,1.2352,1.2877,0.6434,1.9101,6.0779,3.7886,1.8664,0.9033,0.0443,4.6755,9.3571,0.0000,0.0000,0.7040,7.7164
817,817000,62.399756,B,false,8255,7839,0.9905,0.0000,22.6385,0.0016,-0.0725,0.7029,0.5563,0.7655,3935,3904,true,0.1208,0.4720,0.4015,0.2952,0.6634,2.9269,1.7711,0.7708,0.2377,0.0042,1.2393,3.2063,0.0000,0.0000,0.1890,3.1737
818,818000,62.476132,P,false,33984,3877,3.9869,0.0000,84.7426,1.0099,-0.6009,2.8632,2.2536,0.6523,0,3877,true,0.9629,2.2522,4.0737,1.8408,6.3141,12.9095,4.2248,2.0594,2.1646,0.0526,8.4836,22.7802,0.0107,0.0145,0.7187,7.9214
819,819000,62.552509,B,false,9223,7704,1.0303,0.0000,35.7500,-0.0133,0.0468,0.8251,0.4779,0.7597,3780,3924,true,0.1164,0.4137,0.5685,0.4304,0.6302,2.6008,1.8868,0.5716,0.1715,0.0098,1.9041,3.7197,0.0000,0.0000,0.0192,2.7732
820,820000,62.628886,B,false,12711,7819,2.1043,0.0000,61.6695,-0.1134,0.1040,1.6877,1.0141,0.7145,4097,3722,true,0.2493,1.0480,1.5562,1.3466,1.5768,5.3286,3.1518,1.3254,0.4856,0.0101,3.2449,6.2669,0.0000,0.0000,0.0292,5.9488
821,821000,62.705262,B,false,7703,7399,0.9944,0.0000,24.1868,0.0057,0.0350,0.7933,0.4745,0.7538,3602,3797,true,0.0918,0.4387,0.9882,0.6301,0.7549,2.6548,1.8587,0.6209,0.1923,0.0012,1.2179,2.6602,0.0000,0.0000,0.0005,2.8989
822,822000,62.781639,P,false,32605,4124,3.9461,0.0000,101.4276,2.3529,0.0566,3.1676,1.9702,0.6266,0,4124,true,0.9627,2.3554,4.9674,1.9652,3.7058,8.9390,5.9743,2.7699,1.3874,0.2675,9.1265,18.5025,0.0050,0.0011,0.2784,4.2373
823,823000,62.858016,B,false,8463,6362,1.0787,0.0000,24.9812,-0.2571,0.2313,0.8466,0.5162,0.7433,4135,2227,true,0.1190,0.6719,2.0680,0.7797,0.7260,2.6410,2.2806,0.8069,0.1102,0.0026,0.6286,3.5686,0.0000,0.0000,0.0006,2.6767
824,824000,62.934392,B,false,13544,5926,2.8388,0.0000,63.7887,-0.1254,0.1624,2.1938,1.3911,0.6509,4247,1679,true,0.3021,1.2449,5.8949,1.9861,1.8911,5.7688,4.4144,2.3361,0.3622,0.0123,1.1684,7.5097,0.0000,0.0022,0.0024,6.2911
825,825000,63.010769,B,false,5492,7067,0.6145,0.0000,24.6031,0.0635,0.0650,0.4931,0.2643,0.8087,3803,3264,true,0.0795,0.4635,1.6317,0.5174,0.5591,1.8194,1.3555,0.3745,0.1372,0.0000,0.2228,1.8352,0.0000,0.0000,0.0000,0.7831
826,826000,63.087146,P,false,110719,4939,3.2470,0.0000,81.1068,1.5596,-0.4856,2.6080,1.4690,0.5554,0,4939,true,0.8472,1.9440,9.7994,3.8227,3.5629,10.9839,5.0273,3.8792,0.8812,0.1222,3.3527,16.1771,0.0489,0.0594,0.2844,3.3558
827,827000,63.163522,B,false,7953,7425,1.0605,0.0000,45.1401,0.0454,0.0705,0.8209,0.5030,0.7755,4140,3285,true,0.1278,0.7547,1.8266,0.7998,1.7387,3.5753,1.2750,0.9757,0.2196,0.0186,0.6964,3.6041,0.0000,0.0000,0.0005,0.8482
828,828000,63.239899,B,false,12735,7904,2.2427,0.0000,69.5530,0.2456,-0.2138,1.6969,1.1358,0.7339,4275,3629,true,0.2555,1.0360,3.0634,1.7730,3.8783,6.9130,2.4990,2.1700,0.9482,0.0250,2.0204,7.1139,0.0000,0.0000,0.0005,2.2116
829,829000,63.316276,B,false,5732,7312,0.8293,0.0000,31.4414,0.1283,-0.0291,0.5656,0.4675,0.7772,3838,3474,true,0.1121,0.4587,0.9024,0.4825,1.4273,2.9608,0.8481,0.5279,0.3181,0.0189,1.1486,3.5362,0.0000,0.0000,0.0000,0.6237
830,830000,63.392653,P,false,38446,4074,4.5597,0.0000,117.1455,-0.1198,-0.4162,3.6399,2.0276,0.6433,0,4074,true,1.0555,1.4802,10.0163,4.1617,7.4359,21.0068,6.7699,2.5008,1.7486,0.4082,5.5474,13.9019,0.0055,0.0087,0.0099,0.9539
831,831000,63.469029,B,false,6279,7573,0.8390,0.0000,18.4814,-0.0439,0.0120,0.6457,0.4140,0.7915,3798,3775,true,0.0557,0.3828,1.0939,0.3784,1.5507,2.6172,0.7750,0.5441,0.2440,0.1672,2.5260,2.9456,0.0000,0.0000,0.0000,0.2242
832,832000,63.545406,B,false,11586,7980,1.9533,0.0000,63.4650,0.0937,-0.0643,1.5442,0.9266,0.7465,3934,4046,true,0.1297,0.7970,3.5977,1.0564,2.6721,4.9291,1.5548,1.3998,0.5942,0.7247,6.0607,6.4240,0.0000,0.0000,0.0005,0.4764
833,833000,63.621783,B,false,6278,7569,0.8790,0.0000,35.0000,-0.0473,-0.0035,0.7192,0.3846,0.7849,3693,3876,true,0.0491,0.4307,1.8021,0.7497,0.8970,2.2007,0.8708,0.5621,0.1408,0.1705,3.0796,3.1037,0.0000,0.0000,0.0000,0.1737
834,834000,63.698159,P,false,30570,4223,4.2371,0.0000,90.2500,-2.7997,-0.1393,3.4909,1.9175,0.6183,0,4223,true,0.4781,1.0011,2.6376,2.4421,6.2538,12.1063,3.3243,1.9866,0.6739,2.4412,16.8386,15.7345,0.0052,0.0021,0.0039,0.5525
835,835000,63.774536,B,false,7843,7159,1.0767,0.0000,24.9261,-0.4508,0.0071,0.8937,0.4607,0.7413,3166,3993,true,0.0720,0.5996,1.7281,1.4189,0.9127,2.6917,0.9060,0.6421,0.0890,0.5293,3.6960,3.0916,0.0000,0.0000,0.0005,0.0785
836,836000,63.850913,P,false,56471,4693,2.3219,0.0000,81.0015,-1.3899,-0.0344,1.8711,1.0633,0.5734,0,4693,true,0.4252,1.2355,2.0603,1.4105,1.2717,6.5928,2.0421,2.0997,0.4857,1.7069,10.4437,7.3468,0.0415,0.0159,0.0588,0.5904
837,837000,63.927289,B,false,8821,6623,1.9072,0.0000,47.8448,0.0713,0.0588,1.5356,0.8598,0.7235,3940,2683,true,0.1914,0.7301,3.1051,1.3503,1.1156,4.8863,1.1799,0.9867,0.5065,1.1961,6.3944,5.6239,0.0000,0.0000,0.0030,0.0272
838,838000,64.003666,B,false,7839,7457,0.9740,0.0000,34.0147,0.0323,0.0257,0.7545,0.4547,0.7826,3577,3880,true,0.0890,0.7453,1.8428,0.5607,0.8005,2.7652,0.7315,0.5116,0.3136,0.8602,3.3464,2.7339,0.0006,0.0000,0.0005,0.0017
839,839000,64.080043,P,false,57147,4784,3.3869,0.0000,87.9535,-2.1680,0.0714,2.7904,1.5128,0.6120,0,4784,true,0.5098,1.1804,1.0967,1.5497,2.3936,9.0384,2.9831,1.5968,0.9284,3.8265,17.0744,11.6262,0.0257,0.0279,0.0436,0.2411
840,840000,64.156419,B,false,6529,5420,0.8800,0.0000,22.0582,0.0219,-0.0221,0.6591,0.4106,0.7406,4026,1394,true,0.0844,0.5303,1.4905,0.5124,0.6941,1.9200,0.4931,0.3258,0.5935,0.7165,2.5244,1.8160,0.0000,0.0045,0.0000,0.0000
841,841000,64.232796,B,false,9993,5957,1.7724,0.0000,62.5305,-0.0178,-0.0959,1.3699,0.8172,0.6769,4171,1786,true,0.1615,0.6667,3.3331,1.1416,1.9131,4.0223,0.8495,0.5809,1.0947,2.0436,4.7360,2.7063,0.0011,0.0000,0.0096,0.0412
842,842000,64.309173,B,false,5622,7435,0.5036,0.0000,47.0000,-0.0073,0.0003,0.3814,0.2357,0.8192,3908,3527,true,0.0894,0.3384,0.5988,0.3155,0.8407,1.5522,0.2733,0.0693,0.2091,0.5675,1.9554,1.0780,0.0000,0.0000,0.0000,0.0006
843,843000,64.385550,P,false,89712,5465,2.4110,0.0000,88.7500,-1.0791,-0.1774,1.9045,1.0765,0.5133,0,5465,true,0.4162,0.6710,0.9915,1.9630,3.8704,6.9643,1.1144,0.7763,0.6279,2.8835,13.3365,6.3536,0.0997,0.1197,0.4570,0.6745
844,844000,64.461926,B,false,4295,7436,0.4126,0.0000,37.9358,0.0188,0.0149,0.2944,0.2084,0.8425,3911,3525,true,0.1604,0.4794,0.2019,0.2938,0.9984,1.3352,0.3930,0.0762,0.1977,0.3637,1.4480,0.3818,0.0000,0.0000,0.0000,0.0013
845,845000,64.538303,B,false,10958,7641,0.8992,0.0000,45.3666,0.0433,0.0176,0.6244,0.4766,0.7824,4038,3603,true,0.3265,0.6623,0.5063,0.7877,1.3683,2.7999,0.8114,0.3370,0.2978,1.2438,3.2663,0.5620,0.0000,0.0000,0.0000,0.0034
846,846000,64.614680,B,false,3730,7669,0.4285,0.0000,16.4488,0.0091,-0.0089,0.2638,0.2498,0.8263,3800,3869,true,0.1547,0.6209,0.4693,0.3819,0.5611,1.4366,0.5262,0.2018,0.0559,0.5272,1.4781,0.0942,0.0000,0.0000,0.0000,0.0011
847,847000,64.691056,P,false,26119,4552,2.0753,0.0000,48.2403,-0.5960,0.0603,1.4903,1.0630,0.6173,0,4552,true,0.8827,1.0874,1.5701,1.6163,4.6604,7.5245,1.9999,1.3487,0.6323,3.1686,5.7055,1.0745,0.0119,0.0091,0.0146,0.0552
848,848000,64.767433,B,false,5854,7196,0.5223,0.0000,15.8114,-0.0502,-0.0021,0.3583,0.2637,0.7857,3140,4056,true,0.2270,0.5195,0.8283,0.4790,0.5685,1.3692,0.5528,0.1739,0.1034,0.6854,2.2451,0.2542,0.0000,0.0000,0.0000,0.0030
849,849000,64.843810,P,false,105597,5499,1.3443,0.0000,51.6055,-0.3027,0.0555,0.8896,0.7260,0.5550,0,5499,true,0.7168,0.8432,2.6137,1.7473,1.7804,3.0154,1.5797,1.0063,0.2095,1.8423,4.6121,1.7179,0.0392,0.0634,0.1335,0.2163
850,850000,64.920186,B,false,4598,7554,0.7026,0.0000,47.9088,-0.0121,-0.0042,0.4484,0.3669,0.8231,3851,3703,true,0.1723,0.3627,2.5143,0.8532,0.5073,1.5122,0.8426,0.2414,0.0459,1.2933,2.3084,0.4152,0.0000,0.0000,0.0000,0.0006
851,851000,64.996563,B,false,9237,7736,1.3726,0.0000,67.8606,0.1193,0.0675,0.9992,0.6246,0.7853,3759,3977,true,0.3784,0.8708,4.7135,1.7151,1.0650,4.0851,1.2533,0.5418,0.2401,3.0648,3.5088,0.8650,0.0006,0.0000,0.0005,0.0013
852,852000,65.072940,B,false,4891,7472,0.7417,0.0000,45.8912,-0.0237,0.0069,0.5010,0.3822,0.7997,3869,3603,true,0.1530,0.6480,3.0268,0.7809,0.3076,1.6083,1.0356,0.2357,0.1448,1.5108,1.4971,0.6180,0.0000,0.0000,0.0000,0.0005
853,853000,65.149316,P,false,29064,4154,2.6077,0.0000,52.5654,-1.2586,-0.3965,2.0728,0.9960,0.6507,0,4154,true,1.1282,1.2133,0.7151,1.6353,2.4582,6.8843,2.2816,1.0687,0.7386,10.8335,5.8476,3.6183,0.0041,0.0011,0.0791,0.0187
854,854000,65.225693,B,false,4588,7494,0.6541,0.0000,40.0445,-0.0425,0.0728,0.4908,0.3088,0.8276,3647,3847,true,0.1488,0.6317,2.5095,1.0079,0.1269,1.1882,0.5941,0.3173,0.1451,2.1016,1.3834,0.4594,0.0005,0.0000,0.0000,0.0005
855,855000,65.302070,B,false,9562,7869,1.4791,0.0000,59.9276,-0.2687,0.0136,1.1947,0.5994,0.7732,3883,3986,true,0.4107,1.5450,4.3421,1.1659,0.5580,2.7109,0.8519,0.9366,0.6293,5.7820,3.2445,1.4255,0.0000,0.0000,0.0000,0.0005
856,856000,65.378446,B,false,5943,7614,0.7092,0.0000,26.2488,-0.0346,0.0050,0.5844,0.2873,0.7931,3595,4019,true,0.1758,1.0131,2.3916,0.3621,0.4495,1.1403,0.7843,0.3105,0.1846,1.9164,1.8696,0.7784,0.0000,0.0000,0.0000,0.0005
857,857000,65.454823,P,false,27201,4161,2.6784,0.0000,71.8140,-0.6524,-0.0406,2.1877,1.1044,0.6539,0,4161,true,1.0975,2.0498,4.6361,0.3784,2.0949,4.0946,2.1750,1.0362,0.4853,15.3648,5.3733,4.4165,0.0036,0.0011,0.0043,0.0108
858,858000,65.531200,B,false,6003,7780,0.6382,0.0000,20.7515,-0.0272,-0.0334,0.5000,0.3035,0.7960,3882,3898,true,0.1886,0.5636,1.5339,0.6380,0.6584,0.8760,0.6477,0.5497,0.1874,2.3174,1.0002,1.0921,0.0000,0.0000,0.0000,0.0000
859,859000,65.607577,B,false,10398,7774,1.3232,0.0000,55.3195,0.1345,0.0722,1.0543,0.6364,0.7656,3870,3904,true,0.5198,0.9362,2.0748,0.6793,1.8639,1.6779,0.9222,1.1116,0.6162,6.0877,2.4019,1.9978,0.0000,0.0000,0.0000,0.0005
860,860000,65.683953,B,false,5967,7429,0.7259,0.0000,33.0549,0.0478,-0.0198,0.5666,0.3658,0.8071,3825,3604,true,0.1856,0.5730,0.4378,0.3251,1.0085,0.5153,0.3708,0.6082,0.1919,3.3476,2.6968,1.4186,0.0000,0.0000,0.0000,0.0000
861,861000,65.760330,P,false,28575,4172,2.8536,0.0000,86.5253,-0.3621,-0.0067,2.1805,1.4935,0.6467,0,4172,true,1.5643,2.4920,4.0736,1.2153,3.3921,3.6706,2.0332,0.8410,0.7240,15.8788,6.6822,3.8183,0.0026,0.0011,0.0099,0.0092
862,862000,65.836707,B,false,8175,5967,1.0083,0.0000,36.1749,0.2630,0.0939,0.8025,0.4928,0.7317,4095,1872,true,0.3904,0.5481,0.7801,0.4556,0.9505,0.4591,0.7144,0.1810,0.2877,4.8724,2.4358,1.8236,0.0000,0.0000,0.0000,0.0024
863,863000,65.913083,B,false,12152,6067,1.9548,0.0000,47.7821,0.4400,0.0755,1.5042,0.9856,0.6532,4291,1776,true,0.6215,1.4456,2.4625,0.9071,1.9845,1.1067,2.1319,0.4494,0.4661,7.7859,5.7021,1.9682,0.0011,0.0000,0.0075,0.0299
864,864000,65.989460,B,false,7051,7441,0.7235,0.0000,32.3506,-0.0441,-0.0279,0.5576,0.3615,0.7918,3766,3675,true,0.1872,0.7184,0.9719,0.1580,0.3997,0.3282,0.8847,0.3685,0.1278,3.1755,3.0566,0.7461,0.0000,0.0000,0.0027,0.0050
865,865000,66.065837,P,false,108351,5290,2.3311,0.0000,89.4707,-0.8583,-0.3075,1.7901,1.1695,0.5580,0,5290,true,1.5198,1.3827,3.4922,1.0811,2.4784,1.2419,1.6598,1.2248,0.7495,16.6446,12.0977,5.4742,0.0497,0.0529,0.1946,0.4372
866,866000,66.142213,B,false,4420,7482,0.6579,0.0000,21.4082,-0.0152,0.0378,0.5458,0.2915,0.8345,3699,3783,true,0.1040,0.8051,1.1876,0.1880,0.1661,1.0481,0.8118,0.0658,0.0821,3.0355,2.6672,0.1004,0.0000,0.0000,0.0000,0.0011
867,867000,66.218590,B,false,8902,7512,1.0754,0.0000,124.2684,0.2977,0.1341,0.9220,0.4145,0.8015,4075,3437,true,0.1782,1.4911,1.5492,0.2786,0.2466,1.7893,1.5425,0.1207,0.1767,4.7384,4.2793,0.3488,0.0000,0.0000,0.0000,0.0022
868,868000,66.294967,B,false,4069,7307,0.4951,0.0000,36.9628,-0.1065,-0.0335,0.4214,0.1916,0.8515,3614,3693,true,0.0507,0.5156,0.6880,0.0734,0.0650,0.7604,0.8754,0.0866,0.0494,2.4091,1.8432,0.0937,0.0000,0.0000,0.0000,0.0000
869,869000,66.371343,P,false,26499,4565,2.8178,0.0000,67.6581,-1.9044,-0.7194,2.3750,1.1587,0.5890,0,4565,true,0.6807,3.7836,5.6541,1.1728,1.1118,6.5851,3.1180,0.5849,0.7401,9.4397,10.2270,1.5527,0.0032,0.0041,0.0115,0.1379
870,870000,66.447720,B,false,5690,7445,0.5729,0.0000,34.7824,0.0295,0.0670,0.4677,0.2456,0.8373,3939,3506,true,0.1324,0.6139,0.6924,0.0071,0.0898,1.2529,0.9891,0.1263,0.1031,2.0678,2.2909,0.3092,0.0000,0.0000,0.0000,0.0000
871,871000,66.524097,B,false,8461,7765,1.3035,0.0000,69.7469,-0.2214,0.0490,1.0459,0.5987,0.7811,3860,3905,true,0.3465,1.0540,1.1566,0.1373,0.3012,2.9126,1.9404,0.3482,0.1766,5.6942,6.2832,0.4996,0.0000,0.0000,0.0000,0.0006
872,872000,66.600474,B,false,3776,6860,0.5426,0.0000,35.0330,0.0411,0.0633,0.4141,0.2822,0.8375,3842,3018,true,0.1399,0.3852,0.2545,0.0242,0.1252,1.0724,0.8970,0.2140,0.0561,2.2061,2.7787,0.1784,0.0000,0.0000,0.0000,0.0011
873,873000,66.676850,P,false,30056,4387,2.2191,0.0000,89.7385,-1.4174,-0.6663,1.8172,0.9931,0.5952,0,4387,true,0.9731,2.0020,3.9920,0.7813,1.1625,6.7910,3.4016,0.6752,0.7230,5.5030,7.0877,1.4788,0.0011,0.0000,0.0078,0.0416
874,874000,66.753227,B,false,5753,6887,0.6206,0.0000,56.5116,0.1474,0.1710,0.4379,0.3803,0.8105,3977,2910,true,0.1649,0.4194,0.2131,0.0325,0.2274,1.4125,0.6861,0.1592,0.0664,2.5930,4.1326,0.2421,0.0000,0.0000,0.0538,0.0102
875,875000,66.829604,B,false,9580,7113,1.2983,0.0000,56.4541,0.1599,0.1175,0.9068,0.8293,0.7368,4072,3041,true,0.3111,0.4647,0.5985,0.0694,0.3202,2.4510,1.3707,0.7580,0.2153,5.9125,7.5141,1.4694,0.0000,0.0000,1.1679,0.0574
876,876000,66.905980,B,false,4920,7273,0.5860,0.0000,45.0174,0.0019,-0.0046,0.4247,0.3616,0.8431,3534,3739,true,0.1403,0.2472,0.1069,0.0114,0.0797,0.9778,0.6175,0.2046,0.1037,1.8074,4.2483,0.2741,0.0000,0.0000,0.7752,0.0138
877,877000,66.982357,P,false,37333,4351,2.3953,0.0000,99.3630,-1.0037,-0.9739,1.7710,1.3923,0.5700,0,4351,true,0.7907,1.4728,1.4477,0.7525,1.0931,5.0693,1.6947,0.9529,0.6084,6.1673,8.7948,3.0249,0.0011,0.0021,5.9317,1.2892
878,878000,67.058734,B,false,4455,7267,0.5029,0.0000,44.5028,0.0521,0.0285,0.3822,0.2856,0.8565,3575,3692,true,0.1127,0.2526,0.0309,0.0123,0.1795,0.5869,0.2855,0.0529,0.1759,1.6876,3.0403,0.2524,0.0000,0.0000,1.2165,0.4187
879,879000,67.135110,B,false,9998,5325,1.9129,0.0000,84.1167,-0.0340,-0.1252,1.5062,1.0196,0.6592,1096,4229,true,0.4427,0.6379,0.3131,0.1145,1.0009,1.2184,0.8458,0.3225,0.5936,4.2422,8.8015,0.5776,0.0000,0.0000,6.8815,1.5174
880,880000,67.211487,B,false,4534,4517,1.0580,0.0000,42.7617,0.4499,0.3690,0.8279,0.5550,0.7616,3967,550,true,0.1981,0.2955,0.0249,0.0068,0.5459,0.2710,0.3080,0.0371,0.1717,2.6604,4.3461,3.2987,0.0022,0.0968,2.5858,1.2846
881,881000,67.287864,P,false,164336,6244,2.2778,0.2500,124.6500,-1.1046,-0.8822,1.7335,1.2316,0.3727,0,6244,true,0.9401,1.2257,0.8077,0.5043,1.6874,1.6581,1.4332,0.8365,0.5622,4.0883,9.9099,2.5875,0.3183,1.0522,9.4113,1.7267
882,882000,67.364240,B,false,4812,7236,0.8496,0.0000,74.0000,-0.1675,-0.0843,0.6826,0.4463,0.8332,3657,3579,true,0.1397,0.1557,0.0889,0.0012,0.4000,0.2161,0.3433,0.0583,0.1850,0.5970,4.5413,2.1955,0.0000,0.9339,3.1702,1.1943
883,883000,67.440617,B,false,10595,5881,2.3831,0.0000,92.4273,-0.5780,-0.4216,1.9252,1.1989,0.6892,1663,4218,true,0.5088,0.4949,0.3558,0.0081,1.4141,0.4310,0.7982,0.2254,0.7483,1.6246,12.2475,4.0368,0.0000,3.6032,8.2975,3.0317
884,884000,67.516994,B,false,9090,5735,1.8927,0.0000,60.1966,-0.5056,-0.1600,1.6017,0.8423,0.6917,1628,4107,true,0.1940,0.3396,0.3780,0.0097,0.9499,0.3346,0.4692,0.1462,0.8284,0.3309,4.9755,3.1384,0.0000,3.8031,8.8879,3.2148
885,885000,67.593371,P,false,107562,5786,2.3833,0.2500,139.7256,-1.1288,-0.6694,1.9542,1.1101,0.4914,0,5786,true,0.9743,1.3037,0.9679,0.2635,2.2829,0.9823,1.2590,0.5489,1.4571,0.8110,3.1459,5.0509,0.0661,0.4342,18.7507,11.3951
886,886000,67.669747,B,false,5579,7078,1.0061,0.0000,45.6139,-0.1094,-0.0615,0.8117,0.5427,0.8214,3680,3398,true,0.1077,0.1201,0.0342,0.0009,0.2668,0.1506,0.2398,0.0265,0.4213,0.1043,0.9042,1.9204,0.0000,0.8574,6.0289,3.9573
887,887000,67.746124,B,false,8401,7368,1.9612,0.0000,85.8640,-0.3356,-0.1282,1.5643,1.0770,0.7689,3894,3474,true,0.3449,0.2266,0.0914,0.0036,0.5529,0.2631,0.3282,0.1137,0.9124,0.2393,2.1952,3.6224,0.0000,0.9517,12.1204,10.0505
888,888000,67.822501,B,false,5730,7173,1.0360,0.0000,54.0521,-0.0071,0.0591,0.7825,0.6180,0.8287,3867,3306,true,0.1634,0.0821,0.0768,0.0000,0.1457,0.0805,0.1731,0.0347,0.4083,0.1739,0.5588,1.0326,0.0000,0.0405,5.3096,6.5985
889,889000,67.898877,P,false,35683,4804,2.1025,0.0000,152.4190,-0.8263,-0.5686,1.6931,1.0211,0.5337,0,4804,true,0.7333,0.6452,0.5541,0.1145,0.7496,0.9272,1.3373,0.3667,1.3652,0.5952,3.0098,4.0679,0.0042,0.0505,9.7384,16.2740
890,890000,67.975254,B,false,5207,7230,1.0914,0.0000,68.0074,-0.0142,-0.0780,0.8174,0.6684,0.8405,3547,3683,true,0.2182,0.0468,0.0057,0.0033,0.1275,0.0776,0.1081,0.0411,0.2843,0.1557,0.3857,0.9663,0.0000,0.0000,5.3523,8.1091
891,891000,68.051631,B,false,8161,7580,1.9274,0.0000,100.3045,-0.0644,-0.2565,1.5289,1.0653,0.7690,3867,3713,true,0.3397,0.1349,0.0687,0.0064,0.3402,0.2756,0.3485,0.0834,0.5917,0.2727,0.8405,2.0159,0.0000,0.0017,11.9366,14.4049
892,892000,68.128007,B,false,5712,7117,1.0792,0.0000,58.5667,0.0627,-0.0282,0.8943,0.5316,0.8418,3714,3403,true,0.1781,0.0882,0.0242,0.0017,0.1803,0.1756,0.1479,0.0174,0.2262,0.0473,0.2781,0.7662,0.0000,0.0022,4.5704,8.6958
893,893000,68.204384,P,false,30558,4533,1.0844,0.0000,116.6624,0.0512,0.0089,0.8288,0.5426,0.5786,0,4533,true,1.0753,0.5166,0.7312,0.1831,1.0794,0.8264,0.9523,0.2550,1.9855,0.8779,2.6498,1.9545,0.0032,0.0347,0.3790,6.8029
894,894000,68.280761,B,false,3752,7090,0.7439,0.0000,50.1323,-0.1267,-0.0349,0.6373,0.3304,0.8783,3602,3488,true,0.0913,0.1177,0.0023,0.0000,0.1454,0.1037,0.0755,0.0277,0.2718,0.0605,0.0851,0.0277,0.0000,0.0000,2.9194,6.4918
895,895000,68.357137,B,false,9332,6509,1.2972,0.0000,165.3937,-0.4432,-0.1593,1.0720,0.5982,0.8007,2656,3853,true,0.2861,0.1355,0.0720,0.0169,0.3260,0.2540,0.3079,0.0871,0.5062,0.1308,0.3893,0.6065,0.0000,0.0013,7.1602,12.3086
896,896000,68.433514,B,false,3578,6385,0.5439,0.0000,48.3735,-0.1946,-0.0682,0.4276,0.2829,0.8675,2610,3775,true,0.1097,0.1380,0.0170,0.0024,0.1991,0.0421,0.0951,0.0342,0.2045,0.0278,0.0939,0.0493,0.0000,0.0008,2.5290,5.1534
897,897000,68.509891,P,false,60560,5154,0.9903,0.0000,70.0790,-0.0528,-0.0805,0.6199,0.5966,0.5662,0,5154,true,0.7015,0.4891,0.6602,0.1743,1.0962,0.8212,0.8366,0.3636,1.2384,0.6269,1.2789,2.0721,0.2395,0.1163,0.8754,8.9537
898,898000,68.586267,B,false,3130,5643,0.6797,0.0000,32.5000,-0.1433,-0.0459,0.5915,0.2231,0.8607,3709,1934,true,0.2301,0.6348,0.0000,0.0000,0.3306,0.0396,0.0693,0.0452,0.2343,0.0908,0.1660,0.0232,0.0000,0.0020,2.4098,4.7882
899,899000,68.662644,B,false,6537,5596,0.7533,0.0000,83.0000,-0.2344,-0.0539,0.6565,0.2446,0.8050,3749,1847,true,0.4682,0.3840,0.0192,0.0165,0.6135,0.1288,0.2030,0.1013,0.6848,0.0903,0.5327,0.1093,0.0000,0.0031,3.3652,5.5399
900,900000,68.739021,B,false,2754,7143,0.3875,0.0000,84.5000,-0.0818,0.0080,0.3345,0.1385,0.8946,3699,3444,true,0.2812,0.2462,0.0048,0.0000,0.2038,0.0598,0.0537,0.0217,0.3057,0.0732,0.1446,0.0161,0.0000,0.0005,1.3428,3.2756
901,901000,68.815398,P,false,55296,5304,0.7802,0.0000,129.0000,-0.0885,-0.0770,0.5689,0.3961,0.6231,0,5304,true,0.8892,0.6455,0.2883,0.1333,0.7138,0.4729,0.7200,0.3954,1.4223,0.7859,1.6856,0.9064,0.0142,0.1685,0.3309,5.4434
902,902000,68.891774,B,false,2450,7107,0.2316,0.0000,40.7500,-0.0051,-0.0129,0.1748,0.1183,0.9122,3597,3510,true,0.2471,0.0841,0.0011,0.0006,0.2683,0.0605,0.0619,0.0314,0.4753,0.0341,0.0741,0.0114,0.0000,0.0000,0.8268,1.3414
903,903000,68.968151,B,false,5607,6823,0.4307,0.0000,82.7288,-0.0647,-0.0348,0.3287,0.2145,0.8704,3601,3222,true,0.4075,0.1555,0.0127,0.0018,0.4975,0.2019,0.1415,0.0526,1.1656,0.1322,0.1601,0.6982,0.0000,0.0000,0.9370,2.5826
904,904000,69.044528,B,false,2326,6949,0.1845,0.0000,40.5000,-0.0190,-0.0136,0.1443,0.0857,0.9278,3446,3503,true,0.1556,0.0400,0.0006,0.0000,0.1086,0.0672,0.0829,0.0183,0.8758,0.0388,0.0147,0.0282,0.0000,0.0005,0.2666,1.2430
905,905000,69.120904,P,false,29630,4654,0.7675,0.0000,47.0219,-0.1306,-0.1103,0.5538,0.4076,0.6472,0,4654,true,0.8886,0.6693,0.1738,0.0258,0.6595,0.7015,0.5370,0.1917,3.3479,0.6152,0.6633,2.0013,0.0721,0.0129,0.1246,2.0643
906,906000,69.197281,B,false,1839,6179,0.0876,0.0000,15.3236,0.0087,-0.0093,0.0651,0.0384,0.9548,3310,2869,true,0.0500,0.0708,0.0006,0.0000,0.0819,0.1024,0.0948,0.0080,0.5925,0.0131,0.0006,0.0130,0.0000,0.0000,0.0006,0.3309
907,907000,69.273658,B,false,4782,7081,0.3543,0.0000,53.5035,0.0131,-0.0549,0.2459,0.1694,0.8661,3381,3700,true,0.2120,0.3154,0.0119,0.0006,0.1596,0.1974,0.1961,0.1091,1.2323,0.0879,0.0694,3.1615,0.0000,0.0006,0.0051,0.8276
908,908000,69.350034,B,false,2262,5584,0.0924,0.0000,19.4165,-0.0098,-0.0001,0.0552,0.0529,0.9207,1915,3669,true,0.0991,0.2290,0.0000,0.0012,0.0507,0.0990,0.0841,0.0426,0.5143,0.0711,0.0034,0.2214,0.0000,0.0000,0.0012,0.0404
909,909000,69.426411,P,false,53128,5473,0.7644,0.0000,119.2151,-0.0313,-0.0944,0.5574,0.3768,0.6439,0,5473,true,0.4190,0.5270,0.3315,0.0513,0.3500,0.6933,0.7814,0.4863,2.3258,0.2035,0.5689,7.0079,0.0788,0.0149,0.2053,0.7719
910,910000,69.502788,B,false,3473,6949,0.1685,0.0000,17.0165,-0.0020,-0.0028,0.1214,0.0844,0.9209,3536,3413,true,0.3939,0.1562,0.0000,0.0000,0.2455,0.1777,0.1109,0.0298,1.0676,0.2797,0.0000,0.0025,0.0000,0.0000,0.0011,0.0053
911,911000,69.579164,B,false,2068,7067,0.1028,0.0000,17.0000,-0.0128,-0.0128,0.0770,0.0467,0.9377,3453,3614,true,0.2425,0.0732,0.0022,0.0000,0.1344,0.1226,0.0400,0.0042,0.7259,0.2007,0.0000,0.0000,0.0000,0.0000,0.0000,0.0006
912,912000,69.655541,P,false,18141,4408,0.5331,0.0000,33.8619,-0.3063,-0.0264,0.4039,0.2434,0.7457,0,4408,true,0.8716,0.6382,0.0981,0.0286,0.9637,0.7294,0.4670,0.1713,3.5209,0.4208,0.1012,0.1620,0.0067,0.0077,0.0378,0.1441
913,913000,69.731918,B,false,1268,7007,0.0452,0.0000,5.3444,-0.0002,-0.0018,0.0373,0.0175,0.9633,3425,3582,true,0.1006,0.0090,0.0000,0.0000,0.0626,0.0000,0.0000,0.0000,0.4109,0.0593,0.0018,0.0006,0.0000,0.0000,0.0000,0.0059
914,914000,69.808295,B,false,3494,7174,0.1653,0.0000,21.0000,0.0146,0.0074,0.1405,0.0601,0.9346,3630,3544,true,0.2423,0.1376,0.0006,0.0000,0.2920,0.0358,0.0248,0.0104,1.3765,0.1160,0.0154,0.0028,0.0000,0.0000,0.0107,0.0540
915,915000,69.884671,B,false,1910,7259,0.0859,0.0000,8.0700,-0.0043,0.0002,0.0726,0.0331,0.9507,3616,3643,true,0.1362,0.1287,0.0000,0.0006,0.1200,0.0177,0.0107,0.0139,0.7288,0.0788,0.0006,0.0028,0.0000,0.0000,0.0005,0.0477
916,916000,69.961048,P,false,14614,4230,0.4786,0.0000,55.0193,-0.1323,-0.0856,0.3669,0.2098,0.7702,0,4230,true,0.5607,0.4389,0.0606,0.0286,0.9111,0.1513,0.2052,0.1279,1.6380,0.9155,0.1737,0.9620,0.0042,0.0000,0.0620,1.6218
917,917000,70.037425,B,false,1547,6875,0.0525,0.0000,12.7475,0.0050,-0.0022,0.0409,0.0212,0.9606,3731,3144,true,0.0633,0.1516,0.0000,0.0000,0.0394,0.0749,0.0097,0.0000,0.3601,0.0957,0.0012,0.0000,0.0000,0.0000,0.0000,0.0106
918,918000,70.113801,B,false,6073,5288,0.3045,0.0000,31.5000,0.0423,0.0025,0.2550,0.1024,0.8727,1554,3734,true,0.2552,0.3615,0.0000,0.0000,0.2040,0.3203,0.0719,0.0321,2.1408,0.3131,0.1246,0.0896,0.0000,0.0000,0.0044,0.1884
919,919000,70.190178,B,false,2219,4894,0.1672,0.0000,13.2500,-0.0013,0.0007,0.1268,0.0627,0.9217,1161,3733,true,0.1348,0.2322,0.0000,0.0000,0.0574,0.0883,0.0189,0.0000,1.2492,0.2832,0.0231,0.0173,0.0000,0.0000,0.0010,0.0319
920,920000,70.266555,P,false,62329,5231,0.7555,0.0000,78.7500,0.1397,-0.0844,0.5541,0.3287,0.5397,0,5231,true,0.6136,0.7014,0.2987,0.1591,0.5895,0.7909,0.3008,0.2401,0.9349,0.7125,0.7559,3.4488,0.1280,0.0799,0.3847,3.1297
921,921000,70.342931,B,false,2765,6155,0.1604,0.0000,8.6313,0.0040,-0.0022,0.1338,0.0499,0.8965,3499,2656,true,0.1051,0.4818,0.0024,0.0007,0.0615,0.0215,0.0444,0.0196,1.0776,0.2072,0.1851,0.1660,0.0000,0.0000,0.0000,0.0018
922,922000,70.419308,B,false,6523,6350,0.4695,0.0000,96.5304,0.0890,0.0257,0.3959,0.1489,0.8005,3786,2564,true,0.3616,1.0180,0.0468,0.0037,0.1628,0.1219,0.2631,0.1244,1.7165,0.4343,1.0715,1.4665,0.0014,0.0000,0.0052,0.0709
923,923000,70.495685,B,false,3491,7160,0.2160,0.0000,16.2500,-0.0107,0.0124,0.1771,0.0785,0.8740,3470,3690,true,0.1615,0.4403,0.0681,0.0006,0.1245,0.0079,0.1958,0.0474,0.8692,0.3451,0.5470,0.6604,0.0000,0.0000,0.0000,0.0040
924,924000,70.572061,P,false,48151,5070,1.4173,0.0000,114.2437,0.1455,0.1106,1.1277,0.5404,0.5284,0,5070,true,0.7332,0.9535,0.3852,0.1166,0.4725,0.3779,0.9038,0.4289,3.4450,0.4894,2.9710,10.5700,0.0335,0.0170,0.2463,2.8568
925,925000,70.648438,B,false,3783,6887,0.1929,0.0000,12.3744,-0.0114,0.0042,0.1693,0.0570,0.8631,3351,3536,true,0.0966,0.2064,0.0745,0.0030,0.2372,0.0315,0.1509,0.0086,0.5417,0.3031,0.6671,0.7693,0.0000,0.0069,0.0000,0.0187
926,926000,70.724815,B,false,6279,7131,0.4932,0.0000,18.7883,-0.0101,0.0302,0.4404,0.1444,0.7908,3732,3399,true,0.2157,0.6268,0.0855,0.0078,0.2176,0.0857,0.4498,0.0303,1.1540,0.4875,2.2195,2.0674,0.0007,0.0000,0.0005,0.0154
927,927000,70.801191,B,false,3518,7182,0.2624,0.0000,12.0675,0.0272,0.0011,0.2359,0.0749,0.8647,3352,3830,true,0.1036,0.3392,0.0303,0.0053,0.0606,0.0332,0.2546,0.0155,0.5770,0.1640,1.7103,1.0873,0.0000,0.0000,0.0000,0.0094
928,928000,70.877568,P,false,36719,4896,1.5698,0.0000,89.6772,-0.8047,-0.1988,1.3903,0.4713,0.5862,0,4896,true,0.8511,1.5073,0.6961,0.1122,0.7314,0.2999,1.0162,0.1767,1.8991,0.9296,6.8317,7.1686,0.1342,0.0140,0.0169,2.0101
929,929000,70.953945,B,false,2941,6205,0.1505,0.0000,28.5000,-0.0320,-0.0119,0.1245,0.0400,0.8819,3042,3163,true,0.0682,0.1968,0.0681,0.0073,0.0358,0.1076,0.0987,0.0101,0.1979,0.0647,1.0542,0.6635,0.0036,0.0000,0.0000,0.0086
930,930000,71.030322,B,false,6559,7424,0.6429,0.0000,28.7446,-0.2132,-0.0072,0.5899,0.1288,0.7775,3556,3868,true,0.2312,0.6838,0.1851,0.0127,0.1712,0.1042,0.4979,0.0283,0.6209,0.3483,3.7348,3.1599,0.0000,0.0000,0.0012,0.5302
931,931000,71.106698,B,false,3306,6298,0.2629,0.0000,14.1090,-0.1123,-0.0066,0.2399,0.0621,0.8630,2490,3808,true,0.0803,0.2151,0.0807,0.0021,0.0579,0.0135,0.1353,0.0000,0.1828,0.1312,1.6917,1.6172,0.0075,0.0000,0.0006,0.1114
932,932000,71.183075,P,false,53194,5058,1.8013,0.0000,60.8204,-1.1311,-0.0942,1.5885,0.4979,0.5480,0,5058,true,0.6879,1.2138,0.6027,0.2124,0.5497,0.7181,0.7626,0.1971,1.6480,0.8781,11.6186,9.6254,0.1601,0.0164,0.1774,1.8473
933,933000,71.259452,B,false,4067,5897,0.3539,0.0000,20.2299,-0.0301,0.0142,0.2771,0.1632,0.8338,3720,2177,true,0.1240,0.3667,0.1527,0.0072,0.1009,0.0633,0.3084,0.0247,0.2681,0.1262,1.8620,1.5084,0.0000,0.0000,0.0000,0.0006
934,934000,71.335828,B,false,5672,6129,0.7231,0.0000,43.8926,-0.1731,-0.0617,0.5474,0.3449,0.7629,3843,2286,true,0.3276,0.6930,0.5527,0.0401,0.1562,0.1958,0.5403,0.0460,0.3997,0.1915,3.6455,2.7380,0.0000,0.0000,0.0021,0.0006
935,935000,71.412205,B,false,2686,6919,0.2388,0.0000,46.1797,-0.0357,0.0277,0.1625,0.1425,0.8760,3808,3111,true,0.0522,0.2927,0.3786,0.0099,0.0392,0.1283,0.5242,0.0227,0.0581,0.0252,0.7073,1.8290,0.0000,0.0000,0.0000,0.0005
936,936000,71.488582,P,false,45387,5373,1.2272,0.0000,53.4053,-0.6945,-0.0310,0.9755,0.5342,0.6432,0,5373,true,0.6723,1.8897,1.2690,0.2020,0.4222,0.4867,0.5834,0.1857,0.8259,0.5846,7.2806,6.2069,0.0266,0.0382,0.1114,0.0663
937,937000,71.564958,B,false,4555,7328,0.3452,0.0000,32.4596,0.0246,0.0300,0.2425,0.1814,0.8392,3693,3635,true,0.1219,0.3787,0.3121,0.0595,0.0865,0.3654,0.4570,0.1897,0.1013,0.0531,1.2768,2.1483,0.0000,0.0000,0.0000,0.0000
938,938000,71.641335,B,false,7135,7615,0.6484,0.0000,46.0977,-0.0801,0.0655,0.4317,0.3837,0.7862,3944,3671,true,0.2508,0.6931,0.6317,0.0977,0.4333,0.6594,0.5008,0.7056,0.2043,0.1458,2.7827,3.4590,0.0007,0.0000,0.0010,0.0011
939,939000,71.717712,B,false,3718,7448,0.3555,0.0000,52.6931,0.0356,0.0055,0.2379,0.2184,0.8413,3699,3749,true,0.1965,0.3571,0.2216,0.0539,0.2423,0.4371,0.1793,0.6387,0.0716,0.0596,1.0785,2.3542,0.0000,0.0000,0.0000,0.0000
940,940000,71.794088,P,false,29577,4584,1.2132,0.0000,76.6657,-0.2699,0.0505,0.8305,0.7135,0.6473,0,4584,true,0.8993,1.5240,1.7545,0.5724,1.1536,1.9537,0.9841,0.5582,0.4979,0.4125,5.3094,3.4363,0.0083,0.0026,0.0130,0.0167
941,941000,71.870465,B,false,3548,7160,0.2947,0.0000,15.9138,-0.0413,-0.0266,0.1998,0.1722,0.8455,3255,3905,true,0.1412,0.3480,0.3749,0.0694,0.2612,0.3927,0.3151,0.1139,0.1561,0.0632,1.2079,1.5628,0.0000,0.0000,0.0000,0.0000
942,942000,71.946842,B,false,9720,6337,0.8759,0.0000,32.3545,0.0095,-0.0401,0.6279,0.4798,0.7089,2215,4122,true,0.4780,1.1326,1.4867,0.3049,1.1931,1.3658,0.7157,0.3824,0.6245,0.3018,1.9691,2.2856,0.0000,0.0000,0.0008,0.0010
943,943000,72.023219,B,false,4085,7423,0.2200,0.0000,14.0000,-0.0062,-0.0057,0.1568,0.1134,0.8317,3400,4023,true,0.1142,0.4301,0.1859,0.0116,0.3779,0.4551,0.3184,0.1097,0.3611,0.0782,0.3902,0.6346,0.0000,0.0000,0.0000,0.0011
944,944000,72.099595,P,false,90986,5313,1.4478,0.0000,52.8216,0.4171,-0.0067,1.0216,0.7921,0.5701,0,5313,true,1.0732,2.5382,3.4404,0.8630,1.2419,2.2789,1.4799,0.7129,1.8238,0.5996,3.6163,3.1846,0.0337,0.0439,0.2832,0.7288
945,945000,72.175972,B,false,2740,7216,0.0989,0.0000,6.5000,0.0129,-0.0019,0.0706,0.0469,0.9049,3542,3674,true,0.0741,0.3544,0.0390,0.0139,0.1623,0.2577,0.0633,0.0405,0.2233,0.0660,0.0529,0.1531,0.0000,0.0000,0.0000,0.0000
946,946000,72.252349,B,false,5842,7509,0.3816,0.0000,18.6815,-0.0287,0.0117,0.2941,0.1612,0.8174,3631,3878,true,0.4768,1.0222,0.4367,0.0294,0.6659,0.7178,0.3140,0.1125,1.0210,0.2920,0.2026,0.2284,0.0000,0.0000,0.0005,0.0030
947,947000,72.328725,B,false,4664,7169,0.2188,0.0000,16.2519,-0.0143,-0.0004,0.1673,0.0975,0.8644,3906,3263,true,0.2367,0.4604,0.1719,0.0086,0.2204,0.4351,0.2225,0.0471,0.9932,0.2532,0.2021,0.1082,0.0000,0.0000,0.0000,0.0000
948,948000,72.405102,P,false,25581,4560,0.9759,0.0000,31.9159,0.1914,-0.1501,0.6798,0.5077,0.6230,0,4560,true,1.3876,2.2188,1.2991,0.1833,2.2764,1.6315,0.5366,0.3248,2.3734,1.1436,0.5225,0.9991,0.0160,0.0011,0.0459,0.0761
949,949000,72.481479,B,false,3187,7498,0.1999,0.0000,11.2944,0.0269,-0.0001,0.1458,0.0975,0.8708,3841,3657,true,0.3056,0.4152,0.0228,0.0000,0.1972,0.5097,0.2592,0.0621,0.5535,0.1711,0.3510,0.2576,0.0000,0.0000,0.0000,0.0000
950,950000,72.557855,B,false,8040,7833,0.4458,0.0000,22.7514,0.0655,-0.0381,0.3463,0.2037,0.8109,3816,4017,true,0.8272,0.8339,0.1049,0.0194,0.4212,1.0715,0.5520,0.1431,0.9016,0.3928,0.7998,0.6734,0.0000,0.0000,0.0005,0.0016
951,951000,72.634232,B,false,3486,7362,0.2229,0.0000,10.4463,0.0214,-0.0157,0.1518,0.1269,0.8464,3476,3886,true,0.5175,0.5031,0.0556,0.0214,0.1493,0.6237,0.3759,0.0815,0.3687,0.1902,0.2946,0.2569,0.0000,0.0000,0.0000,0.0000
952,952000,72.710609,P,false,23095,4487,1.2123,0.0000,38.3023,0.1717,-0.1183,0.8920,0.5981,0.6546,0,4487,true,2.1334,2.3453,0.5721,0.1119,1.3094,2.5874,1.1214,0.5678,2.0393,1.0809,2.1905,1.9429,0.0036,0.0000,0.0252,0.0135
953,953000,72.786985,B,false,2402,6810,0.1104,0.0000,9.8011,-0.0219,0.0256,0.0644,0.0717,0.8953,3012,3798,true,0.1472,0.3177,0.1314,0.0149,0.0372,0.3784,0.3134,0.0612,0.1151,0.0863,0.1032,0.0744,0.0000,0.0000,0.0000,0.0000
954,954000,72.863362,B,false,7021,7474,0.5045,0.0000,32.2665,-0.0602,0.0796,0.2864,0.3449,0.7930,3376,4098,true,0.4650,0.8562,0.8873,0.1970,0.1661,1.7761,1.0560,0.5135,0.5718,0.4012,0.4242,0.3746,0.0000,0.0000,0.0005,0.0011
955,955000,72.939739,B,false,5196,6935,0.2757,0.0000,14.9771,-0.0230,0.0332,0.1346,0.1965,0.8261,2967,3968,true,0.1790,0.4655,0.4263,0.0547,0.1202,1.0130,0.6453,0.2268,0.5091,0.1764,0.2546,0.2032,0.0000,0.0000,0.0000,0.0000
956,956000,73.016115,P,false,27959,4626,1.5572,0.0000,28.4978,-0.3430,0.4302,0.8287,1.1363,0.6202,0,4626,true,1.3343,1.9927,2.5577,0.7037,0.7525,5.2501,2.5102,1.3958,1.7981,1.2493,1.6872,1.3258,0.0000,0.0000,0.0010,0.0011
957,957000,73.092492,B,false,5925,7431,0.3416,0.0000,20.1804,0.0146,0.0435,0.1324,0.2674,0.8370,3783,3648,true,0.1478,0.2984,0.2741,0.0477,0.1541,1.4890,1.2933,0.1134,0.3818,0.1195,0.4917,0.4728,0.0000,0.0000,0.0000,0.0000
958,958000,73.168869,B,false,10642,5266,1.0784,0.0000,23.6035,-0.1291,0.2934,0.4716,0.8190,0.6817,993,4273,true,0.4953,0.8670,1.0422,0.3558,0.4418,4.0597,2.9677,0.4600,1.1384,0.5124,1.2278,1.2835,0.0000,0.0000,0.0010,0.0090
959,959000,73.245246,B,false,6247,4933,0.5214,0.0000,21.6232,-0.0165,0.1488,0.2623,0.3668,0.7203,812,4121,true,0.3038,0.4597,0.6053,0.1891,0.4244,1.9360,1.2012,0.3298,0.4547,0.1970,0.6116,0.6453,0.0000,0.0000,0.0000,0.0011
960,960000,73.321622,P,false,165605,6265,1.6014,0.2500,38.7508,-0.1207,0.5201,0.7507,1.1605,0.4093,0,6265,true,0.7568,1.4471,2.1208,0.5016,1.2605,6.8944,2.4336,0.8055,1.2679,1.1943,2.8393,2.8269,0.1810,0.1714,0.3801,1.0280
961,961000,73.397999,B,false,3673,7525,0.3427,0.0000,12.8062,0.0191,0.0466,0.1991,0.2233,0.8542,3672,3853,true,0.4279,0.2413,0.2970,0.0665,0.3777,1.2807,1.0814,0.1295,0.2343,0.1046,0.5179,0.5314,0.0000,0.0005,0.0005,0.0000
962,962000,73.474376,B,false,7077,7607,0.6549,0.0000,24.7513,0.0413,0.0763,0.3970,0.4152,0.8294,3711,3896,true,0.6529,0.3582,0.5392,0.1059,0.6662,2.2186,1.8475,0.3035,0.4407,0.1517,1.3078,1.4625,0.0000,0.0000,0.0000,0.0006
963,963000,73.550752,B,false,2922,6946,0.1644,0.0000,13.2500,-0.0277,0.0139,0.1056,0.0903,0.8746,3123,3823,true,0.1398,0.0396,0.1188,0.0632,0.2580,0.3602,0.4136,0.1869,0.0890,0.0281,0.4475,0.6714,0.0000,0.0000,0.0005,0.0000
964,964000,73.627129,P,false,22314,4551,1.7973,0.0000,33.9126,-0.4441,0.4702,1.1026,1.1061,0.6546,0,4551,true,1.5824,1.2203,1.3469,0.4408,1.7278,5.8904,1.0156,0.7945,1.3160,0.5685,4.8590,5.2577,0.0303,0.0138,0.0373,0.0759
965,965000,73.703506,B,false,5003,6903,0.5504,0.0000,38.2500,-0.0246,0.0340,0.4058,0.2792,0.8231,2942,3961,true,0.2039,0.3301,0.7228,0.6679,0.2993,1.2288,0.7133,0.1273,0.1439,0.0655,1.8550,2.2321,0.0000,0.0000,0.0006,0.0007
966,966000,73.779882,P,false,44029,5161,1.4525,0.0000,36.7967,-0.6264,-0.1373,1.1181,0.6792,0.6365,0,5161,true,0.5666,0.6818,1.4798,0.6949,1.1919,2.6515,1.2815,0.5775,0.3907,0.3546,6.3920,7.9484,0.0264,0.0290,0.0702,0.1706
967,967000,73.856259,B,false,4476,5464,0.5230,0.0000,13.0024,-0.0668,0.0709,0.3378,0.2950,0.7961,3877,1587,true,0.1615,0.6307,1.9808,0.4523,0.2123,1.1990,0.9298,0.1618,0.1036,0.0328,0.5326,0.9045,0.0000,0.0000,0.0085,0.0141
968,968000,73.932636,B,false,13506,6033,1.6372,0.0000,44.3121,-0.3253,0.2481,1.1199,0.8916,0.7490,3927,2106,true,0.5843,2.7272,5.7661,1.2129,1.0415,3.8394,1.4567,0.3913,0.1691,0.2164,2.7382,2.9966,0.0000,0.0000,0.0000,0.0007
969,969000,74.009012,B,false,6124,7512,1.2966,0.0000,40.5131,-0.0204,-0.0625,0.9985,0.6050,0.8206,3822,3690,true,0.2911,1.5463,4.3654,0.5485,0.1812,2.2404,1.2268,0.2670,0.0913,0.0871,3.6384,5.5745,0.0000,0.0000,0.0000,0.0000
970,970000,74.085389,P,false,78434,5254,1.6682,0.0000,62.4825,0.6564,-0.7609,1.0501,1.0108,0.6631,0,5254,true,0.7479,1.1838,5.0480,1.0936,1.1185,4.0099,1.3183,1.0366,0.4052,0.3784,5.9437,9.5729,0.0351,0.0426,0.0527,0.0836
971,971000,74.161766,B,false,3993,7223,0.5999,0.0000,29.8685,0.0856,-0.0629,0.4888,0.2654,0.8534,3331,3892,true,0.1397,0.4778,1.4331,0.3587,0.0589,0.6488,0.6009,0.0967,0.0487,0.0523,2.4000,3.5740,0.0000,0.0000,0.0000,0.0000
972,972000,74.238143,B,false,9809,7691,2.1645,0.0000,60.8656,-0.2023,0.1983,1.7734,1.0378,0.8161,3921,3770,true,0.3178,1.3604,3.5177,1.7247,0.1226,2.2672,1.4653,0.2593,0.1722,0.0556,15.0523,9.6356,0.0000,0.0000,0.0000,0.0005
973,973000,74.314519,B,false,5447,7508,1.4168,0.0000,37.6580,0.0319,-0.0108,1.1999,0.6121,0.8336,3650,3858,true,0.1765,0.4437,1.6464,0.9499,0.0368,0.8621,0.7496,0.6907,0.0761,0.0223,8.8939,8.0188,0.0000,0.0000,0.0000,0.0000
974,974000,74.390896,P,false,29630,3981,1.7085,0.0000,90.5956,0.3336,-0.5878,1.1797,0.9425,0.7365,0,3981,true,0.9524,1.7489,6.2648,1.3732,0.7084,5.7545,1.8999,0.8014,0.5311,0.2033,2.7443,8.0697,0.0141,0.0058,0.0141,0.0230
975,975000,74.467273,B,false,4558,7108,0.7378,0.0000,33.9972,-0.0527,0.0015,0.6287,0.3021,0.8540,3919,3189,true,0.0981,0.2587,0.6995,0.4617,0.0127,0.2483,0.4889,0.8803,0.0518,0.0160,4.1110,4.3818,0.0000,0.0000,0.0000,0.0000
976,976000,74.543649,B,false,11187,6603,2.3451,0.0000,89.4455,0.7783,-0.3366,1.9833,1.0306,0.7880,2426,4177,true,0.3714,0.7461,2.1006,2.1031,0.0644,0.9393,1.1370,3.2086,0.1908,0.0746,16.2300,11.5006,0.0000,0.0000,0.0000,0.0034
977,977000,74.620026,B,false,8533,6159,1.8670,0.0000,85.7861,0.5113,-0.2075,1.5534,0.8068,0.7514,2120,4039,true,0.2228,0.8437,1.2656,2.2526,0.0857,1.3244,1.6426,1.4336,0.0846,0.0690,10.1923,6.5101,0.0000,0.0000,0.0000,0.0006
978,978000,74.696403,P,false,101837,5063,1.7660,0.0000,120.4004,1.0454,-0.3689,1.3532,0.9060,0.6247,0,5063,true,0.7273,1.0332,1.1877,1.9902,0.2744,2.5696,4.0132,1.6711,0.4921,0.5806,6.5274,21.7096,0.0491,0.0444,0.0839,0.1964
979,979000,74.772779,B,false,6114,7365,0.9005,0.0000,21.5928,0.1644,-0.0035,0.6753,0.4679,0.8310,3899,3466,true,0.1304,0.4928,1.0134,0.5326,0.0280,1.2873,2.3611,0.9138,0.0517,0.0075,3.4276,3.6576,0.0000,0.0000,0.0000,0.0000
980,980000,74.849156,B,false,9293,7609,1.7589,0.0000,51.7500,0.5096,0.0583,1.2480,0.9954,0.7832,3944,3665,true,0.3768,0.9545,2.5006,1.3148,0.0388,2.2243,4.2464,1.9399,0.0656,0.0123,5.9394,6.7873,0.0000,0.0000,0.0000,0.0019
981,981000,74.925533,B,false,5878,7572,0.6886,0.0000,39.9726,0.0378,0.0487,0.4761,0.4067,0.8279,3908,3664,true,0.2960,0.5376,1.0959,0.5360,0.0330,1.0032,2.5984,0.4443,0.1071,0.0050,1.8200,1.9013,0.0000,0.0000,0.0000,0.0000
982,982000,75.001909,P,false,33413,4212,2.3106,0.0000,97.6656,1.3400,-0.6254,1.5407,1.3461,0.6781,0,4212,true,1.1546,1.9388,4.5612,1.8314,0.2527,5.5364,4.4580,2.0966,0.2585,0.1520,6.6597,11.6298,0.0321,0.0113,0.0367,0.1393
983,983000,75.078286,B,false,3248,6903,0.1549,0.0000,12.9059,0.0129,-0.0388,0.0996,0.0958,0.8892,3173,3730,true,0.0660,0.2401,0.2538,0.2851,0.0023,0.1992,0.7049,0.1564,0.0173,0.0091,0.1493,0.4089,0.0000,0.0000,0.0000,0.0000
984,984000,75.154663,B,false,7938,7573,0.8780,0.0000,65.9664,0.1735,-0.1244,0.5462,0.5825,0.8146,3876,3697,true,0.3581,0.6720,1.9561,1.2430,0.0306,0.9635,2.8623,0.6308,0.0436,0.0068,2.0009,2.5551,0.0000,0.0000,0.0000,0.0000
985,985000,75.231039,B,false,5371,7507,0.4434,0.0000,32.4894,0.0345,-0.0283,0.2617,0.2955,0.8499,3688,3819,true,0.1532,0.3208,0.8052,0.4452,0.0097,0.5136,1.4368,0.4239,0.0497,0.0009,1.6116,1.3120,0.0000,0.0000,0.0000,0.0000
986,986000,75.307416,P,false,25541,4308,1.5479,0.0000,64.6258,0.3364,-0.2501,0.8765,1.1234,0.7075,0,4308,true,0.8802,1.7627,2.7698,2.7096,0.1824,2.1846,3.4499,2.0607,0.2900,0.0875,1.9253,6.0383,0.0011,0.0040,0.0033,0.0449
987,987000,75.383793,B,false,4344,7083,0.5549,0.0000,41.3673,0.2200,-0.0995,0.3569,0.3507,0.8564,3989,3094,true,0.1347,0.3027,0.2805,0.3388,0.0023,0.1411,0.6059,0.5914,0.0928,0.0000,3.0308,2.5842,0.0000,0.0000,0.0000,0.0000
988,988000,75.460170,B,false,8329,7467,1.0124,0.0000,59.3686,0.2235,-0.1636,0.6842,0.6148,0.8157,3576,3891,true,0.3614,0.4499,0.8463,0.8226,0.0060,0.5151,0.8884,1.3462,0.1429,0.0063,6.4310,4.6105,0.0000,0.0000,0.0000,0.0000
989,989000,75.536546,B,false,4305,6608,0.6263,0.0000,23.3840,-0.0402,0.0082,0.4417,0.3802,0.8402,2707,3901,true,0.2442,0.2550,0.3096,0.4332,0.0000,0.2407,0.6954,1.1882,0.0533,0.0080,3.6199,2.6311,0.0000,0.0000,0.0000,0.0000
990,990000,75.612923,P,false,36083,4343,1.0172,0.0000,68.6517,-0.2472,-0.1825,0.6203,0.6236,0.7212,0,4343,true,0.7993,1.1328,1.5905,1.5106,0.1067,1.0348,1.4040,0.7854,0.4915,0.0745,2.3707,7.8401,0.0010,0.0000,0.0000,0.0046
991,991000,75.689300,B,false,4272,7205,0.8852,0.0000,44.6500,-0.0347,0.0406,0.6298,0.5218,0.8400,3702,3503,true,0.4283,0.3089,0.4936,0.3162,0.0000,0.5357,1.6092,1.1360,0.0226,0.0177,5.2542,4.1498,0.0000,0.0005,0.0010,0.0000
992,992000,75.765676,B,false,9564,7363,1.9820,0.0000,70.1004,0.1271,-0.1505,1.4943,1.0862,0.8067,3590,3773,true,0.9054,0.5694,1.2877,1.0823,0.0000,1.1903,2.2074,3.2545,0.1414,0.0553,12.1088,11.3730,0.0000,0.0000,0.0000,0.0000
993,993000,75.842053,B,false,6162,7377,1.5393,0.0000,31.8483,0.1545,0.0052,1.2344,0.7563,0.8078,3788,3589,true,0.4682,0.5454,0.9222,0.5629,0.0000,0.8819,3.7134,1.3700,0.0504,0.0308,7.6642,8.4666,0.0000,0.0000,0.0010,0.0000
994,994000,75.918430,P,false,28001,4053,2.9540,0.0000,118.0815,-1.7419,0.7523,2.4208,1.3467,0.7145,0,4053,true,1.2455,1.1537,1.8206,1.4488,0.0615,2.7669,1.8560,1.5633,0.4605,0.3301,24.0562,25.3653,0.0000,0.0000,0.0000,0.0026
995,995000,75.994806,B,false,3946,6870,0.6326,0.0000,44.0000,-0.0683,0.0921,0.5011,0.2999,0.8475,3119,3751,true,0.1939,0.2293,0.4785,0.1958,0.0025,0.6507,1.3163,0.4022,0.0231,0.0245,3.8660,4.6012,0.0000,0.0000,0.0000,0.0000
996,996000,76.071183,B,false,9838,7570,2.4799,0.0000,50.5581,0.0967,-0.1085,2.0346,1.0994,0.7785,3827,3743,true,0.5492,0.8972,2.5043,1.2474,0.0630,1.2735,3.1776,0.0922,0.1761,0.1398,14.4593,15.3285,0.0000,0.0000,0.0025,0.0000
997,997000,76.147560,B,false,4658,7454,1.1763,0.0000,34.8972,0.0536,-0.0042,0.9499,0.5463,0.8096,3628,3826,true,0.2291,0.4192,1.0089,0.6283,0.0505,0.4048,1.9958,0.0071,0.1184,0.0878,6.2475,7.9765,0.0000,0.0000,0.0000,0.0072
998,998000,76.223936,P,false,26307,3981,3.6644,0.0000,96.4368,-2.3952,1.1257,3.0629,1.6031,0.7038,0,3981,true,1.2078,1.4421,3.1240,1.8458,0.4670,2.4781,1.1027,0.8960,0.6604,0.7382,27.8323,41.0563,0.0000,0.0000,0.0397,0.0303
999,999000,76.300313,P,false,8785,4169,1.6794,0.0000,65.8545,-0.9860,0.7985,1.2122,0.9270,0.6815,0,4169,true,0.3222,0.8076,1.8047,0.9120,0.4577,1.5929,1.7258,0.4646,0.2331,0.6344,7.6579,8.0725,0.0032,0.0000,0.0989,0.2240
1000,1000000,76.376690,I,true,298260,0,0.0000,0.0000,0.0000,0.0000,0.0000,0.0000,0.0000,0.0000,0,0,false,0.0000,0.0000,0.0000,0.0000,0.0000,0.0000,0.0000,0.0000,0.0000,0.0000,0.0000,0.0000,0.0000,0.0000,0.0000,0.0000
1001,1001000,76.453067,B,false,6667,6870,0.7424,0.0000,43.1748,-0.1129,0.2072,0.3949,0.5530,0.7849,3112,3758,true,0.1705,0.2906,0.5169,0.9241,0.2044,1.2170,1.4779,0.2375,0.1627,0.2354,3.0855,3.0836,0.0013,0.0000,0.0005,0.0409
1002,1002000,76.529443,B,false,12994,5766,1.9288,0.0000,67.1361,-0.0483,-0.3621,0.7066,1.6308,0.7144,4047,1719,true,0.4158,0.5876,1.4155,2.1694,0.2733,2.2673,1.6799,0.6582,0.3886,0.5884,8.2098,7.2343,0.0208,0.0011,0.0367,0.3637
1003,1003000,76.605820,B,false,6302,7216,0.9431,0.0000,32.7738,-0.0798,0.1546,0.2957,0.8276,0.8095,3515,3701,true,0.2011,0.3055,0.4826,0.4995,0.0800,1.2974,2.0461,0.0086,0.1500,0.3159,4.0663,4.9208,0.0078,0.0000,0.0115,0.1161
1004,1004000,76.682197,P,false,69886,4462,2.4231,0.0000,49.3318,-0.2359,1.3905,0.8846,1.9648,0.5625,0,4462,true,1.0053,1.5690,2.1977,2.0583,0.7588,2.1669,1.3253,1.2851,0.5519,1.1805,12.5658,14.0554,0.1990,0.0582,0.4238,1.1204
1005,1005000,76.758573,B,false,8786,7314,1.4979,0.0000,40.5933,0.0045,-0.0727,0.5685,1.2836,0.8052,3795,3519,true,0.3320,0.3727,0.8959,0.2537,0.2149,1.7662,0.9417,0.0000,0.0525,1.0679,8.6905,6.9997,0.0000,0.0000,0.0593,0.1635
1006,1006000,76.834950,B,false,12785,7043,2.7198,0.0000,66.7018,-0.1404,-0.3506,0.9470,2.3448,0.7671,3900,3143,true,0.8561,0.6443,1.5549,0.4964,0.5899,2.7004,1.2218,0.0183,0.0950,3.3431,17.1284,12.4079,0.0000,0.0000,0.2044,0.3732
1007,1007000,76.911327,B,false,5375,6923,0.8341,0.0000,36.3817,-0.0108,0.0389,0.2756,0.7155,0.8376,3064,3859,true,0.1920,0.1758,0.4044,0.0745,0.0958,0.3798,1.0325,0.0128,0.0390,0.9038,5.0675,5.6955,0.0000,0.0005,0.0203,0.1246
1008,1008000,76.987703,P,false,35337,4270,2.0413,0.0000,67.1682,-0.1515,0.6841,1.0061,1.4660,0.7019,0,4270,true,1.3588,1.5048,2.7135,0.9534,1.3421,4.0532,0.9238,0.2383,0.4549,0.6493,22.0848,10.1438,0.0099,0.0120,0.4324,1.3326
1009,1009000,77.064080,B,false,6633,7263,0.9171,0.0000,50.2500,0.0190,0.1287,0.3371,0.7648,0.8181,3733,3530,true,0.4024,0.2141,0.3305,0.2361,0.2100,0.7929,1.0120,0.0452,0.0518,1.4610,5.6121,3.8907,0.0000,0.0000,0.0867,0.1135
1010,1010000,77.140457,B,false,9449,7418,1.8875,0.0000,55.3048,0.1508,0.4551,0.6799,1.5903,0.7537,4029,3389,true,0.9202,0.5133,0.9880,0.4426,0.4328,1.7448,1.7278,0.1154,0.1108,2.3720,11.8004,8.0502,0.0000,0.0000,0.0999,0.1080
1011,1011000,77.216833,B,false,5116,7288,0.6733,0.0000,42.1900,0.0998,-0.0526,0.2902,0.5503,0.8237,3877,3411,true,0.4076,0.3448,0.2444,0.1496,0.1887,0.6372,0.7564,0.0235,0.0232,0.7475,3.2981,4.2083,0.0000,0.0000,0.0050,0.0200
1012,1012000,77.293210,P,false,29164,4235,2.2206,0.0000,66.1443,0.0736,0.7555,0.9885,1.7056,0.6713,0,4235,true,0.8153,1.3556,2.7956,1.2391,1.3246,3.9532,2.2122,0.3644,0.3695,6.8178,17.5781,3.6788,0.0097,0.0010,0.0063,0.7272
1013,1013000,77.369587,B,false,6501,7058,0.5305,0.0000,35.9878,-0.0358,0.0831,0.3401,0.3421,0.8080,3286,3772,true,0.3004,0.2424,0.1778,0.0668,0.2337,0.7066,0.4752,0.0028,0.0668,0.9820,2.8676,2.1279,0.0000,0.0000,0.0414,0.0298
1014,1014000,77.445963,B,false,9256,6691,1.3031,0.0000,47.7055,0.3461,0.0617,0.9686,0.6636,0.7527,4074,2617,true,0.6580,0.6049,0.5057,0.2595,0.7761,1.3768,1.2544,0.0402,0.2282,3.1304,7.2990,3.5792,0.0000,0.0000,0.0357,0.0693
1015,1015000,77.522340,B,false,5710,6547,0.7792,0.0000,28.7500,-0.0934,0.0212,0.5956,0.3621,0.7920,3768,2779,true,0.4950,0.4338,0.2293,0.1228,0.4182,0.6092,0.6946,0.0506,0.0934,1.7072,4.4188,1.3645,0.0000,0.0000,0.0363,0.0525
1016,1016000,77.598717,P,false,47103,4681,2.5319,0.0000,56.4053,-1.0066,0.6835,1.6558,1.6043,0.5977,0,4681,true,1.4638,1.0980,1.0365,0.9337,1.0563,2.4294,2.0883,0.3203,0.5321,5.4994,18.4081,8.8201,0.2529,0.0910,0.6360,1.6728
1017,1017000,77.675094,B,false,7011,7486,1.3080,0.0000,50.7592,0.1300,-0.0988,1.0649,0.5502,0.8096,3919,3567,true,0.4975,0.1862,1.1521,0.4695,0.4612,0.7818,1.6758,0.2826,0.0844,3.1520,9.5503,1.3551,0.0000,0.0000,0.3591,0.0023
1018,1018000,77.751470,B,false,9308,7430,2.1849,0.0000,63.2505,-0.3361,0.1046,1.7688,0.9454,0.7797,4003,3427,true,1.0344,0.4595,2.4994,0.7612,0.5483,1.7864,2.4100,0.3496,0.1798,6.6747,13.2233,1.6278,0.0000,0.0000,1.1333,0.0091
1019,1019000,77.827847,B,false,3671,6916,0.5095,0.0000,31.0494,-0.0870,0.0742,0.3837,0.2490,0.8502,3137,3779,true,0.1992,0.1193,0.6659,0.1863,0.1447,0.5117,0.6606,0.1083,0.0477,1.8566,2.9774,0.6049,0.0000,0.0000,0.3495,0.0229
1020,1020000,77.904224,P,false,29774,4328,4.5145,0.0000,88.4043,-1.8058,0.5138,3.5117,2.0596,0.6548,0,4328,true,1.8888,1.2362,6.0585,2.5192,1.6891,4.5660,5.3389,1.0220,0.5674,9.6591,31.6881,5.1614,0.3230,0.0042,6.8154,0.0274
1021,1021000,77.980600,B,false,4670,7310,0.5700,0.0000,32.0000,0.0568,-0.0408,0.4161,0.2999,0.8404,3580,3730,true,0.3408,0.3146,1.1325,0.2826,0.2259,0.3079,1.1075,0.2103,0.0375,1.4862,2.4770,0.7013,0.0000,0.0574,0.5113,0.0173
1022,1022000,78.056977,B,false,9098,7484,1.0901,0.0000,31.2830,-0.1469,0.0498,0.8024,0.5879,0.7990,3782,3702,true,0.7417,0.8083,3.2748,0.8597,0.7803,0.9840,1.0642,0.4010,0.1329,1.9188,3.5876,1.2440,0.0000,0.1251,1.1445,0.0121
1023,1023000,78.133354,B,false,4914,7237,0.5226,0.0000,21.4257,-0.0231,0.0385,0.3315,0.3276,0.8171,3751,3486,true,0.5052,0.2737,0.9305,0.4132,0.6127,0.7906,0.7714,0.2351,0.1118,0.4545,1.2944,0.8991,0.0000,0.0538,0.7615,0.0704
1024,1024000,78.209730,P,false,28667,4447,2.2704,0.0000,64.6578,-0.0846,0.9188,1.6242,1.3145,0.6654,0,4447,true,1.2644,0.7976,5.6473,2.1097,2.2496,2.5637,2.3688,0.7586,0.6034,3.8506,8.5782,2.7475,0.0105,0.0799,2.6457,0.2500
1025,1025000,78.286107,B,false,7210,6611,0.6758,0.0000,22.5000,0.1098,0.1608,0.4159,0.4179,0.7767,2669,3942,true,0.4797,0.4427,0.9512,0.3739,0.2846,1.2456,0.9902,0.3240,0.0866,1.4802,1.8307,0.5493,0.0011,0.0029,0.9270,0.0092
1026,1026000,78.362484,B,false,10276,7126,1.6912,0.0000,51.5388,-0.3962,0.0189,1.2028,0.8676,0.7603,4092,3034,true,1.2038,0.7607,2.0195,0.7721,0.4405,3.3332,1.6298,0.1039,0.2607,5.8950,6.1379,0.4004,0.0000,0.0482,1.8757,0.0048
1027,1027000,78.438860,B,false,6161,5290,0.9339,0.0000,28.2323,-0.2798,-0.0943,0.6819,0.4509,0.7854,3900,1390,true,0.5925,0.3918,1.0729,0.1412,0.1099,2.2108,0.9911,0.0546,0.0793,3.3322,3.8522,0.1569,0.0000,0.0011,0.6428,0.0000
1028,1028000,78.515237,P,false,79807,4797,1.8613,0.0000,69.8794,0.5485,0.5219,1.3051,1.0292,0.6733,0,4797,true,0.9815,1.2767,3.0575,1.2692,0.3464,2.2111,1.2748,0.8757,0.6346,5.3527,10.1774,4.4446,0.0288,0.2414,1.7584,1.0113
1029,1029000,78.591614,B,false,5851,7486,1.0714,0.0000,52.0366,0.0062,0.0551,0.8751,0.4438,0.8193,3620,3866,true,0.6397,0.2932,0.5337,0.6592,0.3053,2.1062,0.9172,0.1211,0.1196,4.5797,6.4240,0.3336,0.0000,0.0000,0.0005,0.0000
1030,1030000,78.667991,B,false,10365,7448,1.3462,0.0000,86.1721,0.0687,0.0678,1.1053,0.5011,0.8118,3848,3600,true,0.9638,0.5721,0.8967,0.6588,0.6178,2.9975,1.5688,0.5134,0.1960,5.3428,7.6578,0.5816,0.0000,0.0000,0.0000,0.0000
1031,1031000,78.744367,B,false,5412,7468,0.7327,0.0000,44.3121,0.0267,0.0352,0.5907,0.2732,0.8285,3631,3837,true,0.3717,0.2381,0.3058,0.2627,0.3124,1.7640,1.2286,0.5675,0.0581,2.6341,3.3552,0.2776,0.0000,0.0000,0.0000,0.0000
1032,1032000,78.820744,P,false,27298,3979,2.6758,0.0000,108.3827,1.1061,0.5289,2.1429,1.1396,0.6994,0,3979,true,2.4633,1.2926,2.5344,1.5823,1.4727,2.4355,2.6527,2.0842,0.4297,16.7174,11.0430,2.5114,0.0000,0.0035,0.7390,0.0463
1033,1033000,78.897121,B,false,5992,7117,0.6468,0.0000,42.2796,0.0483,0.0172,0.5529,0.2180,0.8367,3183,3934,true,0.4729,0.2036,0.5488,0.1973,0.2898,1.7649,0.9332,0.4184,0.1040,1.9911,2.7053,0.5803,0.0000,0.0000,0.0000,0.0000
1034,1034000,78.973497,B,false,10496,7571,1.2607,0.0000,57.1473,-0.0867,-0.0513,1.0315,0.5125,0.8000,3714,3857,true,1.2159,0.7463,0.8318,0.4605,0.8234,2.5497,1.4489,0.2890,0.3594,4.1375,5.6429,1.6615,0.0000,0.0000,0.0000,0.0000
1035,1035000,79.049874,B,false,6230,7325,0.5072,0.0000,39.8246,-0.0153,0.0487,0.3706,0.2525,0.8370,3412,3913,true,0.4616,0.3280,0.4051,0.2126,0.2022,0.6692,0.6155,0.1013,0.1378,1.2178,2.8923,1.1314,0.0000,0.0000,0.0000,0.0000
1036,1036000,79.126251,P,false,25504,3926,2.4815,0.0000,71.5542,0.5004,0.2550,1.9801,1.1166,0.6890,0,3926,true,1.8143,1.7749,2.3717,1.4917,1.7444,4.8386,2.9110,1.3186,0.7096,9.2460,8.0677,5.9520,0.0011,0.0000,0.0050,0.0151
1037,1037000,79.202627,B,false,7797,6761,0.6970,0.0000,27.0000,-0.0967,0.0258,0.4975,0.3683,0.8274,3958,2803,true,0.2858,0.6853,0.5453,0.3404,0.0676,2.2138,1.2362,0.0367,0.3472,1.4978,2.9077,0.3549,0.0000,0.0000,0.0000,0.0405
1038,1038000,79.279004,B,false,20386,6315,1.7442,0.0000,81.1211,0.2203,0.1335,1.2552,0.9536,0.6964,1852,4463,true,0.8646,1.3768,1.6449,0.8929,0.1656,5.1684,2.5482,0.2013,0.6910,2.6440,5.7138,2.9741,0.0000,0.0052,0.0405,0.3597
1039,1039000,79.355381,B,false,6479,4669,0.9167,0.0000,27.6880,0.1570,0.0750,0.6000,0.5950,0.7518,636,4033,true,0.3675,0.4735,0.7192,0.3661,0.1359,3.2867,1.3800,0.0285,0.5215,1.7641,3.3552,0.6508,0.0000,0.0000,0.0010,0.0145
1040,1040000,79.431757,P,false,172261,5168,1.5080,0.2500,96.5660,0.3151,0.2637,0.9570,0.9239,0.4913,0,5168,true,0.9563,1.2693,1.8896,1.5752,0.4358,1.4054,1.0537,0.8806,0.5159,4.1283,10.3422,9.9856,0.1541,0.1444,0.4601,0.9039
1041,1041000,79.508134,B,false,3622,7317,0.4849,0.0000,23.8812,0.0402,0.0413,0.3382,0.2802,0.8755,3795,3522,true,0.2476,0.2172,0.4733,0.0843,0.0940,1.2859,1.1571,0.0012,0.1786,1.6463,1.5828,0.6964,0.0000,0.0000,0.0005,0.0000
1042,1042000,79.584511,B,false,7601,7220,1.1821,0.0000,57.9078,0.2455,0.1566,0.7845,0.7177,0.8528,3391,3829,true,0.5136,0.5972,1.2535,0.2742,0.2911,4.0794,2.6104,0.0154,0.4804,3.7684,4.0303,0.8374,0.0017,0.0000,0.0012,0.0011
1043,1043000,79.660887,B,false,5239,7398,0.6978,0.0000,37.1652,-0.0491,0.0471,0.5339,0.3077,0.8567,3818,3580,true,0.3503,0.6276,0.8801,0.2151,0.1599,0.8741,1.3630,0.0163,0.4151,3.7331,2.3522,0.1582,0.0000,0.0000,0.0000,0.0000
1044,1044000,79.737264,P,false,21899,4060,2.4187,0.0000,68.4475,1.1126,0.1958,2.0532,0.9698,0.7150,0,4060,true,1.5344,2.2911,2.8590,1.4256,0.4010,1.3582,1.3553,0.2517,0.9367,17.5179,8.5667,0.6548,0.0173,0.0084,0.0209,0.0483
1045,1045000,79.813641,B,false,5391,7502,0.7360,0.0000,38.9647,0.0051,0.0097,0.6245,0.2536,0.8432,3771,3731,true,0.4030,0.5916,0.3272,0.2587,0.1862,0.6106,1.0542,0.0538,0.4995,4.5012,3.0429,0.1008,0.0000,0.0000,0.0000,0.0000
1046,1046000,79.890018,B,false,8929,7769,1.0932,0.0000,79.0099,-0.0447,-0.0800,0.8976,0.4323,0.8202,3922,3847,true,0.6168,0.8155,0.7266,0.6744,0.4695,0.9455,1.5387,0.2792,0.9123,6.0859,4.2823,0.2163,0.0000,0.0000,0.0005,0.0011
1047,1047000,79.966394,B,false,4465,7436,0.5005,0.0000,46.2709,0.0453,-0.0075,0.4209,0.1965,0.8487,3600,3836,true,0.2939,0.4804,0.3081,0.1976,0.2259,0.3849,0.5314,0.1308,0.5689,2.6244,2.1459,0.1387,0.0000,0.0000,0.0000,0.0000
1048,1048000,80.042771,P,false,28525,4015,2.9445,0.0000,97.3242,1.7725,0.1403,2.5128,1.0438,0.7108,0,4015,true,1.4110,1.8557,1.8805,1.4076,0.9828,3.8001,3.3726,1.0678,1.6381,18.7604,11.2052,1.9083,0.0015,0.0030,0.0055,0.0275
1049,1049000,80.119148,B,false,5497,7159,0.5456,0.0000,28.0903,-0.1531,-0.1531,0.3626,0.3194,0.8258,3955,3204,true,0.2662,0.4548,0.7709,0.4881,0.2974,0.9352,1.2825,0.2949,0.5179,1.9305,1.4856,0.1070,0.0000,0.0000,0.0000,0.0018
1050,1050000,80.195524,P,false,93836,5643,1.4296,0.0000,64.5223,0.5182,0.4617,0.9436,0.8253,0.5385,0,5643,true,0.5414,1.4589,1.8330,0.9765,0.7851,2.4673,3.5294,0.6924,0.9799,4.2243,2.2628,6.5442,0.1070,0.0867,0.2044,0.4776
1051,1051000,80.271901,B,false,5048,7604,0.5573,0.0000,31.2500,-0.0290,0.0070,0.3579,0.3257,0.8651,3768,3836,true,0.1387,0.3976,0.9999,0.2114,0.5255,1.1619,1.8487,0.0081,0.8258,1.7137,0.8367,0.0162,0.0000,0.0000,0.0000,0.0000
1052,1052000,80.348278,B,false,9902,7612,1.2763,0.0000,50.3500,-0.1593,-0.1231,0.7499,0.8272,0.8379,4052,3560,true,0.1552,0.7335,1.9677,0.6440,1.3995,3.4915,4.1069,0.0149,1.8523,2.8091,1.8955,0.0110,0.0000,0.0054,0.0000,0.0006
1053,1053000,80.424654,B,false,5130,7594,0.5437,0.0000,23.6352,-0.0036,-0.0213,0.3115,0.3490,0.8706,3692,3902,true,0.0502,0.3337,1.0149,0.2941,0.7409,1.6738,1.9207,0.0008,0.6885,0.9571,0.4507,0.0281,0.0000,0.0000,0.0000,0.0000
1054,1054000,80.501031,P,false,29378,4202,2.6861,0.0000,72.8629,1.3389,1.4234,1.6973,1.6888,0.7056,0,4202,true,0.5163,2.3797,3.3597,1.0162,1.9475,11.7618,2.8582,0.3488,3.6823,9.3484,3.3008,0.8284,0.0084,0.0151,0.0857,0.0793
1055,1055000,80.577408,B,false,7045,7564,0.6712,0.0000,35.6450,0.0084,0.0249,0.3853,0.4537,0.8608,3800,3764,true,0.0820,0.3281,0.7447,0.3150,1.1049,2.4168,1.5125,0.0000,0.9196,1.3385,0.7632,0.6304,0.0022,0.0000,0.0005,0.0000
1056,1056000,80.653784,B,false,10981,7653,1.4697,0.0000,45.5000,0.1401,0.3453,0.9341,0.9069,0.8245,3746,3907,true,0.2347,0.8134,1.7675,0.8648,2.5406,5.6593,2.8262,0.0057,2.1155,2.5868,1.4609,1.7660,0.0000,0.0000,0.0000,0.0006
1057,1057000,80.730161,B,false,8324,7666,0.7635,0.0000,27.6507,0.0049,0.0469,0.5238,0.4327,0.8403,3835,3831,true,0.2453,0.4864,0.8101,0.4955,1.6377,2.7482,1.6182,0.0026,0.8880,0.8970,0.4812,0.9408,0.0000,0.0000,0.0000,0.0000
1058,1058000,80.806538,P,false,29772,4224,2.6061,0.0000,76.3520,1.2337,1.3503,1.7470,1.5668,0.7308,0,4224,true,0.7550,1.7906,4.1984,1.9890,4.8330,15.5762,2.0119,0.2093,3.1407,3.4090,1.1496,1.7076,0.0061,0.0047,0.0153,0.0405
1059,1059000,80.882915,P,false,35557,4936,0.7492,0.0000,51.2701,0.2184,0.2232,0.5441,0.3851,0.6876,0,4936,true,0.2105,0.5967,0.6239,0.5692,1.4212,2.7709,1.3767,0.0577,0.7355,1.4054,0.5221,1.4317,0.0011,0.0221,0.0456,0.0665
1060,1060000,80.959291,B,false,7263,5962,0.8299,0.0000,41.0373,-0.1093,-0.0447,0.6570,0.3815,0.7962,4073,1889,true,0.3112,0.4230,0.5713,1.0599,1.5271,2.3632,1.5698,0.0190,0.7754,0.7159,0.0108,1.6256,0.0010,0.0000,0.0000,0.0008
1061,1061000,81.035668,B,false,12829,5744,1.8417,0.0000,65.0000,-0.0736,0.0076,1.5847,0.6626,0.7718,3961,1783,true,0.9792,1.2727,1.4916,1.4238,3.5156,6.3335,1.6209,0.0219,1.3411,1.1150,0.4196,5.4079,0.0000,0.0000,0.0000,0.0013
1062,1062000,81.112045,B,false,7240,7337,0.8490,0.0000,30.3912,0.0184,0.0002,0.7795,0.2452,0.8384,3677,3660,true,0.6000,0.4336,0.4120,0.2626,2.4826,4.0955,0.8735,0.0858,0.3094,0.2497,0.0012,2.6371,0.0000,0.0000,0.0000,0.0021
1063,1063000,81.188421,P,false,100558,5031,1.5753,0.0000,70.4916,0.7773,0.2641,1.2818,0.6331,0.6808,0,5031,true,0.6198,1.6842,2.6142,1.1165,6.2849,11.1115,1.3134,1.1587,1.3136,0.5203,0.8218,4.6010,0.1408,0.1137,0.1160,0.4499
1064,1064000,81.264798,B,false,6905,7684,0.7648,0.0000,42.1523,-0.0185,-0.0165,0.6697,0.2899,0.8522,3705,3979,true,0.4486,0.5908,0.5246,0.1851,2.1329,3.9279,0.7681,0.5261,0.1309,0.0095,0.0011,1.7082,0.0000,0.0000,0.0000,0.0000
1065,1065000,81.341175,B,false,11342,7712,1.6798,0.0000,80.5000,0.1090,0.0455,1.4417,0.6982,0.8323,3943,3769,true,0.7038,0.7197,0.7143,0.4642,4.7636,7.1123,1.3236,2.9531,0.3479,0.0247,0.0889,5.2865,0.0000,0.0000,0.0005,0.0017
1066,1066000,81.417551,B,false,6180,7510,0.7810,0.0000,47.8657,0.0292,0.0132,0.6491,0.3356,0.8433,3697,3813,true,0.4846,0.5337,0.2825,0.1598,2.0854,3.4980,0.6912,1.8956,0.1556,0.0038,0.0911,1.7250,0.0000,0.0000,0.0000,0.0000
1067,1067000,81.493928,P,false,32535,3810,3.1836,0.0000,111.1946,1.9321,0.9507,2.7598,1.3093,0.7640,0,3810,true,0.6352,1.1445,1.5666,1.1650,11.3629,20.9302,1.3803,12.6839,1.5252,0.2893,0.4105,5.2285,0.0021,0.0011,0.0067,0.0531
1068,1068000,81.570305,B,false,6203,7541,0.5885,0.0000,27.5000,0.0671,0.0681,0.4353,0.3109,0.8576,3646,3895,true,0.2700,0.4020,0.1152,0.1504,1.4504,2.2865,0.7271,1.9095,0.2111,0.0027,0.0052,1.0645,0.0000,0.0000,0.0000,0.0000
1069,1069000,81.646681,B,false,12383,6349,1.5726,0.0000,88.0000,0.3996,0.2822,1.2137,0.7996,0.7771,2256,4093,true,0.5215,0.9027,0.4862,0.3003,3.7987,5.2301,1.0453,4.8467,0.8471,0.0580,0.4922,3.0629,0.0000,0.0000,0.0000,0.0006
1070,1070000,81.723058,B,false,8917,6075,0.7613,0.0000,43.6993,0.1370,0.0608,0.5693,0.3917,0.8005,2023,4052,true,0.3137,0.5974,0.2227,0.0699,1.8465,2.1579,0.8710,2.3448,0.5698,0.0533,0.4800,1.0659,0.0000,0.0000,0.0000,0.0006
1071,1071000,81.799435,P,false,59781,4702,2.4251,0.0000,116.6214,1.1540,0.8173,1.8924,1.2531,0.6165,0,4702,true,1.0244,0.9135,1.0071,0.6425,7.9260,10.6498,1.2827,10.3297,1.0689,0.1977,0.8752,5.6104,0.0631,0.0483,0.1130,0.1773
1072,1072000,81.875812,B,false,6084,6536,0.3698,0.0000,14.0000,0.0103,0.0145,0.2352,0.2359,0.8595,3870,2666,true,0.5766,0.3591,0.0297,0.0213,0.9918,1.5555,0.2736,0.7532,0.1073,0.0038,0.0006,0.1713,0.0000,0.0008,0.0000,0.0000
1073,1073000,81.952188,B,false,9848,6634,0.9473,0.0000,57.2014,0.0799,0.1101,0.6248,0.5937,0.8104,3878,2756,true,1.1221,0.6181,0.1388,0.0386,2.6948,3.6934,0.7837,1.8147,0.4936,0.0128,0.0041,0.6068,0.0000,0.0000,0.0007,0.0000
1074,1074000,82.028565,B,false,7710,7464,0.4480,0.0000,26.5059,0.0298,0.0499,0.2948,0.2737,0.8666,3773,3691,true,0.6469,0.4893,0.0513,0.0158,1.3654,1.8416,0.6570,0.7892,0.2238,0.0006,0.0000,0.1921,0.0000,0.0000,0.0000,0.0000
1075,1075000,82.104942,P,false,46739,4777,1.4614,0.0000,49.7557,0.4046,0.3952,0.9629,0.9120,0.6801,0,4777,true,1.2677,0.9006,0.3577,0.2845,6.4238,6.8332,1.3768,3.6463,0.1741,0.1688,0.1325,1.7700,0.0145,0.0305,0.0667,0.0588
1076,1076000,82.181318,B,false,5962,7511,0.3386,0.0000,38.2786,-0.0156,0.0048,0.2565,0.1523,0.8701,3782,3729,true,0.3773,0.3604,0.1047,0.0265,1.1625,1.5163,0.3054,0.3608,0.0387,0.0000,0.0057,0.3336,0.0000,0.0000,0.0005,0.0000
1077,1077000,82.257695,B,false,9620,7631,0.9417,0.0000,48.9828,0.0253,-0.1172,0.7080,0.4380,0.8302,3793,3838,true,1.0021,0.4378,0.3531,0.0981,3.3500,3.5762,0.5616,1.6705,0.1485,0.0000,0.0029,0.7180,0.0000,0.0006,0.0005,0.0000
1078,1078000,82.334072,B,false,7493,7649,0.5742,0.0000,26.9258,-0.0161,-0.0255,0.4292,0.2598,0.8468,3714,3935,true,0.5803,0.5015,0.2415,0.0661,2.0890,2.2978,0.7193,0.9398,0.0000,0.0000,0.0034,0.4505,0.0005,0.0000,0.0005,0.0079
1079,1079000,82.410448,P,false,27680,4233,2.0065,0.0000,95.8188,0.2500,0.6010,1.5605,0.9315,0.7250,0,4233,true,1.5315,2.2254,1.4306,0.4676,10.7411,7.8211,1.7385,4.0440,0.2594,0.0823,0.1237,0.9933,0.0187,0.0111,0.0160,0.1794
1080,1080000,82.486825,B,false,9673,6341,0.8947,0.0000,32.9336,0.0219,0.0017,0.6639,0.4246,0.8068,3846,2495,true,0.5595,1.0381,0.5950,0.2605,2.9933,2.7810,0.8938,1.3208,0.0036,0.0073,0.1037,0.4820,0.0312,0.0024,0.0026,0.0065
1081,1081000,82.563202,B,false,12552,7161,1.3613,0.0000,54.5143,-0.1548,0.2154,0.9654,0.7008,0.7937,3825,3336,true,0.9721,1.1252,1.1917,0.6368,4.0042,5.1555,0.7877,2.5545,0.0072,0.0617,0.0170,1.1794,0.0007,0.0000,0.0014,0.0251
1082,1082000,82.639578,B,false,7022,5616,0.6481,0.0000,29.6500,-0.1369,-0.0182,0.4573,0.3298,0.8056,4030,1586,true,0.4590,1.1247,0.5060,0.3543,1.4286,2.2808,1.0335,0.6761,0.0000,0.0165,0.0016,0.2303,0.0299,0.0010,0.0015,0.0113
1083,1083000,82.715955,P,false,112063,5152,1.6809,0.0000,50.3115,0.1215,0.5955,1.1455,0.9241,0.5330,0,5152,true,1.3035,1.6954,2.5182,1.1199,9.6903,4.8187,1.1120,3.2793,0.0835,0.5367,1.3297,1.4777,0.1956,0.1485,0.2579,0.9001
1084,1084000,82.792332,B,false,6229,7772,0.6515,0.0000,23.5120,0.0990,0.0241,0.4783,0.3295,0.8326,3903,3869,true,0.5138,0.6970,0.7730,0.9085,1.8607,2.3846,0.9155,0.7351,0.0007,0.0020,0.0000,0.1175,0.0000,0.0000,0.0000,0.0000
1085,1085000,82.868708,B,false,12512,7535,0.9595,0.0000,61.3866,0.0292,0.1088,0.7203,0.4802,0.8285,3943,3592,true,0.6099,1.2134,1.4341,1.8366,3.0405,3.0757,0.7340,1.3730,0.0057,0.0122,0.0011,0.3017,0.0357,0.0000,0.0017,0.0084
1086,1086000,82.945085,B,false,5122,7665,0.4135,0.0000,12.9059,-0.0313,0.0011,0.3271,0.1917,0.8438,3883,3782,true,0.2646,0.5909,0.7073,0.7494,1.1104,1.3016,0.4871,0.7276,0.0000,0.0006,0.0000,0.0917,0.0000,0.0000,0.0000,0.0000
1087,1087000,83.021462,P,false,28710,4262,2.0500,0.0000,73.3642,0.6105,0.5450,1.5374,1.0637,0.7248,0,4262,true,1.6686,2.3956,2.2807,1.8132,8.2666,8.4342,1.1237,4.2750,0.0293,0.0667,0.0410,1.1035,0.0643,0.0271,0.0202,0.0920
1088,1088000,83.097839,B,false,4622,7741,0.3792,0.0000,14.6735,-0.0147,-0.0215,0.2955,0.1751,0.8405,3921,3820,true,0.2033,0.4430,0.5538,0.4710,0.7000,1.5293,0.8567,0.5497,0.0105,0.0102,0.0000,0.0716,0.0000,0.0000,0.0000,0.0000
1089,1089000,83.174215,B,false,10733,7605,0.8529,0.0000,30.6441,-0.0028,-0.0026,0.6532,0.3944,0.8214,3871,3734,true,0.5640,0.8545,1.5101,0.8642,1.9608,3.5799,1.7065,0.9034,0.0479,0.0723,0.0011,0.1149,0.0000,0.0000,0.0005,0.0011
1090,1090000,83.250592,B,false,4832,7471,0.4409,0.0000,17.5000,0.0249,0.0288,0.3321,0.2026,0.8395,3904,3567,true,0.2656,0.5431,1.0705,0.4124,1.1715,1.7343,0.8895,0.1671,0.0403,0.0826,0.0000,0.0350,0.0000,0.0000,0.0000,0.0000
1091,1091000,83.326969,P,false,24288,4207,1.7836,0.0000,43.9559,-0.0297,0.4419,1.2847,0.9556,0.7262,0,4207,true,1.2754,2.7321,4.7184,0.9938,5.1002,5.6375,2.1257,3.0618,0.2178,0.5020,0.0094,0.5589,0.0055,0.0036,0.0049,0.0116
1092,1092000,83.403345,B,false,6469,7629,0.6362,0.0000,35.7841,0.0154,0.0848,0.4403,0.3256,0.8491,3912,3717,true,0.3498,0.6743,1.2299,0.8361,1.9028,2.0525,1.6357,0.1809,0.0195,0.0535,0.0000,0.0829,0.0000,0.0000,0.0000,0.0000
1093,1093000,83.479722,B,false,13609,7703,1.0972,0.0000,57.6682,0.1187,0.0886,0.7752,0.5610,0.8250,3698,4005,true,0.9937,1.4434,2.1636,1.1083,3.3251,3.9449,1.9661,0.4969,0.0500,0.2228,0.0000,0.2474,0.0000,0.0000,0.0005,0.0011
1094,1094000,83.556099,B,false,5966,6671,0.5426,0.0000,19.2565,0.0647,0.0273,0.3948,0.2854,0.8425,3929,2742,true,0.3714,0.6794,0.6764,0.2405,1.5161,2.3729,1.1104,0.2942,0.0795,0.0786,0.0000,0.0872,0.0000,0.0000,0.0000,0.0008
1095,1095000,83.632475,P,false,47961,4133,1.5850,0.0000,40.3438,-0.4261,0.2021,1.0148,0.8915,0.7370,0,4133,true,1.8015,2.5128,2.7955,2.2376,7.2055,3.4283,2.0459,1.7850,0.2319,0.4660,0.2057,1.1682,0.0515,0.0021,0.0097,0.0587
1096,1096000,83.708852,B,false,4980,7603,0.4024,0.0000,23.6445,-0.0481,-0.0109,0.3092,0.1918,0.8644,3750,3853,true,0.2069,0.5333,0.5971,0.3497,0.9870,1.6136,1.0458,0.1951,0.1105,0.1701,0.0000,0.1280,0.0000,0.0000,0.0000,0.0000
1097,1097000,83.785229,B,false,9707,7564,0.8581,0.0000,65.4241,-0.2882,0.0319,0.6747,0.4087,0.8414,3945,3619,true,0.3282,1.0528,1.4640,0.4519,2.4558,3.8237,1.5480,0.4547,0.1822,0.1942,0.0017,0.0605,0.0000,0.0000,0.0005,0.0011
1098,1098000,83.861605,B,false,5083,7544,0.4152,0.0000,45.0250,-0.0539,-0.0198,0.3208,0.2089,0.8668,3778,3766,true,0.1328,0.4765,0.3690,0.1786,1.0245,1.9994,1.3601,0.1951,0.0407,0.0352,0.0000,0.0263,0.0000,0.0000,0.0000,0.0005
1099,1099000,83.937982,P,false,26051,4005,1.4910,0.0000,101.4427,-0.0058,-0.1272,1.1704,0.7157,0.7486,0,4005,true,1.3234,2.1167,2.2804,1.6835,5.6825,5.2948,1.2692,1.8030,0.5825,0.7638,0.0785,0.6453,0.0056,0.0000,0.0050,0.0215
1100,1100000,84.014359,B,false,6035,7229,0.5587,0.0000,40.6586,0.0869,0.0230,0.4265,0.2982,0.8817,3518,3711,true,0.1233,0.3290,0.2341,0.0663,1.3729,3.4185,1.8935,0.3780,0.0083,0.0311,0.0000,0.0272,0.0000,0.0000,0.0000,0.0000
1101,1101000,84.090736,B,false,8334,7339,0.8196,0.0000,63.9551,0.0532,0.0933,0.5832,0.4820,0.8652,3812,3527,true,0.2723,0.6447,0.6857,0.1186,2.2824,4.7119,3.0874,0.6109,0.0173,0.1091,0.0017,0.0799,0.0000,0.0000,0.0005,0.0005
1102,1102000,84.167112,B,false,5104,7380,0.4435,0.0000,36.2017,0.0060,-0.0166,0.2776,0.3024,0.8950,3615,3765,true,0.0874,0.1954,0.1960,0.0251,0.9892,2.7423,1.7333,0.3954,0.0040,0.0143,0.0000,0.0080,0.0000,0.0000,0.0000,0.0000
1103,1103000,84.243489,P,false,22399,4184,1.1841,0.0000,80.8649,0.3833,-0.0526,0.9071,0.6226,0.7280,0,4184,true,0.7703,1.3139,1.2875,0.4583,6.8635,5.3646,1.3281,1.2784,0.0922,0.3414,0.0068,0.5063,0.0011,0.0000,0.0114,0.0128
1104,1104000,84.319866,B,false,6366,6203,0.6405,0.0000,46.5792,-0.0127,0.0621,0.3799,0.4440,0.8546,2801,3402,true,0.2748,0.2177,0.2999,0.0528,1.1996,2.6795,3.1844,0.5685,0.0072,0.0121,0.0013,0.0095,0.0000,0.0000,0.0000,0.0000
1105,1105000,84.396242,B,false,9378,7419,0.6340,0.0000,83.7534,0.0518,-0.0232,0.4175,0.3818,0.8387,3461,3958,true,0.4970,0.4955,0.5401,0.0923,2.4710,1.5321,3.0409,0.6152,0.0121,0.0357,0.0000,0.0528,0.0008,0.0000,0.0005,0.0005
1106,1106000,84.472619,B,false,4449,5331,0.5503,0.0000,27.9307,-0.0148,-0.0052,0.3295,0.3749,0.8655,3889,1442,true,0.2079,0.1908,0.5174,0.0094,1.2007,1.1270,3.5697,0.1844,0.0000,0.0054,0.0012,0.0000,0.0252,0.0000,0.0000,0.0006
1107,1107000,84.548996,P,false,81547,4719,0.9205,0.0000,55.8933,0.1578,-0.0010,0.6001,0.5451,0.6794,0,4719,true,1.2534,1.1222,1.4415,0.8891,4.4651,1.9128,0.9784,2.1845,0.0931,0.2853,0.2445,0.4958,0.0788,0.0239,0.0614,0.0409
1108,1108000,84.625372,B,false,3706,7292,0.3570,0.0000,21.8203,0.0431,0.0005,0.1842,0.2537,0.9221,3567,3725,true,0.0734,0.1692,0.5095,0.0176,1.0516,0.5470,2.6023,0.0979,0.0023,0.0094,0.0006,0.0000,0.0000,0.0000,0.0000,0.0005
1109,1109000,84.701749,B,false,6293,7206,0.5379,0.0000,60.8821,0.0328,-0.0212,0.3237,0.3301,0.8729,3477,3729,true,0.3156,0.4569,1.2231,0.0787,2.6722,0.5239,2.6370,0.2614,0.0206,0.0368,0.0006,0.0006,0.0000,0.0000,0.0005,0.0005
1110,1110000,84.778126,B,false,4667,7228,0.2775,0.0000,45.2134,-0.0100,0.0241,0.1320,0.1976,0.9040,3569,3659,true,0.1594,0.1456,0.3496,0.0347,1.1971,0.3161,1.9600,0.1933,0.0120,0.0107,0.0000,0.0000,0.0000,0.0000,0.0000,0.0005
1111,1111000,84.854502,P,false,20841,4262,1.0429,0.0000,48.0865,-0.1272,0.1959,0.7028,0.5910,0.6950,0,4262,true,0.9605,1.0020,0.6613,0.2310,6.5917,1.9084,1.9982,1.1436,0.1236,0.2144,0.0811,0.0280,0.0041,0.0021,0.0052,0.0000
1112,1112000,84.930879,B,false,4724,7659,0.2589,0.0000,16.5000,-0.0014,-0.0189,0.1512,0.1685,0.8638,3912,3747,true,0.0960,0.3312,0.1914,0.0091,1.0584,0.5389,1.0443,0.1603,0.0110,0.0152,0.0087,0.0000,0.0000,0.0000,0.0000,0.0005
1113,1113000,85.007256,B,false,9324,7823,0.4212,0.0000,60.9016,-0.0020,-0.0608,0.2945,0.2315,0.8222,3985,3838,true,0.2500,0.7593,0.2191,0.0329,2.0476,0.6158,1.0352,0.4412,0.0422,0.0249,0.0345,0.0112,0.0000,0.0000,0.0005,0.0005
1114,1114000,85.083632,B,false,3330,7323,0.1669,0.0000,12.9349,0.0083,-0.0093,0.1128,0.0971,0.8753,3552,3771,true,0.1088,0.2790,0.0684,0.0059,0.7988,0.4541,0.5018,0.1144,0.0043,0.0054,0.0052,0.0000,0.0000,0.0000,0.0000,0.0000
1115,1115000,85.160009,P,false,23501,4412,1.0096,0.0000,59.2922,-0.0810,-0.0071,0.6143,0.6301,0.6618,0,4412,true,0.8478,1.6486,0.6777,0.1703,4.6825,1.9938,2.6429,0.9510,0.2601,0.2249,0.0974,0.0733,0.0021,0.0021,0.0060,0.0030
1116,1116000,85.236386,B,false,5679,7607,0.3171,0.0000,15.3236,-0.0156,0.0360,0.2276,0.1627,0.8358,3663,3944,true,0.2749,0.5239,0.0701,0.0277,1.6504,0.3633,1.0295,0.2726,0.0258,0.0253,0.0113,0.0122,0.0000,0.0008,0.0000,0.0000
1117,1117000,85.312763,B,false,9394,7292,0.5412,0.0000,27.7849,-0.0838,0.0524,0.3919,0.2778,0.8114,3983,3309,true,0.7496,0.5729,0.2358,0.0362,2.8921,0.7585,1.4205,0.5309,0.0455,0.0787,0.0246,0.0231,0.0006,0.0017,0.0010,0.0005
1118,1118000,85.389139,B,false,3867,7286,0.1983,0.0000,12.2602,-0.0083,0.0163,0.1449,0.0957,0.8567,3466,3820,true,0.3231,0.2264,0.0523,0.0071,0.9987,0.2892,0.6239,0.1602,0.0047,0.0165,0.0080,0.0018,0.0000,0.0000,0.0000,0.0005
1119,1119000,85.465516,P,false,31753,4552,1.2606,0.0000,44.2302,-0.1357,0.2393,0.8728,0.7030,0.6217,0,4552,true,1.8082,1.9564,0.6670,0.3396,6.2673,1.4240,2.9118,1.4112,0.2358,0.2951,0.0710,0.1278,0.0061,0.0063,0.0033,0.0000
1120,1120000,85.541893,B,false,6503,4894,0.5718,0.0000,16.7631,0.0630,-0.0833,0.3456,0.3441,0.7491,4116,778,true,0.6576,0.5601,0.5203,0.0059,1.4022,0.4889,1.6950,0.6078,0.0818,0.1053,0.0234,0.1296,0.0000,0.0011,0.0000,0.0097
1121,1121000,85.618269,B,false,11979,5543,1.0584,0.0000,32.9336,0.0844,0.0774,0.6452,0.6613,0.6792,4330,1213,true,1.1926,0.9184,0.9309,0.0644,2.4940,0.8989,2.9710,1.2353,0.2462,0.3331,0.0219,0.2272,0.0011,0.0000,0.0040,0.0274
1122,1122000,85.694646,B,false,5752,7632,0.3566,0.0000,13.9329,0.0168,0.0017,0.2001,0.2320,0.8353,3906,3726,true,0.2098,0.3580,0.3635,0.0369,0.9518,0.1736,1.8466,0.4861,0.0540,0.0952,0.0035,0.0529,0.0000,0.0000,0.0000,0.0022
1123,1123000,85.771023,P,false,159636,6006,1.1835,0.2500,49.1248,-0.0887,0.0498,0.7939,0.6536,0.3716,0,6006,true,1.0916,1.2592,1.0373,0.5716,4.1226,0.8473,3.2966,2.5335,0.3909,0.8761,0.8495,1.5928,0.1912,0.2361,0.4159,0.8923
1124,1124000,85.847399,B,false,6855,7662,0.3469,0.0000,19.8699,0.0247,0.0455,0.2508,0.1869,0.8380,3896,3766,true,0.2445,0.5147,0.2472,0.0775,1.2494,0.2510,1.5313,0.2722,0.1475,0.1256,0.0108,0.0667,0.0000,0.0000,0.0000,0.0000
1125,1125000,85.923776,B,false,9073,7912,0.6369,0.0000,47.7002,0.0667,0.1985,0.4256,0.3622,0.7946,4168,3744,true,0.8581,0.7640,0.4082,0.1189,2.4707,0.6570,2.0796,0.4151,0.1408,0.2022,0.0241,0.1650,0.0000,0.0000,0.0000,0.0006
1126,1126000,86.000153,B,false,4619,7454,0.2829,0.0000,73.3502,0.0229,0.0374,0.1844,0.1471,0.8707,3668,3786,true,0.4822,0.3418,0.1262,0.0179,1.1530,0.1289,1.3965,0.1336,0.0338,0.0392,0.0006,0.0269,0.0000,0.0000,0.0005,0.0000
1127,1127000,86.076529,P,false,26791,4643,1.4096,0.0000,57.2014,-0.5505,0.0379,1.0957,0.6516,0.6112,0,4643,true,1.2391,2.0892,1.5660,0.3819,7.6392,1.6027,2.4043,1.6866,0.6546,0.7948,0.1495,0.5788,0.0154,0.0316,0.0189,0.0812
1128,1128000,86.152906,B,false,8292,7247,0.5499,0.0000,17.6529,-0.0676,-0.0803,0.3434,0.3204,0.8234,3228,4019,true,0.7170,0.5527,0.4547,0.1348,2.3941,0.4617,2.0192,0.2040,0.3061,0.0617,0.0069,0.0225,0.0000,0.0000,0.0000,0.0000
1129,1129000,86.229283,B,false,8922,5471,0.7891,0.0000,37.6779,0.0128,-0.0277,0.5411,0.4339,0.7525,4161,1310,true,0.8431,1.0069,0.5599,0.1362,2.7713,0.7637,1.8104,0.4020,0.5944,0.2414,0.0560,0.2246,0.0000,0.0011,0.0000,0.0048
1130,1130000,86.305660,B,false,4506,7515,0.2484,0.0000,18.7517,0.0073,-0.0070,0.1827,0.1300,0.8805,3724,3791,true,0.1732,0.4630,0.1019,0.0229,1.2390,0.5671,0.6329,0.1420,0.2206,0.0298,0.0071,0.0067,0.0000,0.0000,0.0005,0.0095
1131,1131000,86.382036,P,false,85951,5814,1.1701,0.0000,53.8389,-0.4023,-0.1970,0.7609,0.6754,0.5440,0,5814,true,0.3980,1.4166,1.5570,0.7326,6.8618,0.7670,3.3517,2.0650,1.2856,0.3319,0.3181,0.8019,0.0747,0.0587,0.1808,0.3961
1132,1132000,86.458413,B,false,5416,7466,0.2748,0.0000,18.9027,-0.0016,0.0152,0.2019,0.1365,0.8852,3711,3755,true,0.1147,0.1784,0.1493,0.0284,1.3099,0.2738,0.6336,0.6271,0.4396,0.0621,0.0006,0.1836,0.0000,0.0000,0.0000,0.0011
1133,1133000,86.534790,B,false,7986,7851,0.6948,0.0000,40.9893,0.0029,0.0114,0.4955,0.3731,0.8236,3911,3940,true,0.1529,0.4687,0.4480,0.1965,2.7199,0.1312,1.6293,2.1321,1.1849,0.2956,0.0058,0.5422,0.0000,0.0000,0.0000,0.0017
1134,1134000,86.611166,B,false,4217,7236,0.3181,0.0000,21.9160,-0.0020,-0.0216,0.2386,0.1562,0.8888,3939,3297,true,0.0358,0.0984,0.1139,0.0141,0.9655,0.0789,1.2730,0.9707,0.9332,0.2754,0.0000,0.2648,0.0000,0.0000,0.0000,0.0000
1135,1135000,86.687543,P,false,34128,4416,1.4701,0.0000,50.3395,-0.3780,0.1604,1.0952,0.7617,0.6827,0,4416,true,0.4041,0.8581,1.2447,0.4636,7.5893,0.6455,2.6800,2.8970,4.5716,0.6687,0.0858,1.6205,0.0106,0.0000,0.0356,0.1249
1136,1136000,86.763920,B,false,4050,7451,0.2543,0.0000,20.5746,-0.0017,0.0007,0.1936,0.1325,0.8861,3632,3819,true,0.0389,0.1054,0.1248,0.0006,0.8905,0.1488,0.9237,0.4739,0.8044,0.2091,0.0000,0.1546,0.0000,0.0005,0.0000,0.0005
1137,1137000,86.840296,B,false,8868,7752,0.7332,0.0000,41.9076,0.0549,-0.0196,0.5101,0.4085,0.8369,3850,3902,true,0.0715,0.2582,0.3573,0.0642,2.3539,0.3613,2.4999,1.0406,2.5874,0.3120,0.0011,0.4613,0.0000,0.0000,0.0005,0.0011
1138,1138000,86.916673,B,false,4455,7173,0.3239,0.0000,36.0867,0.0398,0.0351,0.2055,0.1880,0.8703,3235,3938,true,0.0447,0.0475,0.6029,0.0764,0.8967,0.1925,1.1010,0.4662,1.3414,0.1294,0.0006,0.1194,0.0000,0.0005,0.0000,0.0005
1139,1139000,86.993050,P,false,29477,4501,1.3185,0.0000,60.7505,-0.2437,0.3284,0.9450,0.7222,0.6892,0,4501,true,0.3491,0.7805,1.3702,0.3086,5.1553,1.5571,0.7748,2.9414,5.4159,0.6764,0.0313,1.5170,0.0042,0.0260,0.0274,0.0343
1140,1140000,87.069426,B,false,4881,7131,0.3352,0.0000,70.4597,0.0712,0.0314,0.2197,0.1909,0.8835,3752,3379,true,0.0074,0.1861,0.3679,0.0184,0.6445,0.4460,1.7450,0.3157,1.2200,0.0354,0.0000,0.0807,0.0000,0.0000,0.0000,0.0006
1141,1141000,87.145803,B,false,9479,5789,1.1031,0.0000,57.2849,0.0718,0.0572,0.7194,0.5978,0.7625,3985,1804,true,0.2530,0.3726,0.7392,0.1830,2.5913,2.4913,3.4421,0.7392,3.6390,0.2941,0.0008,0.2817,0.0000,0.0021,0.0000,0.0020
1142,1142000,87.222180,B,false,5005,7312,0.5451,0.0000,54.4162,0.0157,-0.0094,0.3615,0.3174,0.8687,3820,3492,true,0.0680,0.2683,0.1645,0.0795,1.0587,3.0550,2.0081,0.3466,1.0152,0.1944,0.0000,0.1083,0.0000,0.0000,0.0000,0.0011
1143,1143000,87.298556,P,false,95438,5448,1.0675,0.0000,65.3271,-0.2683,0.1067,0.7922,0.4960,0.6489,0,5448,true,0.2126,1.0766,1.6017,0.4650,3.1414,0.5290,1.8388,2.7696,3.8586,0.8979,0.1849,1.0576,0.0454,0.0625,0.1253,0.3648
1144,1144000,87.374933,B,false,4920,7457,0.4645,0.0000,37.3045,-0.0005,0.0747,0.3489,0.2235,0.8786,3701,3756,true,0.0220,0.1745,0.1516,0.0629,0.9964,2.4681,1.0464,0.6418,1.0471,0.1867,0.0000,0.1531,0.0000,0.0000,0.0000,0.0011
1145,1145000,87.451310,B,false,9058,7586,0.7360,0.0000,49.8955,-0.0266,0.1276,0.5457,0.3467,0.8434,3823,3763,true,0.1804,0.3838,0.6353,0.2046,2.0014,2.4162,1.7994,1.1392,1.8321,0.5018,0.0000,0.3632,0.0000,0.0000,0.0000,0.0000
1146,1146000,87.527687,B,false,5332,7538,0.3912,0.0000,33.8415,-0.0393,0.0056,0.2948,0.1794,0.8728,3696,3842,true,0.0783,0.2571,0.3081,0.1160,0.7163,1.8132,1.0650,0.4861,0.8116,0.2410,0.0000,0.1185,0.0000,0.0000,0.0000,0.0011
1147,1147000,87.604063,P,false,27951,4180,1.5255,0.0000,67.6688,-0.3977,0.0778,1.2163,0.6337,0.7278,0,4180,true,0.4712,1.1855,2.5591,0.9828,3.0341,1.2047,1.8813,3.0769,5.5656,2.1468,0.0113,1.3811,0.0041,0.0026,0.0184,0.0275
1148,1148000,87.680440,B,false,4720,7621,0.2968,0.0000,16.4507,0.0014,0.0035,0.2187,0.1477,0.8681,3812,3809,true,0.1597,0.3438,0.4052,0.0635,0.3983,1.1590,0.6127,0.4652,0.5989,0.2427,0.0000,0.0458,0.0000,0.0000,0.0000,0.0000
1149,1149000,87.756817,B,false,10430,6595,0.9275,0.0000,38.5649,0.0327,-0.0548,0.6841,0.4716,0.7898,2468,4127,true,0.3389,1.1704,1.4745,0.6903,1.1947,2.7523,1.6165,1.0773,2.5186,0.7451,0.0007,0.2179,0.0000,0.0000,0.0000,0.0014
1150,1150000,87.833193,B,false,7760,6526,0.6642,0.0000,27.5726,-0.0009,0.0321,0.4786,0.3494,0.8049,2500,4026,true,0.2062,0.7960,1.1522,0.4927,0.7812,2.5308,1.0205,0.8388,1.4001,0.5256,0.0196,0.0820,0.0000,0.0000,0.0000,0.0692
1151,1151000,87.909570,P,false,52933,4476,1.5918,0.0000,93.6516,-0.4101,0.1743,1.2284,0.7763,0.6747,0,4476,true,0.5438,1.9093,3.7781,1.5780,2.4844,1.3318,1.2814,3.4999,3.9067,1.4357,0.1406,2.4428,0.1022,0.0262,0.0446,1.5127
1152,1152000,87.985947,B,false,5014,6095,0.4484,0.0000,31.2510,0.0012,0.0046,0.3378,0.2334,0.8628,3638,2457,true,0.1670,0.4500,0.4537,0.2257,0.4455,2.1219,1.1118,0.0299,0.9089,0.2803,0.0000,0.0037,0.0026,0.0000,0.0000,0.0000
1153,1153000,88.062323,B,false,8266,6452,1.2353,0.0000,29.6152,0.0628,0.0061,0.9872,0.6226,0.7990,3672,2780,true,0.3655,1.1299,1.4644,0.7354,1.3173,6.6749,1.6976,0.4321,2.4672,0.5694,0.0033,0.0451,0.0008,0.0000,0.0000,0.0018
1154,1154000,88.138700,B,false,6544,7271,0.5519,0.0000,28.4429,0.0008,0.0009,0.4379,0.2739,0.8566,3427,3844,true,0.1453,0.5087,0.7145,0.2029,0.7130,2.9437,1.3732,0.3826,0.9945,0.3875,0.0000,0.0643,0.0019,0.0000,0.0005,0.0000
1155,1155000,88.215077,P,false,44005,4730,2.0811,0.0000,63.6209,-0.7821,0.6159,1.6041,1.0808,0.6890,0,4730,true,0.5850,2.5267,3.1592,1.1898,2.2226,11.0569,3.4198,2.5497,4.5955,2.5158,0.1367,0.6936,0.0176,0.0195,0.0752,0.1301
1156,1156000,88.291453,B,false,6502,7500,0.5989,0.0000,20.3362,-0.0445,0.0443,0.4563,0.3175,0.8561,3765,3735,true,0.1275,0.3717,0.4672,0.2209,0.6592,2.1464,2.3048,1.1399,0.7913,0.6479,0.0000,0.0681,0.0000,0.0000,0.0000,0.0006
1157,1157000,88.367830,B,false,9209,7434,1.3212,0.0000,47.1394,0.2392,-0.0943,1.0380,0.6769,0.8023,3838,3596,true,0.4080,0.6829,0.9925,0.6206,1.5089,4.3199,3.7317,3.5672,2.0002,1.7061,0.0054,0.2090,0.0000,0.0000,0.0000,0.0104
1158,1158000,88.444207,B,false,6364,7386,0.6060,0.0000,23.1193,0.0722,-0.0493,0.4670,0.3189,0.8545,3642,3744,true,0.1586,0.2815,0.3673,0.3379,0.4914,1.5918,2.4723,1.6682,0.8658,0.8951,0.0107,0.0588,0.0030,0.0000,0.0000,0.0320
1159,1159000,88.520584,P,false,31963,4440,1.9640,0.0000,66.6380,-0.8283,0.3231,1.4650,1.0551,0.6966,0,4440,true,1.1124,2.1287,2.0963,1.3862,2.6626,8.1505,1.1677,3.3428,4.2171,4.8410,0.4112,0.8874,0.0112,0.0096,0.0469,0.1457
1160,1160000,88.596960,B,false,5296,5838,0.5362,0.0000,32.2578,-0.0121,-0.0036,0.4211,0.2493,0.8316,3884,1954,true,0.1844,0.2561,0.1853,0.1522,0.4221,0.9221,1.4178,1.1384,1.0350,1.4864,0.0094,0.0432,0.0000,0.0000,0.0018,0.0017
1161,1161000,88.673337,B,false,11805,7236,1.1946,0.0000,53.4883,-0.1450,0.1000,0.9137,0.5846,0.7803,3294,3942,true,0.4408,0.6915,0.5805,0.5321,0.9455,2.5169,3.4720,1.7504,2.2791,3.6399,0.2901,0.1570,0.0000,0.0006,0.0231,0.0305
1162,1162000,88.749714,B,false,9122,6495,0.7648,0.0000,29.3694,-0.1554,0.0730,0.5571,0.4033,0.7880,2450,4045,true,0.2891,0.7440,0.3644,0.6874,0.5515,1.5165,2.4102,1.3030,1.0634,1.6452,0.4056,0.1095,0.0007,0.0000,0.0143,0.0266
1163,1163000,88.826090,P,false,82468,4925,2.3283,0.0000,82.6960,-1.2079,0.4860,1.7197,1.1786,0.5702,0,4925,true,0.5564,1.8230,1.8094,1.4489,2.1638,4.5305,4.6179,5.2611,4.8798,5.7794,2.2180,1.8305,0.1528,0.0475,0.2565,2.3845
1164,1164000,88.902467,B,false,5365,6263,0.7198,0.0000,22.7500,0.0204,0.0047,0.5419,0.3937,0.8167,3994,2269,true,0.3712,0.4708,1.1649,0.6086,0.5559,2.2364,1.1087,1.0972,0.8488,1.9573,0.0175,0.2310,0.0000,0.0000,0.0007,0.0000
1165,1165000,88.978844,B,false,12428,6268,1.8293,0.0000,38.6733,-0.0698,0.2368,1.4091,0.9582,0.7653,3934,2334,true,0.8715,1.3808,3.0337,1.2261,1.2223,4.6640,2.0492,3.0243,2.1213,5.2605,0.5752,0.4957,0.0000,0.0000,0.0008,0.0007
1166,1166000,89.055220,B,false,5605,7481,0.7036,0.0000,26.4504,-0.0531,0.0334,0.5593,0.3260,0.8221,3825,3656,true,0.4400,0.8695,1.7814,0.6089,0.4802,1.8664,0.7798,1.0902,0.7168,1.8777,0.4053,0.1970,0.0000,0.0000,0.0010,0.0000
1167,1167000,89.131597,P,false,54575,4985,2.9898,0.0000,66.8978,-1.6824,0.6136,2.3069,1.5692,0.6642,0,4985,true,0.8414,2.5988,5.3841,2.0133,2.5753,9.4746,5.2787,6.3366,3.5518,6.9080,1.2275,1.9931,0.0374,0.0255,0.4499,0.3234
1168,1168000,89.207974,B,false,6612,7621,0.8225,0.0000,32.9023,-0.0223,-0.0364,0.6623,0.3880,0.8183,3897,3724,true,0.5858,0.9361,2.2047,0.7850,0.5625,2.0407,0.8407,1.4229,0.8380,2.0839,0.1287,0.3707,0.0000,0.0000,0.0000,0.0000
1169,1169000,89.284350,B,false,13162,7780,1.8009,0.0000,53.1184,-0.0807,-0.0300,1.4683,0.8344,0.8026,3918,3862,true,1.4034,1.4101,5.5627,1.2748,0.8437,4.4783,1.5859,3.5161,1.8035,4.5510,0.3561,0.9350,0.0000,0.0000,0.0015,0.0033
1170,1170000,89.360727,B,false,7089,7785,0.8621,0.0000,27.0567,-0.0213,-0.0052,0.7196,0.3781,0.8145,3715,4070,true,0.9569,1.0431,2.1516,1.0257,0.4555,2.3520,0.6350,1.5417,0.9487,1.6791,0.1621,0.3893,0.0000,0.0000,0.0027,0.0000
1171,1171000,89.437104,P,false,36624,4110,3.6207,0.0000,93.2872,-1.0734,0.0608,2.8650,1.7751,0.7102,0,4110,true,2.1071,1.8892,8.5587,2.7175,2.4677,6.2805,3.6588,11.7126,4.6028,10.6661,1.6801,1.6255,0.3014,0.1550,0.0149,0.0490
1172,1172000,89.513480,B,false,6474,7636,0.8589,0.0000,26.2500,-0.0646,0.0258,0.6742,0.4328,0.8256,3987,3649,true,0.5329,0.8904,2.3362,0.3601,0.4628,1.9149,0.9182,2.6716,0.7042,1.8545,0.0688,0.2536,0.1076,0.0514,0.0000,0.0005
1173,1173000,89.589857,B,false,17789,7281,1.9326,0.0000,71.5891,-0.2258,0.0988,1.5673,0.9185,0.7710,2975,4306,true,1.0815,2.0384,3.9284,0.6889,0.9816,4.2733,1.9844,6.0614,1.8556,3.8042,0.2030,1.3041,0.0805,0.3863,0.0123,0.0007
1174,1174000,89.666234,B,false,7497,6222,0.8208,0.0000,28.4088,-0.0332,0.0444,0.6536,0.4016,0.7973,2146,4076,true,0.3957,1.1849,1.6119,0.4484,0.4288,1.7121,0.6756,3.7530,0.4747,1.4904,0.1407,0.3146,0.1083,0.1779,0.0009,0.0000
1175,1175000,89.742611,P,false,62491,4057,2.9803,0.0000,69.2825,-0.9150,0.2726,2.2973,1.5234,0.6337,0,4057,true,1.9876,3.3451,3.3899,2.9299,2.0301,8.2757,3.7116,13.9292,3.1837,6.2884,2.2152,1.7735,0.3745,0.6073,0.2852,0.7368
1176,1176000,89.818987,B,false,4692,7415,0.4778,0.0000,38.0000,-0.0289,0.0124,0.3728,0.2372,0.8442,3808,3607,true,0.1344,0.5514,0.5769,0.1909,0.2609,0.9638,0.4614,2.5168,0.1305,0.7143,0.5300,0.0720,0.0769,0.3112,0.0288,0.0000
1177,1177000,89.895364,B,false,9793,7479,1.1739,0.0000,47.3557,-0.2142,-0.0275,0.9546,0.5159,0.8052,3973,3506,true,0.3486,0.9791,0.9899,0.4028,0.8295,2.5833,0.6402,6.0085,0.5281,1.9114,0.8272,0.1686,0.1158,0.9476,0.3839,0.0011
1178,1178000,89.971741,B,false,5114,7473,0.5656,0.0000,18.0278,-0.0216,-0.0137,0.4823,0.2106,0.8515,3890,3583,true,0.1163,0.3726,0.3743,0.0380,0.4100,1.5974,0.3328,3.1348,0.2756,1.0912,0.3021,0.0721,0.0346,0.6401,0.1317,0.0005
1179,1179000,90.048117,P,false,33343,4415,2.3391,0.0000,63.2500,0.2118,0.0620,1.9909,0.9057,0.6757,0,4415,true,0.7685,2.6468,2.6593,0.9409,1.9108,5.0850,1.4960,12.1332,1.3261,4.7447,0.8986,1.0567,0.0505,1.9060,0.0595,0.1223
1180,1180000,90.124494,B,false,5148,7270,0.6966,0.0000,34.5000,0.0202,-0.0360,0.5933,0.2918,0.8634,3731,3539,true,0.1713,0.1673,0.1145,0.0721,0.6894,2.5756,0.3082,3.7207,0.3426,1.0855,0.3101,0.0089,0.0000,1.0609,0.0660,0.0000
1181,1181000,90.200871,B,false,9095,7586,1.8512,0.0000,60.3433,-0.0453,-0.2752,1.4932,0.9056,0.8209,3643,3943,true,0.4769,0.5251,0.4474,0.1627,1.4088,5.4082,0.4854,11.7245,0.8220,2.2658,0.8100,0.0037,0.0000,3.2556,0.2070,0.0011
1182,1182000,90.277247,B,false,6368,7420,0.9649,0.0000,34.4039,-0.1657,-0.0485,0.7462,0.4944,0.8352,3956,3464,true,0.2171,0.3356,0.4623,0.3087,0.8204,2.2972,0.9805,5.9490,0.4720,1.1324,0.6626,0.0000,0.0000,1.7675,0.2279,0.0000
1183,1183000,90.353624,P,false,31948,4123,3.5668,0.0000,76.1979,1.0928,0.7781,2.9641,1.6295,0.7043,0,4123,true,1.0717,1.4797,1.7207,0.6763,4.4089,12.3406,1.9168,22.7310,1.1080,1.6083,2.1167,0.0380,0.0138,10.1890,0.8442,0.0260
1184,1184000,90.430001,B,false,6748,7359,0.7230,0.0000,45.0000,-0.0645,-0.0369,0.5809,0.3442,0.8367,3899,3460,true,0.1696,0.4546,0.6031,0.2688,0.6108,1.7519,0.7052,3.7886,0.5345,0.2970,0.7000,0.0109,0.0000,0.9960,0.2115,0.0000
1185,1185000,90.506377,B,false,11841,6794,1.6614,0.0000,54.3122,0.2925,0.2670,1.3560,0.7892,0.7876,2632,4162,true,0.4022,1.0071,1.9525,0.5866,1.5319,4.2312,1.8652,7.9831,1.0662,0.6110,1.2546,0.0188,0.0000,2.4167,0.6327,0.0007
1186,1186000,90.582754,B,false,7448,6059,1.0217,0.0000,35.0731,0.1144,0.0787,0.8297,0.4570,0.7749,1911,4148,true,0.3019,0.8095,1.6896,0.3091,0.8504,2.0356,1.1439,4.3155,0.6538,0.2030,0.5265,0.0000,0.0000,1.3605,0.8344,0.0018
1187,1187000,90.659131,P,false,64123,4177,3.1419,0.0000,118.1863,1.3748,0.2546,2.6702,1.2355,0.6418,0,4177,true,0.9691,3.7489,6.5950,1.3428,3.9628,8.0616,2.4554,10.8466,2.3026,0.3374,1.9526,1.0946,0.0102,5.2148,3.2491,0.8949
1188,1188000,90.735508,B,false,4608,6822,0.5083,0.0000,24.0650,0.1332,0.0372,0.4253,0.2032,0.8522,3673,3149,true,0.0655,0.6171,1.2946,0.1616,0.4553,1.1511,0.4367,1.9930,0.1764,0.0133,0.0203,0.0000,0.0000,0.7181,0.7398,0.0000
1189,1189000,90.811884,B,false,9166,7216,1.4945,0.0000,49.1248,0.3325,0.0669,1.2199,0.6476,0.8034,3637,3579,true,0.3459,1.3850,3.9624,0.6408,1.7724,3.0293,1.1354,4.9248,0.6306,0.0006,0.0524,0.0031,0.0000,3.0975,1.6272,0.0025
1190,1190000,90.888261,B,false,7068,7171,1.0030,0.0000,32.0000,0.0724,0.1145,0.7406,0.5175,0.8267,3867,3304,true,0.1883,0.4638,2.3229,0.4539,1.2082,2.3227,0.7443,4.1843,0.3173,0.0000,0.0046,0.0000,0.0000,1.6380,0.8619,0.0000
1191,1191000,90.964638,P,false,30558,4294,3.3212,0.0000,72.0000,1.3735,0.1304,2.6213,1.5814,0.6858,0,4294,true,0.8566,2.9715,9.8580,1.4923,5.2973,8.5518,1.6908,8.0014,0.9462,0.1277,0.2962,0.1563,0.0010,8.3483,2.9819,0.1487
1192,1192000,91.041014,B,false,6589,7518,1.0554,0.0000,39.5103,-0.0373,-0.0109,0.7811,0.5370,0.8309,3942,3576,true,0.3253,0.6719,2.2592,0.5285,1.1834,2.1066,1.0560,4.6514,0.1156,0.0000,0.0426,0.0000,0.0000,2.1780,1.4888,0.0000
1193,1193000,91.117391,B,false,12595,7396,2.1713,0.0000,82.3423,0.1116,-0.1483,1.6730,1.0731,0.8146,3679,3717,true,0.5499,1.8416,5.2313,1.0190,2.7401,3.6562,2.3449,7.9487,0.2056,0.0006,0.2008,0.0006,0.0000,4.7130,4.0104,0.0005
1194,1194000,91.193768,B,false,7219,7575,1.0820,0.0000,64.8484,0.1612,-0.0343,0.8260,0.5446,0.8235,3793,3782,true,0.2621,0.8349,2.1238,0.3950,1.5274,2.6274,1.3174,4.2389,0.0006,0.0012,0.0123,0.0000,0.0000,1.9295,1.3257,0.0000
1195,1195000,91.270144,P,false,31688,3843,3.7696,0.0000,84.4134,0.4690,-0.4561,2.9295,1.8905,0.7263,0,3843,true,1.6646,3.5435,12.1681,1.5289,4.5217,7.4332,1.4217,5.6552,0.1691,0.0318,0.8478,0.0132,0.0000,13.9148,4.9033,0.0247
1196,1196000,91.346521,B,false,5800,7538,0.8454,0.0000,23.4761,0.0311,0.0155,0.7234,0.2925,0.8456,3878,3660,true,0.0686,0.3244,0.1485,0.2609,1.1347,2.1128,0.9702,6.1920,0.0000,0.0000,0.0000,0.0000,0.0000,0.9900,1.1535,0.0000
1197,1197000,91.422898,B,false,12816,6713,2.1105,0.0000,106.9676,0.1172,-0.1020,1.8425,0.7299,0.8071,2626,4087,true,0.2630,0.6275,1.2740,0.6097,2.9500,4.2134,2.5563,15.4872,0.0007,0.0000,0.0508,0.0012,0.0000,2.2049,2.0520,0.0603
1198,1198000,91.499274,B,false,7308,6621,1.5295,0.0000,70.9947,0.2566,0.0284,1.3324,0.5266,0.8154,3913,2708,true,0.0894,0.2847,0.2662,0.1689,2.1243,2.6438,1.5264,12.4122,0.0000,0.0007,0.0125,0.0495,0.0000,1.2520,1.8610,0.0805
1199,1199000,91.575651,P,false,43195,4003,3.0765,0.0000,155.7500,0.8433,0.1952,2.4406,1.4427,0.6667,0,4003,true,0.7461,1.6300,2.1579,1.0711,8.9297,10.6906,1.2388,18.4580,0.0052,0.6335,3.6547,0.1812,0.0021,4.0468,3.1189,0.5825
1200,1200000,91.652028,B,false,4493,4518,1.1834,0.0000,60.3873,0.3870,-0.0127,1.0450,0.3404,0.7893,4004,514,true,0.0610,0.1928,0.2540,0.0379,1.0145,1.6756,0.8317,8.7927,0.0000,0.0000,0.0016,0.7618,0.0000,1.5669,1.6153,0.0032
1201,1201000,91.728404,B,false,13578,5304,3.1994,0.0000,61.3723,0.9600,-0.0934,2.7989,1.0018,0.7040,4202,1102,true,0.3342,0.8731,1.9183,0.9948,2.4028,4.9194,1.5709,19.8873,0.0000,0.0000,0.0088,2.6445,0.0000,5.0865,3.6741,0.8052
1202,1202000,91.804781,B,false,3692,6857,0.3914,0.0000,39.0000,-0.0779,0.0253,0.3449,0.1087,0.8718,2980,3877,true,0.0462,0.1410,0.3197,0.0627,0.3177,0.4207,0.2050,2.8859,0.0000,0.0006,0.0013,0.9189,0.0000,0.5565,0.5517,0.0046
1203,1203000,91.881158,P,false,158486,5554,2.7131,0.2500,106.2547,-0.9503,0.3425,2.2256,1.0598,0.4145,0,5554,true,0.4043,1.4407,2.7525,0.8133,4.1073,6.9767,0.7737,18.7826,0.0683,0.3987,1.5315,9.9757,0.2277,2.7872,4.0956,1.5386
1204,1204000,91.957535,B,false,7032,7545,1.2776,0.0000,65.7742,0.0798,-0.0185,1.0568,0.5297,0.8350,3811,3734,true,0.1124,0.8142,3.7258,1.4801,0.8141,1.5435,0.0645,5.2924,0.0000,0.0006,0.5497,4.4887,0.0000,0.7205,1.1256,0.0625
1205,1205000,92.033911,B,false,8424,7267,2.1809,0.0000,134.2500,0.0642,-0.0654,1.8508,0.8742,0.8115,3934,3333,true,0.1157,2.7586,7.7223,1.0045,1.2559,2.2420,0.0298,7.6130,0.0000,0.0000,0.9840,8.8732,0.0000,0.5195,1.0746,0.0178
1206,1206000,92.110288,B,false,4920,7257,0.8164,0.0000,59.4811,-0.1256,0.0328,0.6868,0.3444,0.8592,3558,3699,true,0.0569,1.0966,2.9195,0.4759,0.2968,0.8268,0.1168,2.4923,0.0000,0.0006,0.6457,4.0632,0.0000,0.0455,0.2694,0.0000
1207,1207000,92.186665,P,false,27252,3972,3.3105,0.0000,131.4594,-1.9191,0.9902,2.5570,1.5420,0.7057,0,3972,true,0.5994,0.7748,15.4633,0.8002,2.9680,7.1288,0.8016,6.9562,0.0012,0.0378,2.2245,17.5541,0.0264,2.5538,2.3620,0.2157
1208,1208000,92.263041,B,false,6502,5763,1.2439,0.0000,40.0000,0.4400,-0.2420,0.9951,0.6363,0.8055,3998,1765,true,0.1050,1.1233,4.1445,0.8222,0.4080,0.8875,0.5006,3.1289,0.0057,0.0000,1.5882,6.2329,0.0000,0.1858,0.2658,0.0311
1209,1209000,92.339418,B,false,8953,5430,3.0191,0.0000,74.0000,0.3614,-0.2586,2.4368,1.5594,0.7201,4063,1367,true,0.2432,2.8869,8.3112,2.2678,0.8233,1.8619,0.6622,4.7899,0.0000,0.0000,4.4031,16.2634,0.0000,0.5903,0.5914,0.0309
1210,1210000,92.415795,B,false,3852,7156,0.7445,0.0000,58.1775,-0.0826,0.0202,0.6062,0.3645,0.8633,3811,3345,true,0.0332,1.1777,2.6618,0.6774,0.2688,0.3719,0.8057,0.8985,0.0000,0.0000,0.9394,5.3907,0.0000,0.0621,0.0454,0.0011
1211,1211000,92.492171,P,false,99980,5221,3.0374,0.0000,96.0000,-1.6957,1.2309,2.3577,1.6018,0.5581,0,5221,true,0.5233,3.0229,13.6025,1.0456,1.5253,4.2448,1.2384,3.1264,0.0289,0.2127,7.8149,28.7280,0.1273,0.7874,1.2069,0.9272
1212,1212000,92.568548,B,false,6126,7269,1.1909,0.0000,52.2805,0.0909,-0.0530,0.9224,0.6563,0.8487,3933,3336,true,0.0380,1.8955,2.3351,0.7084,0.7932,0.9565,1.2940,0.7763,0.0000,0.0000,2.7385,8.4473,0.0000,0.1698,0.0751,0.0000
1213,1213000,92.644925,B,false,9581,7425,2.4558,0.0000,70.3602,0.3840,-0.1365,1.9155,1.3604,0.8160,3839,3586,true,0.0839,2.8711,2.5677,0.8880,2.0172,2.7316,2.5325,0.5009,0.0000,0.0000,5.6185,19.0633,0.0000,0.4440,0.2371,0.0006
1214,1214000,92.721301,B,false,4750,7396,1.3923,0.0000,44.5533,0.0704,-0.0695,1.0953,0.7432,0.8349,3722,3674,true,0.0777,1.7945,2.0131,0.1063,0.9764,1.7705,2.9941,0.6980,0.0000,0.0000,2.9298,10.4260,0.0000,0.1148,0.0830,0.0000
1215,1215000,92.797678,P,false,33622,3822,2.7414,0.0000,138.2916,-1.2873,1.3582,1.9786,1.5603,0.7384,0,3822,true,0.5761,1.2014,3.0286,1.3647,3.5075,5.3119,0.8834,1.8616,0.0132,0.0216,13.9026,23.9240,0.0104,1.1858,0.6517,0.0472
1216,1216000,92.874055,B,false,4106,7363,1.0028,0.0000,38.1879,-0.0723,0.0352,0.7896,0.5386,0.8473,3681,3682,true,0.0572,0.6017,0.7443,0.0694,0.5327,1.2780,2.6046,0.2732,0.0000,0.0000,3.0059,7.3745,0.0000,0.0016,0.0036,0.0000
1217,1217000,92.950432,B,false,8452,7365,2.2858,0.0000,64.0000,-0.0850,-0.0047,1.6871,1.3741,0.8295,3643,3722,true,0.1622,1.8802,0.8728,0.1056,1.1201,3.6292,4.7283,0.7494,0.0000,0.0000,8.0107,18.2300,0.0000,0.0063,0.0125,0.0000
1218,1218000,93.026808,B,false,4867,7377,1.3565,0.0000,63.7500,-0.0585,0.0119,0.9815,0.8351,0.8479,3564,3813,true,0.0527,0.9837,0.4335,0.0565,0.6559,2.1682,2.9502,0.5681,0.0000,0.0000,5.0740,9.8328,0.0000,0.0008,0.0005,0.0011
1219,1219000,93.103185,P,false,26398,3863,4.0836,0.0000,91.4563,-2.5623,2.1076,3.1353,2.3033,0.7194,0,3863,true,0.6513,2.7723,0.4951,1.1678,3.3402,6.6856,3.2312,3.4249,0.0126,0.0012,24.1464,36.1737,0.0015,0.1507,0.1938,0.0463
1220,1220000,93.179562,B,false,5952,6384,1.2642,0.0000,38.4253,-0.2161,0.2471,0.8394,0.8697,0.8205,2517,3867,true,0.0687,0.6685,0.0382,0.0746,0.6905,2.4702,2.4472,0.3997,0.0000,0.0000,5.7486,7.1432,0.0000,0.0182,0.0680,0.0016
1221,1221000,93.255938,P,false,79952,4526,2.2460,0.0000,79.1079,-1.1748,1.1278,1.5670,1.4069,0.6376,0,4526,true,0.4186,2.7768,0.4407,0.9533,1.7123,3.2292,2.3672,2.2567,0.0131,0.0774,12.8081,14.5348,0.0446,0.2659,0.4698,0.3077
1222,1222000,93.332315,B,false,5075,5876,1.2797,0.0000,34.2345,-0.0372,-0.0401,0.8394,0.8728,0.8121,3674,2202,true,0.1899,0.6147,0.0007,0.0000,0.9321,3.4309,2.3868,0.0147,0.0000,0.0016,6.1220,5.1545,0.0000,0.0311,0.1108,0.0797
1223,1223000,93.408692,B,false,9056,5680,1.9225,0.0000,90.5570,-0.3465,0.2036,1.2007,1.3662,0.7875,3766,1914,true,0.2059,0.8062,0.0053,0.0000,1.7969,5.6376,3.4336,0.3903,0.0000,0.0000,8.3772,6.7723,0.0000,0.1176,0.2048,0.0316
1224,1224000,93.485068,B,false,2832,6881,0.4628,0.0000,36.9070,-0.0446,-0.0032,0.2468,0.3606,0.8840,3720,3161,true,0.0245,0.2308,0.0011,0.0000,0.5644,1.9158,0.7797,0.0161,0.0000,0.0231,1.8345,2.2598,0.0000,0.0099,0.0463,0.0440
1225,1225000,93.561445,P,false,59544,4844,2.7808,0.0000,123.5000,-1.2427,1.5549,1.8963,1.8014,0.6658,0,4844,true,0.5324,1.3528,0.2273,0.1084,4.1649,7.9926,1.1197,1.1485,0.0039,0.3596,18.1517,15.2731,0.0185,0.3103,0.4483,0.3813
1226,1226000,93.637822,B,false,5343,7154,1.0528,0.0000,54.2368,-0.0606,-0.0080,0.4087,0.8574,0.8525,3806,3348,true,0.2154,0.4425,0.0000,0.0018,1.8729,3.2451,1.3005,0.0167,0.0000,0.1491,5.7348,3.7266,0.0000,0.0914,0.1666,0.0834
1227,1227000,93.714198,B,false,8324,7086,1.3064,0.0000,87.4185,0.0046,-0.3315,0.6044,0.9947,0.8508,3918,3168,true,0.4684,0.5816,0.0005,0.0006,2.7474,2.6442,0.7491,0.0127,0.0000,0.4654,7.1201,5.3272,0.0000,0.1741,0.3434,0.0166
1228,1228000,93.790575,B,false,3714,7306,0.5706,0.0000,50.1423,-0.0321,0.1444,0.2479,0.4514,0.8772,3616,3690,true,0.2031,0.2165,0.0000,0.0000,0.9141,1.5264,0.3337,0.0006,0.0000,0.2060,3.8989,1.8876,0.0000,0.0307,0.1598,0.0521
1229,1229000,93.866952,P,false,25663,4014,2.9018,0.0000,80.2017,-0.2744,2.0975,1.1555,2.3171,0.7277,0,4014,true,1.1311,1.3820,0.0874,0.1061,4.8056,4.7952,0.2050,0.9516,0.0000,2.2049,24.9284,6.7087,0.0035,0.6899,0.6036,0.1356
1230,1230000,93.943328,B,false,4736,6078,0.6612,0.0000,36.0009,-0.0170,0.0854,0.3560,0.4624,0.8600,2392,3686,true,0.3306,0.3884,0.0000,0.0008,0.9727,1.9861,0.3342,0.0000,0.0000,0.3139,2.9156,2.5469,0.0000,0.0188,0.2395,0.0000
1231,1231000,94.019705,B,false,7523,6788,1.2435,0.0000,46.2013,0.0355,0.1743,0.6933,0.8469,0.8366,2922,3866,true,0.7766,0.6611,0.0031,0.0007,2.2734,3.8941,0.3291,0.0056,0.0000,0.5701,6.3718,5.9271,0.0000,0.0465,0.2605,0.0155
1232,1232000,94.096082,B,false,5380,4976,0.8113,0.0000,26.1558,-0.0870,-0.0982,0.4787,0.5442,0.8219,3881,1095,true,0.4201,0.6246,0.0048,0.0000,1.2458,2.5677,0.1803,0.0011,0.0000,0.5989,2.8552,2.9084,0.0000,0.0116,0.1743,0.0037
1233,1233000,94.172459,P,false,82124,4966,2.6426,0.0000,91.1112,0.1194,1.3762,1.4613,1.8105,0.6071,0,4966,true,1.8282,1.8027,0.5540,0.9667,4.3698,6.0249,0.4874,1.4417,0.0106,1.8601,15.8958,8.5237,0.0360,0.2835,1.4440,0.5133
1234,1234000,94.248835,B,false,5908,7345,0.6570,0.0000,49.5996,-0.0090,0.0544,0.4351,0.4041,0.8773,3722,3623,true,0.5045,1.1881,0.0005,0.0000,1.3645,2.2676,0.2993,0.0000,0.0000,0.3350,3.0629,0.9413,0.0000,0.0311,0.2227,0.0396
1235,1235000,94.325212,B,false,7221,7365,0.9839,0.0000,48.1054,0.0467,0.0859,0.6710,0.5980,0.8611,3884,3481,true,1.0963,1.2747,0.0000,0.0000,1.8138,2.3000,0.3154,0.0000,0.0000,0.6458,5.5945,0.8115,0.0000,0.0541,0.6449,0.0112
1236,1236000,94.401589,B,false,4246,7353,0.3871,0.0000,24.4655,0.0051,0.0066,0.2748,0.2169,0.8849,3666,3687,true,0.4073,0.5701,0.0000,0.0000,0.7440,1.0906,0.0286,0.0000,0.0000,0.3568,2.1500,0.5441,0.0000,0.0041,0.1903,0.0006
1237,1237000,94.477965,P,false,21166,4093,2.1138,0.0000,60.1540,-0.1584,1.1859,1.3271,1.3808,0.7557,0,4093,true,2.1504,1.9493,0.0273,0.0176,4.7543,2.6386,0.1917,0.0167,0.0012,3.3370,13.2016,2.7944,0.0099,0.2614,1.0463,0.1431
1238,1238000,94.554342,B,false,5652,7002,0.6028,0.0000,38.3618,0.0305,-0.0863,0.4054,0.3750,0.8865,3560,3442,true,0.4732,0.7895,0.0006,0.0009,1.0873,1.0128,0.0250,0.0000,0.0000,0.9631,3.9023,0.4604,0.0000,0.1081,0.4736,0.0000
1239,1239000,94.630719,B,false,7534,6987,1.2291,0.0000,52.8973,0.0145,0.0623,0.8027,0.7889,0.8622,3516,3471,true,1.3091,1.4416,0.0006,0.0000,2.1500,1.1600,0.0993,0.0007,0.0000,1.9206,7.9546,2.0102,0.0000,0.3542,1.0509,0.0012
1240,1240000,94.707095,B,false,5020,6544,0.5056,0.0000,34.7940,0.0470,-0.0159,0.3470,0.2963,0.8836,3809,2735,true,0.5179,0.8153,0.0013,0.0007,1.0810,0.8682,0.0534,0.0017,0.0000,0.4719,1.9337,1.1707,0.0000,0.2748,0.3780,0.0006
1241,1241000,94.783472,P,false,37261,4656,2.5908,0.0000,70.4530,-0.2955,1.3146,1.6991,1.6931,0.6323,0,4656,true,2.8004,2.7355,0.1666,0.1206,4.4251,1.2240,0.7958,0.1772,0.0044,4.5552,18.3318,3.6669,0.0403,2.7773,2.3512,0.1865
1242,1242000,94.859849,B,false,5494,6127,0.4511,0.0000,29.1301,-0.0066,0.0090,0.3006,0.2522,0.8676,3802,2325,true,0.5180,0.6943,0.0000,0.0000,1.4193,0.4198,0.0099,0.0000,0.0000,0.3436,1.7224,0.7345,0.0000,0.2504,0.1923,0.0000
1243,1243000,94.936225,B,false,8776,6764,1.0348,0.0000,59.4643,-0.0533,0.1634,0.6438,0.6397,0.8325,2819,3945,true,1.1166,1.7555,0.0006,0.0000,2.4598,1.1509,0.2888,0.0014,0.0000,2.0908,4.1502,1.4546,0.0113,0.7991,0.5445,0.0033
1244,1244000,95.012602,B,false,3683,6372,0.3401,0.0000,27.9027,-0.0114,-0.0383,0.2169,0.1977,0.8848,3709,2663,true,0.5175,0.6428,0.0000,0.0000,1.3744,0.2984,0.0020,0.0000,0.0000,0.3291,1.5208,0.0126,0.0000,0.1506,0.1484,0.0006
1245,1245000,95.088979,P,false,91322,4977,2.0240,0.0000,110.0000,0.4014,0.8620,1.2776,1.2564,0.6090,0,4977,true,2.0639,3.3160,0.2716,0.1330,3.2876,0.9929,0.4480,0.2520,0.0084,3.6938,11.6353,7.9726,0.0410,1.5445,1.3519,0.6988
1246,1246000,95.165356,B,false,4982,6973,0.6766,0.0000,31.8129,0.0296,-0.0569,0.3891,0.4080,0.8696,3732,3241,true,1.3292,1.4894,0.0018,0.0000,1.4436,0.3561,0.0000,0.0000,0.0000,1.1795,2.5532,0.0193,0.0000,0.8941,0.4191,0.0024
1247,1247000,95.241732,B,false,6952,7007,0.7647,0.0000,53.2647,0.1036,-0.0706,0.4145,0.5010,0.8701,3755,3252,true,2.0417,1.2297,0.0017,0.0000,1.8021,0.2969,0.0006,0.0052,0.0000,1.7920,2.3612,0.3168,0.0000,0.7983,0.5279,0.0134
1248,1248000,95.318109,B,false,2253,6849,0.1361,0.0000,36.7500,0.0147,0.0015,0.0637,0.0965,0.9267,3650,3199,true,0.2596,0.3343,0.0000,0.0000,0.4161,0.0300,0.0000,0.0000,0.0000,0.3287,0.6336,0.0630,0.0000,0.0701,0.0777,0.0006
1249,1249000,95.394486,P,false,31248,4884,1.7134,0.0000,59.3728,0.2905,1.0148,0.6639,1.3302,0.7441,0,4884,true,2.6847,2.5988,0.1506,0.0250,3.2173,0.2548,0.0276,0.0307,0.0031,6.9732,6.7161,0.7863,0.0110,2.8892,1.3856,0.1462
1250,1250000,95.470862,I,true,312424,0,0.0000,0.0000,0.0000,0.0000,0.0000,0.0000,0.0000,0.0000,0,0,false,0.0000,0.0000,0.0000,0.0000,0.0000,0.0000,0.0000,0.0000,0.0000,0.0000,0.0000,0.0000,0.0000,0.0000,0.0000,0.0000
1251,1251000,95.547239,B,false,3527,6530,0.1657,0.0000,13.6771,-0.0148,0.0121,0.1096,0.0946,0.9017,2770,3760,true,0.4649,0.3360,0.0000,0.0000,0.4353,0.0299,0.0000,0.0000,0.0000,0.2503,0.7583,0.0186,0.0000,0.0928,0.0403,0.0253
1252,1252000,95.623616,B,false,4826,6757,0.4776,0.0000,22.8104,0.1093,-0.0201,0.3747,0.2290,0.8677,3872,2885,true,1.1875,1.0020,0.0000,0.0000,1.1485,0.1108,0.0008,0.0006,0.0000,1.1189,1.5109,0.0440,0.0000,0.4700,0.1451,0.0081
1253,1253000,95.699992,B,false,4322,6333,0.3035,0.0000,17.2572,0.0501,-0.0096,0.2431,0.1365,0.9018,3619,2714,true,0.9615,0.6472,0.0000,0.0000,0.5716,0.0368,0.0000,0.0000,0.0000,0.8264,0.7657,0.0000,0.0000,0.3826,0.0646,0.0034
1254,1254000,95.776369,P,false,37437,4128,1.3911,0.0000,80.3636,-0.4209,0.4886,1.0343,0.7593,0.6986,0,4128,true,3.1872,2.3289,0.1574,0.0092,2.2408,0.4968,0.0990,0.0670,0.0023,3.4462,3.9660,3.5266,0.0093,1.6672,0.5050,0.6994
1255,1255000,95.852746,B,false,2959,7340,0.1709,0.0000,15.4293,0.0197,-0.0110,0.1399,0.0720,0.9132,3686,3654,true,0.5379,0.2137,0.0000,0.0000,0.2427,0.1563,0.0000,0.0000,0.0000,0.4427,0.4505,0.0000,0.0000,0.4080,0.1534,0.0000
1256,1256000,95.929122,B,false,4594,7627,0.4247,0.0000,17.1919,0.0132,-0.0194,0.3390,0.2065,0.8757,3846,3781,true,0.9743,0.4660,0.0000,0.0000,0.4949,0.1339,0.0000,0.0000,0.0000,1.3381,1.0127,0.0019,0.0000,1.1640,0.6216,0.0017
1257,1257000,96.005499,B,false,3049,7374,0.1781,0.0000,9.1001,-0.0079,0.0111,0.1321,0.0953,0.9112,3776,3598,true,0.3946,0.1385,0.0000,0.0000,0.1858,0.0201,0.0000,0.0000,0.0000,0.5063,0.4451,0.0024,0.0000,0.6037,0.3714,0.0000
1258,1258000,96.081876,P,false,16361,4313,1.2383,0.0000,34.2126,-0.3463,0.5660,0.9448,0.6765,0.7760,0,4313,true,2.3511,1.3182,0.0040,0.0022,1.2433,0.3935,0.0029,0.0041,0.0011,4.0108,1.9875,0.1197,0.0040,4.2575,2.0047,0.0236
1259,1259000,96.158253,B,false,1093,6898,0.0462,0.0000,6.8237,-0.0067,-0.0094,0.0358,0.0200,0.9551,3735,3163,true,0.1768,0.0119,0.0000,0.0000,0.0925,0.0012,0.0000,0.0000,0.0000,0.0746,0.1170,0.0000,0.0000,0.1311,0.1170,0.0011
1260,1260000,96.234629,B,false,5621,7210,0.3161,0.0000,29.7069,-0.0491,0.0204,0.2521,0.1520,0.8942,3439,3771,true,0.9081,0.1153,0.0000,0.0000,0.3787,0.0220,0.0000,0.0000,0.0000,0.5633,0.4500,0.0013,0.0000,1.0687,0.8437,0.0011
1261,1261000,96.311006,B,false,1918,7254,0.1370,0.0000,24.2513,-0.0072,0.0096,0.0998,0.0736,0.9316,3567,3687,true,0.3894,0.0049,0.0000,0.0006,0.2119,0.0000,0.0000,0.0000,0.0000,0.1612,0.4564,0.0006,0.0000,0.4794,0.3287,0.0022
1262,1262000,96.387383,P,false,17316,4281,1.0115,0.0000,47.3451,0.1194,0.3284,0.7584,0.5409,0.7725,0,4281,true,2.4025,0.5526,0.0326,0.0278,1.2163,0.1320,0.0186,0.0566,0.0000,2.5695,2.0499,0.0609,0.0076,3.3702,2.1365,0.0021
1263,1263000,96.463759,B,false,2969,5851,0.1814,0.0000,16.6827,0.0221,0.0288,0.1116,0.1066,0.9036,2096,3755,true,0.4722,0.0432,0.0000,0.0000,0.2810,0.0047,0.0000,0.0000,0.0000,0.1448,0.8772,0.0266,0.0000,0.5688,0.2322,0.0027
1264,1264000,96.540136,P,false,59170,4870,0.6942,0.0000,32.3883,0.1948,0.1170,0.4656,0.3988,0.6819,0,4870,true,1.4812,0.2074,0.0926,0.0286,0.6816,0.3320,0.0308,0.0257,0.0055,1.0430,1.5714,1.8020,0.0450,1.6935,1.5638,0.3489
1265,1265000,96.616513,B,false,1526,5163,0.0651,0.0000,4.0697,0.0171,0.0095,0.0502,0.0301,0.9336,3494,1669,true,0.1808,0.0093,0.0000,0.0000,0.0974,0.0000,0.0000,0.0000,0.0000,0.1877,0.1025,0.0000,0.0119,0.2455,0.1038,0.0000
1266,1266000,96.692889,B,false,3297,5413,0.3440,0.0000,19.4968,-0.0067,-0.0040,0.2706,0.1744,0.8816,3725,1688,true,0.7630,0.0239,0.0000,0.0000,0.4470,0.0212,0.0000,0.0000,0.0000,1.4647,0.2463,0.0075,0.0153,1.2802,0.4796,0.0023
1267,1267000,96.769266,B,false,3104,7101,0.2593,0.0000,12.6935,-0.0212,-0.0137,0.1982,0.1408,0.9180,3798,3303,true,0.4193,0.0442,0.0000,0.0000,0.5537,0.0136,0.0000,0.0000,0.1066,1.3050,0.4449,0.0000,0.0393,0.7462,0.2654,0.0000
1268,1268000,96.845643,P,false,51852,5000,1.0338,0.0000,52.3671,0.6718,0.3826,0.7734,0.5873,0.7484,0,5000,true,1.8021,0.3059,0.0440,0.0565,0.9866,0.2178,0.0263,0.0524,0.4107,5.6181,1.0034,0.1123,0.0066,2.9167,1.6813,0.1046
1269,1269000,96.922019,B,false,1506,7231,0.0988,0.0000,12.4950,0.0123,0.0093,0.0759,0.0519,0.9343,3709,3522,true,0.0984,0.0447,0.0000,0.0000,0.2120,0.0215,0.0000,0.0000,0.0228,0.5556,0.1473,0.0000,0.0000,0.3366,0.1136,0.0000
1270,1270000,96.998396,B,false,4522,7482,0.3385,0.0000,31.5931,0.0348,0.0614,0.2586,0.1806,0.8975,3782,3700,true,0.3957,0.2919,0.0000,0.0000,0.4833,0.1304,0.0000,0.0000,0.1349,2.1585,0.4179,0.0038,0.0000,0.8011,0.2764,0.0006
1271,1271000,97.074773,B,false,2261,7237,0.1367,0.0000,14.0201,0.0019,0.0194,0.1072,0.0651,0.9225,3593,3644,true,0.2163,0.2104,0.0000,0.0000,0.2576,0.0525,0.0000,0.0000,0.0538,0.8240,0.2654,0.0006,0.0000,0.2063,0.0805,0.0000
1272,1272000,97.151149,P,false,15086,4169,0.9415,0.0000,46.4825,0.6623,0.3473,0.7316,0.4929,0.7985,0,4169,true,1.3731,1.1627,0.0010,0.0043,1.0755,0.2656,0.0020,0.0027,0.6415,6.2501,0.3088,0.0120,0.0000,1.4534,1.0191,0.0096
1273,1273000,97.227526,B,false,2775,7383,0.1413,0.0000,15.0769,0.0107,0.0100,0.0980,0.0788,0.9247,3529,3854,true,0.2274,0.1509,0.0000,0.0000,0.4028,0.0473,0.0000,0.0000,0.0378,0.5947,0.3657,0.0006,0.0000,0.0599,0.2783,0.0011
1274,1274000,97.303903,B,false,5968,7186,0.3642,0.0000,29.6753,0.0808,0.0054,0.2680,0.1834,0.8792,3215,3971,true,0.7784,0.5183,0.0000,0.0000,0.9249,0.1514,0.0000,0.0000,0.3325,1.5501,0.1223,0.0049,0.0000,0.2955,0.5915,0.0588
1275,1275000,97.380280,B,false,3859,6945,0.1945,0.0000,20.1075,-0.0041,-0.0013,0.1375,0.1023,0.8994,3058,3887,true,0.4096,0.3557,0.0000,0.0000,0.4939,0.0921,0.0000,0.0000,0.1279,0.6212,0.1455,0.0007,0.0000,0.2126,0.4613,0.0409
1276,1276000,97.456656,P,false,24564,4073,0.8574,0.0000,55.6917,0.2710,0.0671,0.5786,0.5147,0.7697,0,4073,true,1.1642,0.5069,0.0046,0.0000,0.6431,0.6399,0.0020,0.0000,0.8859,4.5243,0.9806,0.3330,0.0011,1.0791,1.7507,0.5162
1277,1277000,97.533033,B,false,2971,7155,0.1149,0.0000,11.3192,0.0001,-0.0082,0.0824,0.0614,0.9160,3337,3818,true,0.2207,0.2148,0.0000,0.0000,0.1844,0.0714,0.0000,0.0000,0.0739,0.4866,0.1293,0.0000,0.0000,0.1723,0.1872,0.0348
1278,1278000,97.609410,B,false,5766,4695,0.5524,0.0000,18.2517,0.0288,0.0305,0.4208,0.2833,0.8055,623,4072,true,1.0154,0.7117,0.0000,0.0000,0.8576,0.2967,0.0000,0.0000,0.4388,1.6615,0.2853,0.0222,0.0000,0.8539,0.8217,0.2495
1279,1279000,97.685786,B,false,5134,4797,0.5431,0.0000,18.8481,-0.0435,0.0176,0.4050,0.2902,0.8024,725,4072,true,0.9420,0.8766,0.0083,0.0000,0.8539,0.3364,0.0000,0.0000,0.2534,1.6005,0.1299,0.0000,0.0000,0.8163,0.8314,0.1951
1280,1280000,97.762163,P,false,186632,5855,0.8931,0.2500,31.1217,0.0538,0.0536,0.6060,0.5191,0.4835,0,5855,true,1.2393,1.1182,0.2797,0.2508,1.0587,0.4545,0.1609,0.3667,0.3685,3.0991,0.9169,1.5945,0.2125,0.8909,2.0558,0.9277
1281,1281000,97.838540,B,false,2924,7520,0.2737,0.0000,13.9396,0.0005,-0.0056,0.1998,0.1613,0.9116,3750,3770,true,0.3829,0.5694,0.0000,0.0000,0.8326,0.0270,0.0000,0.0000,0.1254,1.2945,0.1479,0.0006,0.0000,0.3042,0.4104,0.0006
1282,1282000,97.914916,P,false,31340,4362,0.7687,0.0000,29.3641,-0.0038,0.1449,0.5475,0.4737,0.7698,0,4362,true,1.1737,1.0622,0.0123,0.0117,1.7853,0.3391,0.0132,0.0276,0.4969,4.0697,0.2543,0.0271,0.0451,1.0731,0.9518,0.2298
1283,1283000,97.991293,B,false,179,6965,0.0000,0.0000,0.0000,0.0000,0.0000,0.0000,0.0000,1.0000,3598,3367,true,0.0000,0.0000,0.0000,0.0000,0.0000,0.0000,0.0000,0.0000,0.0000,0.0000,0.0000,0.0000,0.0000,0.0000,0.0000,0.0000
1284,1284000,98.067670,B,false,227,6892,0.0002,0.0000,0.2500,0.0000,0.0000,0.0001,0.0001,0.9993,3599,3293,true,0.0000,0.0000,0.0000,0.0000,0.0000,0.0000,0.0000,0.0000,0.0000,0.0006,0.0000,0.0012,0.0006,0.0000,0.0005,0.0000
1285,1285000,98.144046,B,false,46,7187,0.0000,0.0000,0.0000,0.0000,0.0000,0.0000,0.0000,1.0000,3594,3593,true,0.0000,0.0000,0.0000,0.0000,0.0000,0.0000,0.0000,0.0000,0.0000,0.0000,0.0000,0.0000,0.0000,0.0000,0.0000,0.0000
1286,1286000,98.220423,P,false,2185,3691,0.0057,0.0000,1.2500,-0.0001,-0.0012,0.0035,0.0027,0.9832,0,3691,true,0.0058,0.0000,0.0041,0.0011,0.0023,0.0124,0.0000,0.0068,0.0000,0.0086,0.0079,0.0106,0.0097,0.0000,0.0071,0.0143
1287,1287000,98.296800,B,false,106,7118,0.0000,0.0000,0.0000,0.0000,0.0000,0.0000,0.0000,1.0000,3589,3529,true,0.0000,0.0000,0.0000,0.0000,0.0000,0.0000,0.0000,0.0000,0.0000,0.0000,0.0000,0.0000,0.0000,0.0000,0.0000,0.0000
1288,1288000,98.373177,B,false,168,7018,0.0002,0.0000,0.2500,0.0000,0.0001,0.0001,0.0001,0.9991,3595,3423,true,0.0000,0.0000,0.0000,0.0000,0.0000,0.0006,0.0000,0.0000,0.0000,0.0000,0.0000,0.0019,0.0000,0.0000,0.0005,0.0006
1289,1289000,98.449553,B,false,100,7112,0.0000,0.0000,0.0000,0.0000,0.0000,0.0000,0.0000,1.0000,3593,3519,true,0.0000,0.0000,0.0000,0.0000,0.0000,0.0000,0.0000,0.0000,0.0000,0.0000,0.0000,0.0000,0.0000,0.0000,0.0000,0.0000
1290,1290000,98.525930,P,false,1465,3633,0.0022,0.0000,0.7906,0.0005,-0.0001,0.0010,0.0012,0.9931,0,3633,true,0.0016,0.0000,0.0041,0.0011,0.0046,0.0034,0.0010,0.0022,0.0000,0.0012,0.0064,0.0012,0.0011,0.0011,0.0000,0.0053
1291,1291000,98.602307,B,false,118,7099,0.0000,0.0000,0.0000,0.0000,0.0000,0.0000,0.0000,1.0000,3595,3504,true,0.0000,0.0000,0.0000,0.0000,0.0000,0.0000,0.0000,0.0000,0.0000,0.0000,0.0000,0.0000,0.0000,0.0000,0.0000,0.0000
1292,1292000,98.678683,B,false,172,7014,0.0002,0.0000,0.2500,0.0000,0.0001,0.0001,0.0001,0.9993,3591,3423,true,0.0000,0.0000,0.0000,0.0000,0.0000,0.0000,0.0000,0.0000,0.0000,0.0006,0.0000,0.0013,0.0000,0.0000,0.0005,0.0006
1293,1293000,98.755060,B,false,118,7056,0.0000,0.0000,0.0000,0.0000,0.0000,0.0000,0.0000,1.0000,3595,3461,true,0.0000,0.0000,0.0000,0.0000,0.0000,0.0000,0.0000,0.0000,0.0000,0.0000,0.0000,0.0000,0.0000,0.0000,0.0000,0.0000
1294,1294000,98.831437,P,false,1446,3655,0.0028,0.0000,2.2500,-0.0002,0.0003,0.0012,0.0018,0.9932,0,3655,true,0.0000,0.0011,0.0015,0.0022,0.0102,0.0033,0.0031,0.0022,0.0000,0.0023,0.0037,0.0028,0.0011,0.0000,0.0010,0.0109
1295,1295000,98.907813,B,false,65,7167,0.0000,0.0000,0.2500,0.0000,0.0000,0.0000,0.0000,0.9999,3593,3574,true,0.0000,0.0000,0.0000,0.0000,0.0000,0.0000,0.0000,0.0000,0.0000,0.0000,0.0000,0.0006,0.0000,0.0000,0.0000,0.0000
1296,1296000,98.984190,B,false,125,7082,0.0001,0.0000,0.2500,0.0000,0.0001,0.0000,0.0001,0.9996,3595,3487,true,0.0000,0.0000,0.0000,0.0000,0.0000,0.0000,0.0000,0.0000,0.0000,0.0006,0.0000,0.0006,0.0000,0.0000,0.0005,0.0000
1297,1297000,99.060567,B,false,43,7190,0.0000,0.0000,0.0000,0.0000,0.0000,0.0000,0.0000,1.0000,3596,3594,true,0.0000,0.0000,0.0000,0.0000,0.0000,0.0000,0.0000,0.0000,0.0000,0.0000,0.0000,0.0000,0.0000,0.0000,0.0000,0.0000
1298,1298000,99.136943,P,false,1049,3705,0.0035,0.0000,3.0000,-0.0006,0.0013,0.0013,0.0024,0.9922,0,3705,true,0.0000,0.0000,0.0010,0.0000,0.0000,0.0082,0.0000,0.0011,0.0000,0.0040,0.0233,0.0043,0.0011,0.0010,0.0074,0.0021
1299,1299000,99.213320,B,false,78,7153,0.0000,0.0000,0.0000,0.0000,0.0000,0.0000,0.0000,1.0000,3599,3554,true,0.0000,0.0000,0.0000,0.0000,0.0000,0.0000,0.0000,0.0000,0.0000,0.0000,0.0000,0.0000,0.0000,0.0000,0.0000,0.0000
1300,1300000,99.289697,B,false,101,7120,0.0001,0.0000,0.2500,0.0000,0.0001,0.0000,0.0001,0.9996,3596,3524,true,0.0000,0.0000,0.0000,0.0000,0.0000,0.0000,0.0000,0.0000,0.0000,0.0006,0.0000,0.0006,0.0000,0.0000,0.0005,0.0000
1301,1301000,99.366073,B,false,83,7129,0.0000,0.0000,0.0000,0.0000,0.0000,0.0000,0.0000,1.0000,3597,3532,true,0.0000,0.0000,0.0000,0.0000,0.0000,0.0000,0.0000,0.0000,0.0000,0.0000,0.0000,0.0000,0.0000,0.0000,0.0000,0.0000
1302,1302000,99.442450,P,false,713,3622,0.0006,0.0000,0.3536,0.0001,0.0003,0.0004,0.0003,0.9978,0,3622,true,0.0000,0.0000,0.0000,0.0000,0.0000,0.0011,0.0015,0.0000,0.0000,0.0012,0.0011,0.0017,0.0000,0.0021,0.0010,0.0000
1303,1303000,99.518827,B,false,70,7164,0.0000,0.0000,0.0000,0.0000,0.0000,0.0000,0.0000,1.0000,3585,3579,true,0.0000,0.0000,0.0000,0.0000,0.0000,0.0000,0.0000,0.0000,0.0000,0.0000,0.0000,0.0000,0.0000,0.0000,0.0000,0.0000
1304,1304000,99.595204,B,false,87,7139,0.0001,0.0000,0.2500,0.0000,0.0001,0.0000,0.0001,0.9996,3597,3542,true,0.0000,0.0000,0.0000,0.0000,0.0000,0.0000,0.0000,0.0000,0.0000,0.0006,0.0000,0.0006,0.0000,0.0000,0.0005,0.0000
1305,1305000,99.671580,B,false,65,7161,0.0000,0.0000,0.2500,-0.0000,0.0000,0.0000,0.0000,0.9999,3596,3565,true,0.0000,0.0000,0.0000,0.0000,0.0000,0.0000,0.0000,0.0000,0.0000,0.0000,0.0000,0.0006,0.0000,0.0000,0.0000,0.0000
1306,1306000,99.747957,P,false,629,3631,0.0002,0.0000,0.2500,0.0000,-0.0001,0.0000,0.0002,0.9992,0,3631,true,0.0000,0.0000,0.0010,0.0000,0.0000,0.0000,0.0000,0.0000,0.0000,0.0000,0.0011,0.0000,0.0000,0.0000,0.0010,0.0000
1307,1307000,99.824334,B,false,67,7166,0.0000,0.0000,0.0000,0.0000,0.0000,0.0000,0.0000,1.0000,3584,3582,true,0.0000,0.0000,0.0000,0.0000,0.0000,0.0000,0.0000,0.0000,0.0000,0.0000,0.0000,0.0000,0.0000,0.0000,0.0000,0.0000
1308,1308000,99.900710,B,false,78,7154,0.0001,0.0000,0.2500,0.0000,0.0001,0.0000,0.0001,0.9994,3595,3559,true,0.0000,0.0000,0.0000,0.0000,0.0000,0.0000,0.0000,0.0000,0.0000,0.0006,0.0000,0.0012,0.0000,0.0000,0.0005,0.0000
1309,1309000,99.977087,B,false,60,7168,0.0000,0.0000,0.0000,0.0000,0.0000,0.0000,0.0000,1.0000,3595,3573,true,0.0000,0.0000,0.0000,0.0000,0.0000,0.0000,0.0000,0.0000,0.0000,0.0000,0.0000,0.0000,0.0000,0.0000,0.0000,0.0000
1310,1310000,100.053464,P,false,746,3613,0.0010,0.0000,1.0000,-0.0006,0.0001,0.0008,0.0002,0.9970,0,3613,true,0.0000,0.0000,0.0000,0.0000,0.0000,0.0000,0.0000,0.0011,0.0000,0.0012,0.0043,0.0060,0.0000,0.0000,0.0000,0.0032
1311,1311000,100.129840,B,false,53,7182,0.0000,0.0000,0.0000,0.0000,0.0000,0.0000,0.0000,1.0000,3600,3582,true,0.0000,0.0000,0.0000,0.0000,0.0000,0.0000,0.0000,0.0000,0.0000,0.0000,0.0000,0.0000,0.0000,0.0000,0.0000,0.0000
1312,1312000,100.206217,B,false,85,7151,0.0001,0.0000,0.2500,0.0000,0.0001,0.0001,0.0001,0.9994,3596,3555,true,0.0000,0.0000,0.0000,0.0000,0.0000,0.0000,0.0000,0.0000,0.0000,0.0006,0.0000,0.0012,0.0000,0.0000,0.0005,0.0000
1313,1313000,100.282594,B,false,36,7196,0.0000,0.0000,0.0000,0.0000,0.0000,0.0000,0.0000,1.0000,3598,3598,true,0.0000,0.0000,0.0000,0.0000,0.0000,0.0000,0.0000,0.0000,0.0000,0.0000,0.0000,0.0000,0.0000,0.0000,0.0000,0.0000
1314,1314000,100.358970,P,false,806,3666,0.0037,0.0000,0.7500,0.0002,-0.0003,0.0018,0.0022,0.9872,0,3666,true,0.0000,0.0000,0.0000,0.0022,0.0000,0.0100,0.0035,0.0011,0.0034,0.0123,0.0064,0.0035,0.0011,0.0000,0.0047,0.0112
1315,1315000,100.435347,B,false,52,7182,0.0000,0.0000,0.2500,-0.0000,0.0000,0.0000,0.0000,0.9999,3599,3583,true,0.0000,0.0000,0.0000,0.0000,0.0000,0.0000,0.0000,0.0000,0.0000,0.0000,0.0000,0.0000,0.0000,0.0000,0.0005,0.0000
1316,1316000,100.511724,B,false,86,7151,0.0002,0.0000,0.2500,-0.0000,0.0001,0.0001,0.0001,0.9993,3594,3557,true,0.0000,0.0000,0.0000,0.0000,0.0000,0.0000,0.0000,0.0000,0.0000,0.0006,0.0000,0.0012,0.0000,0.0000,0.0010,0.0000
1317,1317000,100.588101,B,false,50,7182,0.0000,0.0000,0.2500,-0.0000,0.0000,0.0000,0.0000,0.9999,3596,3586,true,0.0000,0.0000,0.0000,0.0000,0.0000,0.0000,0.0000,0.0000,0.0000,0.0000,0.0000,0.0000,0.0000,0.0000,0.0005,0.0000
1318,1318000,100.664477,P,false,738,3653,0.0023,0.0000,1.0000,0.0001,-0.0001,0.0013,0.0010,0.9929,0,3653,true,0.0000,0.0000,0.0000,0.0000,0.0011,0.0023,0.0000,0.0000,0.0035,0.0080,0.0032,0.0012,0.0000,0.0000,0.0038,0.0130
1319,1319000,100.740854,B,false,73,7158,0.0000,0.0000,0.0000,0.0000,0.0000,0.0000,0.0000,1.0000,3600,3558,true,0.0000,0.0000,0.0000,0.0000,0.0000,0.0000,0.0000,0.0000,0.0000,0.0000,0.0000,0.0000,0.0000,0.0000,0.0000,0.0000
1320,1320000,100.817231,B,false,101,7117,0.0001,0.0000,0.2500,0.0000,0.0001,0.0001,0.0001,0.9994,3596,3521,true,0.0000,0.0000,0.0000,0.0000,0.0000,0.0000,0.0000,0.0000,0.0000,0.0006,0.0000,0.0012,0.0000,0.0000,0.0005,0.0000
1321,1321000,100.893607,B,false,69,7154,0.0000,0.0000,0.0000,0.0000,0.0000,0.0000,0.0000,1.0000,3598,3556,true,0.0000,0.0000,0.0000,0.0000,0.0000,0.0000,0.0000,0.0000,0.0000,0.0000,0.0000,0.0000,0.0000,0.0000,0.0000,0.0000
1322,1322000,100.969984,P,false,940,3638,0.0015,0.0000,0.5000,0.0000,0.0001,0.0004,0.0011,0.9945,0,3638,true,0.0000,0.0000,0.0000,0.0011,0.0011,0.0023,0.0000,0.0000,0.0000,0.0079,0.0032,0.0000,0.0000,0.0000,0.0042,0.0032
1323,1323000,101.046361,B,false,79,7147,0.0000,0.0000,0.2500,0.0000,0.0000,0.0000,0.0000,0.9999,3600,3547,true,0.0000,0.0000,0.0000,0.0000,0.0000,0.0000,0.0000,0.0000,0.0000,0.0000,0.0006,0.0000,0.0000,0.0000,0.0000,0.0000
1324,1324000,101.122737,B,false,116,7106,0.0001,0.0000,0.2500,0.0000,0.0001,0.0001,0.0001,0.9994,3596,3510,true,0.0000,0.0000,0.0000,0.0000,0.0000,0.0000,0.0000,0.0000,0.0000,0.0006,0.0000,0.0012,0.0000,0.0000,0.0005,0.0000
1325,1325000,101.199114,B,false,102,7090,0.0000,0.0000,0.0000,0.0000,0.0000,0.0000,0.0000,1.0000,3597,3493,true,0.0000,0.0000,0.0000,0.0000,0.0000,0.0000,0.0000,0.0000,0.0000,0.0000,0.0000,0.0000,0.0000,0.0000,0.0000,0.0000
1326,1326000,101.275491,P,false,1497,3712,0.0036,0.0000,1.4142,0.0004,-0.0003,0.0024,0.0015,0.9892,0,3712,true,0.0045,0.0044,0.0000,0.0022,0.0000,0.0054,0.0000,0.0022,0.0024,0.0049,0.0092,0.0012,0.0000,0.0021,0.0077,0.0102
1327,1327000,101.351867,B,false,64,7171,0.0000,0.0000,0.2500,-0.0000,0.0000,0.0000,0.0000,0.9999,3583,3588,true,0.0000,0.0000,0.0000,0.0000,0.0000,0.0000,0.0000,0.0000,0.0000,0.0000,0.0000,0.0006,0.0000,0.0000,0.0000,0.0000
1328,1328000,101.428244,B,false,90,7137,0.0001,0.0000,0.2500,0.0000,0.0001,0.0000,0.0001,0.9996,3596,3541,true,0.0000,0.0000,0.0000,0.0000,0.0000,0.0000,0.0000,0.0000,0.0000,0.0006,0.0000,0.0006,0.0000,0.0000,0.0005,0.0000
1329,1329000,101.504621,B,false,68,7158,0.0000,0.0000,0.2500,-0.0000,0.0000,0.0000,0.0000,0.9999,3598,3560,true,0.0000,0.0000,0.0000,0.0000,0.0000,0.0000,0.0000,0.0000,0.0000,0.0000,0.0000,0.0006,0.0000,0.0000,0.0000,0.0000
1330,1330000,101.580997,P,false,711,3631,0.0014,0.0000,2.7500,-0.0001,0.0011,0.0003,0.0011,0.9972,0,3631,true,0.0000,0.0000,0.0010,0.0011,0.0000,0.0023,0.0000,0.0000,0.0012,0.0012,0.0022,0.0000,0.0000,0.0000,0.0106,0.0011
1331,1331000,101.657374,B,false,53,7181,0.0000,0.0000,0.0000,0.0000,0.0000,0.0000,0.0000,1.0000,3600,3581,true,0.0000,0.0000,0.0000,0.0000,0.0000,0.0000,0.0000,0.0000,0.0000,0.0000,0.0000,0.0000,0.0000,0.0000,0.0000,0.0000
1332,1332000,101.733751,B,false,73,7160,0.0001,0.0000,0.2500,0.0000,0.0001,0.0000,0.0001,0.9994,3596,3564,true,0.0000,0.0000,0.0000,0.0000,0.0000,0.0000,0.0000,0.0000,0.0000,0.0006,0.0000,0.0012,0.0000,0.0000,0.0005,0.0000
1333,1333000,101.810128,B,false,53,7178,0.0000,0.0000,0.2500,-0.0000,0.0000,0.0000,0.0000,0.9999,3596,3582,true,0.0000,0.0000,0.0000,0.0000,0.0000,0.0000,0.0000,0.0000,0.0000,0.0000,0.0000,0.0006,0.0000,0.0000,0.0000,0.0000
1334,1334000,101.886504,P,false,570,3633,0.0010,0.0000,1.0000,-0.0003,0.0001,0.0006,0.0005,0.9970,0,3633,true,0.0011,0.0011,0.0000,0.0000,0.0000,0.0011,0.0000,0.0000,0.0000,0.0000,0.0032,0.0017,0.0000,0.0000,0.0000,0.0077
1335,1335000,101.962881,B,false,47,7186,0.0000,0.0000,0.0000,0.0000,0.0000,0.0000,0.0000,1.0000,3599,3587,true,0.0000,0.0000,0.0000,0.0000,0.0000,0.0000,0.0000,0.0000,0.0000,0.0000,0.0000,0.0000,0.0000,0.0000,0.0000,0.0000
1336,1336000,102.039258,B,false,63,7172,0.0001,0.0000,0.2500,0.0000,0.0001,0.0000,0.0001,0.9994,3596,3576,true,0.0000,0.0000,0.0000,0.0000,0.0000,0.0000,0.0000,0.0000,0.0000,0.0006,0.0000,0.0012,0.0000,0.0000,0.0005,0.0000
1337,1337000,102.115634,B,false,49,7180,0.0000,0.0000,0.2500,-0.0000,0.0000,0.0000,0.0000,0.9999,3596,3584,true,0.0000,0.0000,0.0000,0.0000,0.0000,0.0000,0.0000,0.0000,0.0000,0.0000,0.0000,0.0006,0.0000,0.0000,0.0000,0.0000
1338,1338000,102.192011,P,false,494,3623,0.0008,0.0000,0.5590,0.0001,-0.0003,0.0005,0.0004,0.9975,0,3623,true,0.0050,0.0000,0.0000,0.0000,0.0000,0.0000,0.0021,0.0000,0.0000,0.0012,0.0000,0.0000,0.0000,0.0000,0.0010,0.0032
1339,1339000,102.268388,B,false,42,7190,0.0000,0.0000,0.0000,0.0000,0.0000,0.0000,0.0000,1.0000,3599,3591,true,0.0000,0.0000,0.0000,0.0000,0.0000,0.0000,0.0000,0.0000,0.0000,0.0000,0.0000,0.0000,0.0000,0.0000,0.0000,0.0000
1340,1340000,102.344764,B,false,54,7182,0.0002,0.0000,0.2500,0.0000,0.0001,0.0001,0.0001,0.9993,3596,3586,true,0.0000,0.0000,0.0000,0.0000,0.0000,0.0000,0.0000,0.0000,0.0000,0.0006,0.0000,0.0018,0.0000,0.0000,0.0005,0.0000
1341,1341000,102.421141,B,false,40,7193,0.0000,0.0000,0.0000,0.0000,0.0000,0.0000,0.0000,1.0000,3596,3597,true,0.0000,0.0000,0.0000,0.0000,0.0000,0.0000,0.0000,0.0000,0.0000,0.0000,0.0000,0.0000,0.0000,0.0000,0.0000,0.0000
1342,1342000,102.497518,P,false,384,3608,0.0000,0.0000,0.0000,0.0000,0.0000,0.0000,0.0000,1.0000,0,3608,true,0.0000,0.0000,0.0000,0.0000,0.0000,0.0000,0.0000,0.0000,0.0000,0.0000,0.0000,0.0000,0.0000,0.0000,0.0000,0.0000
1343,1343000,102.573894,B,false,45,7189,0.0000,0.0000,0.0000,0.0000,0.0000,0.0000,0.0000,1.0000,3599,3590,true,0.0000,0.0000,0.0000,0.0000,0.0000,0.0000,0.0000,0.0000,0.0000,0.0000,0.0000,0.0000,0.0000,0.0000,0.0000,0.0000
1344,1344000,102.650271,B,false,58,7182,0.0002,0.0000,0.2500,0.0000,0.0001,0.0001,0.0001,0.9992,3596,3586,true,0.0000,0.0000,0.0000,0.0000,0.0000,0.0000,0.0000,0.0000,0.0000,0.0006,0.0006,0.0018,0.0000,0.0000,0.0005,0.0000
1345,1345000,102.726648,B,false,39,7194,0.0000,0.0000,0.0000,0.0000,0.0000,0.0000,0.0000,1.0000,3596,3598,true,0.0000,0.0000,0.0000,0.0000,0.0000,0.0000,0.0000,0.0000,0.0000,0.0000,0.0000,0.0000,0.0000,0.0000,0.0000,0.0000
1346,1346000,102.803025,P,false,298,3614,0.0001,0.0000,0.2500,0.0000,-0.0001,0.0000,0.0001,0.9997,0,3614,true,0.0000,0.0000,0.0000,0.0000,0.0000,0.0011,0.0000,0.0000,0.0000,0.0000,0.0000,0.0000,0.0000,0.0000,0.0000,0.0000
1347,1347000,102.879401,B,false,42,7191,0.0000,0.0000,0.0000,0.0000,0.0000,0.0000,0.0000,1.0000,3599,3592,true,0.0000,0.0000,0.0000,0.0000,0.0000,0.0000,0.0000,0.0000,0.0000,0.0000,0.0000,0.0000,0.0000,0.0000,0.0000,0.0000
1348,1348000,102.955778,B,false,51,7183,0.0001,0.0000,0.2500,0.0000,0.0001,0.0000,0.0001,0.9996,3595,3588,true,0.0000,0.0000,0.0000,0.0000,0.0000,0.0000,0.0000,0.0000,0.0000,0.0006,0.0000,0.0006,0.0000,0.0000,0.0005,0.0000
1349,1349000,103.032155,B,false,38,7195,0.0000,0.0000,0.0000,0.0000,0.0000,0.0000,0.0000,1.0000,3597,3598,true,0.0000,0.0000,0.0000,0.0000,0.0000,0.0000,0.0000,0.0000,0.0000,0.0000,0.0000,0.0000,0.0000,0.0000,0.0000,0.0000
1350,1350000,103.108531,P,false,242,3618,0.0003,0.0000,0.2500,0.0001,0.0000,0.0003,0.0000,0.9989,0,3618,true,0.0000,0.0000,0.0000,0.0000,0.0000,0.0034,0.0000,0.0000,0.0000,0.0000,0.0000,0.0000,0.0000,0.0011,0.0000,0.0000
1351,1351000,103.184908,B,false,41,7193,0.0000,0.0000,0.0000,0.0000,0.0000,0.0000,0.0000,1.0000,3598,3595,true,0.0000,0.0000,0.0000,0.0000,0.0000,0.0000,0.0000,0.0000,0.0000,0.0000,0.0000,0.0000,0.0000,0.0000,0.0000,0.0000
1352,1352000,103.261285,B,false,49,7188,0.0001,0.0000,0.2500,0.0000,0.0001,0.0000,0.0001,0.9994,3595,3593,true,0.0000,0.0000,0.0000,0.0000,0.0000,0.0000,0.0000,0.0000,0.0000,0.0006,0.0000,0.0012,0.0000,0.0000,0.0005,0.0000
1353,1353000,103.337661,B,false,41,7193,0.0000,0.0000,0.0000,0.0000,0.0000,0.0000,0.0000,1.0000,3596,3597,true,0.0000,0.0000,0.0000,0.0000,0.0000,0.0000,0.0000,0.0000,0.0000,0.0000,0.0000,0.0000,0.0000,0.0000,0.0000,0.0000
1354,1354000,103.414038,P,false,232,3606,0.0001,0.0000,0.2500,0.0000,-0.0001,0.0000,0.0001,0.9997,0,3606,true,0.0000,0.0000,0.0000,0.0000,0.0000,0.0000,0.0000,0.0000,0.0000,0.0000,0.0000,0.0000,0.0000,0.0000,0.0000,0.0011
1355,1355000,103.490415,B,false,37,7196,0.0000,0.0000,0.0000,0.0000,0.0000,0.0000,0.0000,1.0000,3600,3596,true,0.0000,0.0000,0.0000,0.0000,0.0000,0.0000,0.0000,0.0000,0.0000,0.0000,0.0000,0.0000,0.0000,0.0000,0.0000,0.0000
1356,1356000,103.566791,B,false,46,7190,0.0001,0.0000,0.2500,0.0000,0.0001,0.0000,0.0001,0.9994,3596,3594,true,0.0000,0.0000,0.0000,0.0000,0.0000,0.0000,0.0000,0.0000,0.0000,0.0006,0.0000,0.0012,0.0000,0.0000,0.0005,0.0000
1357,1357000,103.643168,B,false,39,7196,0.0000,0.0000,0.0000,0.0000,0.0000,0.0000,0.0000,1.0000,3596,3600,true,0.0000,0.0000,0.0000,0.0000,0.0000,0.0000,0.0000,0.0000,0.0000,0.0000,0.0000,0.0000,0.0000,0.0000,0.0000,0.0000
1358,1358000,103.719545,P,false,180,3616,0.0001,0.0000,0.2500,0.0001,0.0000,0.0001,0.0000,0.9997,0,3616,true,0.0000,0.0000,0.0000,0.0000,0.0000,0.0000,0.0000,0.0000,0.0000,0.0000,0.0011,0.0000,0.0000,0.0000,0.0000,0.0000
1359,1359000,103.795921,B,false,430,4087,0.0008,0.0000,0.2500,0.0000,-0.0001,0.0004,0.0004,0.9968,489,3598,true,0.0000,0.0020,0.0009,0.0000,0.0019,0.0000,0.0000,0.0000,0.0000,0.0010,0.0030,0.0012,0.0000,0.0000,0.0009,0.0021
1360,1360000,103.872298,B,false,75,3626,0.0006,0.0000,0.5000,0.0003,0.0001,0.0003,0.0002,0.9981,3596,30,true,0.0000,0.0000,0.0000,0.0000,0.0011,0.0000,0.0000,0.0000,0.0000,0.0012,0.0022,0.0012,0.0000,0.0000,0.0000,0.0032
1361,1361000,103.948675,B,false,42,7191,0.0001,0.0000,0.2500,0.0000,0.0000,0.0001,0.0000,0.9997,3596,3595,true,0.0000,0.0000,0.0000,0.0000,0.0000,0.0000,0.0000,0.0000,0.0000,0.0000,0.0000,0.0006,0.0005,0.0000,0.0000,0.0000
1362,1362000,104.025052,P,false,107825,5748,0.1783,0.0000,14.0357,-0.0006,-0.0065,0.1136,0.0937,0.6503,0,5748,true,0.0838,0.1214,0.1918,0.1486,0.1152,0.1495,0.1046,0.1772,0.0070,0.1534,0.3740,0.4125,0.0972,0.1003,0.2019,0.3602
1363,1363000,104.101428,B,false,265,6719,0.0000,0.0000,0.0000,0.0000,0.0000,0.0000,0.0000,1.0000,3600,3119,true,0.0000,0.0000,0.0000,0.0000,0.0000,0.0000,0.0000,0.0000,0.0000,0.0000,0.0000,0.0000,0.0000,0.0000,0.0000,0.0000
1364,1364000,104.177805,B,false,281,6369,0.0001,0.0000,0.2500,0.0000,-0.0000,0.0001,0.0000,0.9995,3595,2774,true,0.0000,0.0000,0.0000,0.0000,0.0000,0.0000,0.0000,0.0000,0.0000,0.0000,0.0000,0.0013,0.0008,0.0000,0.0000,0.0000
1365,1365000,104.254182,B,false,135,7034,0.0000,0.0000,0.0000,0.0000,0.0000,0.0000,0.0000,1.0000,3596,3438,true,0.0000,0.0000,0.0000,0.0000,0.0000,0.0000,0.0000,0.0000,0.0000,0.0000,0.0000,0.0000,0.0000,0.0000,0.0000,0.0000
1366,1366000,104.330558,P,false,4451,3797,0.0145,0.0000,5.5057,0.0003,-0.0019,0.0074,0.0081,0.9639,0,3797,true,0.0033,0.0022,0.0074,0.0136,0.0086,0.0167,0.0000,0.0126,0.0000,0.0280,0.0318,0.0295,0.0087,0.0091,0.0288,0.0282
1367,1367000,104.406935,B,false,178,7007,0.0000,0.0000,0.0000,0.0000,0.0000,0.0000,0.0000,1.0000,3599,3408,true,0.0000,0.0000,0.0000,0.0000,0.0000,0.0000,0.0000,0.0000,0.0000,0.0000,0.0000,0.0000,0.0000,0.0000,0.0000,0.0000
1368,1368000,104.483312,B,false,265,6795,0.0001,0.0000,0.2500,0.0001,0.0000,0.0001,0.0000,0.9994,3593,3202,true,0.0000,0.0000,0.0000,0.0000,0.0000,0.0000,0.0000,0.0000,0.0000,0.0000,0.0000,0.0006,0.0005,0.0000,0.0000,0.0012
1369,1369000,104.559688,B,false,184,6948,0.0001,0.0000,0.2500,0.0000,0.0001,0.0000,0.0001,0.9997,3594,3354,true,0.0000,0.0000,0.0000,0.0000,0.0000,0.0006,0.0000,0.0000,0.0000,0.0000,0.0000,0.0000,0.0000,0.0000,0.0000,0.0006
1370,1370000,104.636065,P,false,2357,3732,0.0045,0.0000,2.2500,-0.0007,-0.0007,0.0031,0.0019,0.9879,0,3732,true,0.0000,0.0000,0.0112,0.0059,0.0000,0.0149,0.0000,0.0055,0.0035,0.0061,0.0062,0.0050,0.0054,0.0021,0.0032,0.0021
1371,1371000,104.712442,B,false,147,7052,0.0000,0.0000,0.0000,0.0000,0.0000,0.0000,0.0000,1.0000,3591,3461,true,0.0000,0.0000,0.0000,0.0000,0.0000,0.0000,0.0000,0.0000,0.0000,0.0000,0.0000,0.0000,0.0000,0.0000,0.0000,0.0000
1372,1372000,104.788818,B,false,252,6851,0.0001,0.0000,0.2500,0.0000,0.0000,0.0001,0.0000,0.9996,3593,3258,true,0.0000,0.0000,0.0000,0.0000,0.0000,0.0000,0.0000,0.0000,0.0000,0.0000,0.0000,0.0006,0.0000,0.0000,0.0000,0.0012
1373,1373000,104.865195,B,false,130,7052,0.0000,0.0000,0.2500,0.0000,-0.0000,0.0000,0.0000,0.9999,3597,3455,true,0.0000,0.0000,0.0000,0.0000,0.0000,0.0000,0.0000,0.0000,0.0000,0.0000,0.0000,0.0000,0.0000,0.0000,0.0005,0.0000
1374,1374000,104.941572,P,false,2151,3724,0.0034,0.0000,5.2500,0.0016,0.0000,0.0024,0.0011,0.9930,0,3724,true,0.0033,0.0000,0.0000,0.0032,0.0000,0.0021,0.0010,0.0027,0.0000,0.0024,0.0076,0.0067,0.0010,0.0011,0.0010,0.0219
1375,1375000,105.017949,B,false,132,7073,0.0000,0.0000,0.0000,0.0000,0.0000,0.0000,0.0000,1.0000,3506,3567,true,0.0000,0.0000,0.0000,0.0000,0.0000,0.0000,0.0000,0.0000,0.0000,0.0000,0.0000,0.0000,0.0000,0.0000,0.0000,0.0000
1376,1376000,105.094325,B,false,198,6956,0.0001,0.0000,0.2500,0.0000,-0.0000,0.0001,0.0000,0.9994,3594,3362,true,0.0000,0.0000,0.0000,0.0000,0.0000,0.0000,0.0000,0.0000,0.0000,0.0000,0.0000,0.0006,0.0000,0.0000,0.0005,0.0011
1377,1377000,105.170702,B,false,130,7049,0.0000,0.0000,0.0000,0.0000,0.0000,0.0000,0.0000,1.0000,3597,3452,true,0.0000,0.0000,0.0000,0.0000,0.0000,0.0000,0.0000,0.0000,0.0000,0.0000,0.0000,0.0000,0.0000,0.0000,0.0000,0.0000
1378,1378000,105.247079,P,false,1765,3677,0.0015,0.0000,0.5590,-0.0003,-0.0001,0.0008,0.0010,0.9948,0,3677,true,0.0000,0.0000,0.0020,0.0038,0.0011,0.0022,0.0000,0.0011,0.0000,0.0023,0.0011,0.0033,0.0000,0.0000,0.0000,0.0073
1379,1379000,105.323455,B,false,69,7163,0.0000,0.0000,0.0000,0.0000,0.0000,0.0000,0.0000,1.0000,3600,3563,true,0.0000,0.0000,0.0000,0.0000,0.0000,0.0000,0.0000,0.0000,0.0000,0.0000,0.0000,0.0000,0.0000,0.0000,0.0000,0.0000
1380,1380000,105.399832,B,false,129,7076,0.0001,0.0000,0.2500,0.0000,0.0000,0.0001,0.0000,0.9996,3595,3481,true,0.0000,0.0000,0.0000,0.0000,0.0000,0.0000,0.0000,0.0000,0.0000,0.0000,0.0000,0.0006,0.0000,0.0000,0.0000,0.0011
1381,1381000,105.476209,B,false,59,7171,0.0000,0.0000,0.0000,0.0000,0.0000,0.0000,0.0000,1.0000,3597,3574,true,0.0000,0.0000,0.0000,0.0000,0.0000,0.0000,0.0000,0.0000,0.0000,0.0000,0.0000,0.0000,0.0000,0.0000,0.0000,0.0000
1382,1382000,105.552585,P,false,1035,3652,0.0013,0.0000,2.2500,-0.0003,0.0000,0.0011,0.0003,0.9970,0,3652,true,0.0000,0.0000,0.0010,0.0100,0.0011,0.0034,0.0000,0.0000,0.0000,0.0000,0.0011,0.0012,0.0000,0.0010,0.0000,0.0025
1383,1383000,105.628962,B,false,56,7177,0.0000,0.0000,0.0000,0.0000,0.0000,0.0000,0.0000,1.0000,3595,3582,true,0.0000,0.0000,0.0000,0.0000,0.0000,0.0000,0.0000,0.0000,0.0000,0.0000,0.0000,0.0000,0.0000,0.0000,0.0000,0.0000
1384,1384000,105.705339,B,false,90,7138,0.0001,0.0000,0.2500,0.0000,0.0000,0.0001,0.0000,0.9996,3595,3543,true,0.0000,0.0000,0.0000,0.0000,0.0000,0.0000,0.0000,0.0000,0.0000,0.0000,0.0000,0.0006,0.0000,0.0000,0.0000,0.0011
1385,1385000,105.781715,B,false,47,7188,0.0000,0.0000,0.0000,0.0000,0.0000,0.0000,0.0000,1.0000,3594,3594,true,0.0000,0.0000,0.0000,0.0000,0.0000,0.0000,0.0000,0.0000,0.0000,0.0000,0.0000,0.0000,0.0000,0.0000,0.0000,0.0000
1386,1386000,105.858092,P,false,803,3611,0.0009,0.0000,0.5000,0.0003,0.0000,0.0004,0.0006,0.9970,0,3611,true,0.0000,0.0000,0.0041,0.0000,0.0000,0.0045,0.0000,0.0000,0.0000,0.0036,0.0000,0.0000,0.0000,0.0000,0.0014,0.0011
1387,1387000,105.934469,B,false,44,7189,0.0000,0.0000,0.0000,0.0000,0.0000,0.0000,0.0000,1.0000,3598,3591,true,0.0000,0.0000,0.0000,0.0000,0.0000,0.0000,0.0000,0.0000,0.0000,0.0000,0.0000,0.0000,0.0000,0.0000,0.0000,0.0000
1388,1388000,106.010845,B,false,74,7159,0.0001,0.0000,0.2500,0.0000,0.0000,0.0001,0.0000,0.9996,3595,3564,true,0.0000,0.0000,0.0000,0.0000,0.0000,0.0000,0.0000,0.0000,0.0000,0.0000,0.0000,0.0006,0.0000,0.0000,0.0000,0.0011
1389,1389000,106.087222,B,false,46,7189,0.0000,0.0000,0.2500,0.0000,0.0000,0.0000,0.0000,0.9999,3597,3592,true,0.0000,0.0000,0.0000,0.0000,0.0000,0.0000,0.0000,0.0000,0.0000,0.0000,0.0000,0.0000,0.0000,0.0000,0.0000,0.0005
1390,1390000,106.163599,P,false,656,3623,0.0010,0.0000,1.0000,0.0002,-0.0001,0.0005,0.0005,0.9972,0,3623,true,0.0011,0.0011,0.0000,0.0000,0.0000,0.0056,0.0000,0.0000,0.0000,0.0023,0.0000,0.0012,0.0042,0.0000,0.0000,0.0000
1391,1391000,106.239976,B,false,70,7152,0.0000,0.0000,0.0000,0.0000,0.0000,0.0000,0.0000,1.0000,3600,3552,true,0.0000,0.0000,0.0000,0.0000,0.0000,0.0000,0.0000,0.0000,0.0000,0.0000,0.0000,0.0000,0.0000,0.0000,0.0000,0.0000
1392,1392000,106.316352,B,false,95,7125,0.0001,0.0000,0.2500,0.0000,0.0000,0.0001,0.0000,0.9996,3597,3528,true,0.0000,0.0000,0.0000,0.0000,0.0000,0.0000,0.0000,0.0000,0.0000,0.0000,0.0000,0.0006,0.0000,0.0000,0.0000,0.0011
1393,1393000,106.392729,B,false,47,7188,0.0000,0.0000,0.0000,0.0000,0.0000,0.0000,0.0000,1.0000,3593,3595,true,0.0000,0.0000,0.0000,0.0000,0.0000,0.0000,0.0000,0.0000,0.0000,0.0000,0.0000,0.0000,0.0000,0.0000,0.0000,0.0000
1394,1394000,106.469106,P,false,1140,3617,0.0006,0.0000,0.5000,-0.0001,0.0002,0.0002,0.0003,0.9981,0,3617,true,0.0000,0.0011,0.0000,0.0000,0.0000,0.0011,0.0000,0.0000,0.0000,0.0012,0.0000,0.0058,0.0000,0.0000,0.0000,0.0000
1395,1395000,106.545482,B,false,71,7160,0.0000,0.0000,0.0000,0.0000,0.0000,0.0000,0.0000,1.0000,3599,3561,true,0.0000,0.0000,0.0000,0.0000,0.0000,0.0000,0.0000,0.0000,0.0000,0.0000,0.0000,0.0000,0.0000,0.0000,0.0000,0.0000
1396,1396000,106.621859,B,false,102,7116,0.0001,0.0000,0.2500,0.0000,0.0000,0.0001,0.0000,0.9996,3592,3524,true,0.0000,0.0000,0.0000,0.0000,0.0000,0.0000,0.0000,0.0000,0.0000,0.0000,0.0000,0.0006,0.0000,0.0000,0.0000,0.0011
1397,1397000,106.698236,B,false,48,7185,0.0000,0.0000,0.0000,0.0000,0.0000,0.0000,0.0000,1.0000,3594,3591,true,0.0000,0.0000,0.0000,0.0000,0.0000,0.0000,0.0000,0.0000,0.0000,0.0000,0.0000,0.0000,0.0000,0.0000,0.0000,0.0000
1398,1398000,106.774612,P,false,984,3632,0.0010,0.0000,0.3536,0.0001,0.0001,0.0004,0.0006,0.9964,0,3632,true,0.0011,0.0000,0.0000,0.0049,0.0000,0.0000,0.0010,0.0000,0.0000,0.0000,0.0047,0.0012,0.0011,0.0000,0.0010,0.0000
1399,1399000,106.850989,B,false,56,7177,0.0000,0.0000,0.0000,0.0000,0.0000,0.0000,0.0000,1.0000,3597,3580,true,0.0000,0.0000,0.0000,0.0000,0.0000,0.0000,0.0000,0.0000,0.0000,0.0000,0.0000,0.0000,0.0000,0.0000,0.0000,0.0000
1400,1400000,106.927366,B,false,88,7144,0.0001,0.0000,0.2500,0.0000,0.0000,0.0001,0.0000,0.9996,3594,3550,true,0.0000,0.0000,0.0000,0.0000,0.0000,0.0000,0.0000,0.0000,0.0000,0.0000,0.0000,0.0006,0.0000,0.0000,0.0000,0.0011
1401,1401000,107.003742,B,false,45,7190,0.0000,0.0000,0.2500,0.0000,0.0000,0.0000,0.0000,0.9999,3596,3594,true,0.0000,0.0000,0.0000,0.0000,0.0000,0.0000,0.0000,0.0000,0.0000,0.0000,0.0000,0.0000,0.0000,0.0000,0.0000,0.0005
1402,1402000,107.080119,P,false,712,3612,0.0005,0.0000,0.3536,-0.0001,0.0001,0.0002,0.0004,0.9981,0,3612,true,0.0000,0.0000,0.0000,0.0000,0.0000,0.0000,0.0000,0.0022,0.0000,0.0017,0.0011,0.0017,0.0000,0.0011,0.0010,0.0000
1403,1403000,107.156496,B,false,43,7190,0.0000,0.0000,0.0000,0.0000,0.0000,0.0000,0.0000,1.0000,3599,3591,true,0.0000,0.0000,0.0000,0.0000,0.0000,0.0000,0.0000,0.0000,0.0000,0.0000,0.0000,0.0000,0.0000,0.0000,0.0000,0.0000
1404,1404000,107.232873,B,false,78,7150,0.0001,0.0000,0.2500,0.0001,0.0000,0.0001,0.0000,0.9994,3596,3554,true,0.0000,0.0000,0.0000,0.0000,0.0000,0.0006,0.0000,0.0000,0.0000,0.0000,0.0000,0.0006,0.0000,0.0000,0.0000,0.0011
1405,1405000,107.309249,B,false,41,7193,0.0001,0.0000,0.2500,0.0000,0.0000,0.0000,0.0001,0.9997,3598,3595,true,0.0000,0.0000,0.0000,0.0000,0.0000,0.0000,0.0000,0.0000,0.0000,0.0000,0.0000,0.0006,0.0000,0.0000,0.0000,0.0005
1406,1406000,107.385626,P,false,659,3627,0.0008,0.0000,0.2500,0.0000,0.0002,0.0004,0.0003,0.9970,0,3627,true,0.0011,0.0000,0.0000,0.0000,0.0000,0.0011,0.0020,0.0000,0.0024,0.0000,0.0000,0.0024,0.0000,0.0011,0.0020,0.0000
1407,1407000,107.462003,B,false,47,7187,0.0000,0.0000,0.0000,0.0000,0.0000,0.0000,0.0000,1.0000,3599,3588,true,0.0000,0.0000,0.0000,0.0000,0.0000,0.0000,0.0000,0.0000,0.0000,0.0000,0.0000,0.0000,0.0000,0.0000,0.0000,0.0000
1408,1408000,107.538379,B,false,61,7172,0.0001,0.0000,0.2500,0.0001,0.0000,0.0001,0.0000,0.9997,3596,3576,true,0.0000,0.0000,0.0000,0.0000,0.0000,0.0000,0.0000,0.0000,0.0000,0.0000,0.0000,0.0000,0.0000,0.0000,0.0000,0.0011
1409,1409000,107.614756,B,false,39,7195,0.0000,0.0000,0.2500,0.0000,0.0000,0.0000,0.0000,0.9999,3597,3598,true,0.0000,0.0000,0.0000,0.0000,0.0000,0.0000,0.0000,0.0000,0.0000,0.0000,0.0000,0.0000,0.0000,0.0000,0.0000,0.0005
1410,1410000,107.691133,P,false,558,3612,0.0004,0.0000,0.2500,0.0001,0.0000,0.0004,0.0000,0.9983,0,3612,true,0.0000,0.0000,0.0021,0.0023,0.0000,0.0011,0.0010,0.0000,0.0000,0.0000,0.0000,0.0000,0.0000,0.0000,0.0000,0.0000
1411,1411000,107.767509,B,false,38,7195,0.0000,0.0000,0.0000,0.0000,0.0000,0.0000,0.0000,1.0000,3599,3596,true,0.0000,0.0000,0.0000,0.0000,0.0000,0.0000,0.0000,0.0000,0.0000,0.0000,0.0000,0.0000,0.0000,0.0000,0.0000,0.0000
1412,1412000,107.843886,B,false,53,7185,0.0001,0.0000,0.2500,0.0001,0.0000,0.0001,0.0000,0.9997,3592,3593,true,0.0000,0.0000,0.0000,0.0000,0.0000,0.0000,0.0000,0.0000,0.0000,0.0000,0.0000,0.0000,0.0000,0.0000,0.0000,0.0011
1413,1413000,107.920263,B,false,40,7195,0.0000,0.0000,0.2500,0.0000,0.0000,0.0000,0.0000,0.9999,3597,3598,true,0.0000,0.0000,0.0000,0.0000,0.0000,0.0000,0.0000,0.0000,0.0000,0.0000,0.0000,0.0000,0.0000,0.0000,0.0000,0.0005
1414,1414000,107.996639,P,false,279,3601,0.0001,0.0000,0.2500,0.0001,0.0000,0.0001,0.0000,0.9997,0,3601,true,0.0000,0.0000,0.0010,0.0000,0.0000,0.0000,0.0000,0.0000,0.0000,0.0000,0.0000,0.0000,0.0000,0.0000,0.0000,0.0000
1415,1415000,108.073016,B,false,41,7193,0.0000,0.0000,0.0000,0.0000,0.0000,0.0000,0.0000,1.0000,3599,3594,true,0.0000,0.0000,0.0000,0.0000,0.0000,0.0000,0.0000,0.0000,0.0000,0.0000,0.0000,0.0000,0.0000,0.0000,0.0000,0.0000
1416,1416000,108.149393,B,false,51,7185,0.0001,0.0000,0.2500,0.0001,0.0000,0.0001,0.0000,0.9996,3596,3589,true,0.0000,0.0000,0.0000,0.0000,0.0000,0.0000,0.0000,0.0000,0.0000,0.0000,0.0000,0.0000,0.0000,0.0000,0.0000,0.0016
1417,1417000,108.225769,B,false,37,7197,0.0000,0.0000,0.0000,0.0000,0.0000,0.0000,0.0000,1.0000,3598,3599,true,0.0000,0.0000,0.0000,0.0000,0.0000,0.0000,0.0000,0.0000,0.0000,0.0000,0.0000,0.0000,0.0000,0.0000,0.0000,0.0000
1418,1418000,108.302146,P,false,304,3601,0.0001,0.0000,0.2500,0.0000,-0.0001,0.0000,0.0001,0.9997,0,3601,true,0.0000,0.0000,0.0000,0.0000,0.0000,0.0000,0.0000,0.0000,0.0000,0.0000,0.0000,0.0000,0.0000,0.0000,0.0000,0.0011
1419,1419000,108.378523,B,false,46,7189,0.0000,0.0000,0.0000,0.0000,0.0000,0.0000,0.0000,1.0000,3598,3591,true,0.0000,0.0000,0.0000,0.0000,0.0000,0.0000,0.0000,0.0000,0.0000,0.0000,0.0000,0.0000,0.0000,0.0000,0.0000,0.0000
1420,1420000,108.454900,B,false,64,7143,0.0000,0.0000,0.2500,0.0000,0.0000,0.0000,0.0000,0.9999,3594,3549,true,0.0000,0.0000,0.0000,0.0000,0.0000,0.0000,0.0000,0.0000,0.0000,0.0000,0.0000,0.0000,0.0000,0.0000,0.0000,0.0005
1421,1421000,108.531276,B,false,41,7193,0.0000,0.0000,0.0000,0.0000,0.0000,0.0000,0.0000,1.0000,3597,3596,true,0.0000,0.0000,0.0000,0.0000,0.0000,0.0000,0.0000,0.0000,0.0000,0.0000,0.0000,0.0000,0.0000,0.0000,0.0000,0.0000
1422,1422000,108.607653,P,false,608,3624,0.0011,0.0000,0.2500,0.0003,0.0002,0.0008,0.0003,0.9956,0,3624,true,0.0000,0.0000,0.0000,0.0000,0.0000,0.0000,0.0000,0.0011,0.0000,0.0012,0.0032,0.0035,0.0021,0.0000,0.0020,0.0042
1423,1423000,108.684030,B,false,38,7196,0.0000,0.0000,0.0000,0.0000,0.0000,0.0000,0.0000,1.0000,3599,3597,true,0.0000,0.0000,0.0000,0.0000,0.0000,0.0000,0.0000,0.0000,0.0000,0.0000,0.0000,0.0000,0.0000,0.0000,0.0000,0.0000
1424,1424000,108.760406,B,false,45,7191,0.0000,0.0000,0.2500,0.0000,0.0000,0.0000,0.0000,0.9999,3595,3596,true,0.0000,0.0000,0.0000,0.0000,0.0000,0.0000,0.0000,0.0000,0.0000,0.0000,0.0000,0.0000,0.0000,0.0000,0.0000,0.0005
1425,1425000,108.836783,B,false,37,7197,0.0000,0.0000,0.0000,0.0000,0.0000,0.0000,0.0000,1.0000,3597,3600,true,0.0000,0.0000,0.0000,0.0000,0.0000,0.0000,0.0000,0.0000,0.0000,0.0000,0.0000,0.0000,0.0000,0.0000,0.0000,0.0000
1426,1426000,108.913160,P,false,224,3604,0.0000,0.0000,0.0000,0.0000,0.0000,0.0000,0.0000,1.0000,0,3604,true,0.0000,0.0000,0.0000,0.0000,0.0000,0.0000,0.0000,0.0000,0.0000,0.0000,0.0000,0.0000,0.0000,0.0000,0.0000,0.0000
1427,1427000,108.989536,B,false,38,7196,0.0000,0.0000,0.0000,0.0000,0.0000,0.0000,0.0000,1.0000,3600,3596,true,0.0000,0.0000,0.0000,0.0000,0.0000,0.0000,0.0000,0.0000,0.0000,0.0000,0.0000,0.0000,0.0000,0.0000,0.0000,0.0000
1428,1428000,109.065913,B,false,44,7193,0.0000,0.0000,0.2500,0.0000,0.0000,0.0000,0.0000,0.9999,3594,3599,true,0.0000,0.0000,0.0000,0.0000,0.0000,0.0000,0.0000,0.0000,0.0000,0.0000,0.0000,0.0000,0.0000,0.0000,0.0000,0.0005
1429,1429000,109.142290,B,false,37,7197,0.0000,0.0000,0.0000,0.0000,0.0000,0.0000,0.0000,1.0000,3598,3599,true,0.0000,0.0000,0.0000,0.0000,0.0000,0.0000,0.0000,0.0000,0.0000,0.0000,0.0000,0.0000,0.0000,0.0000,0.0000,0.0000
1430,1430000,109.218666,P,false,196,3601,0.0000,0.0000,0.0000,0.0000,0.0000,0.0000,0.0000,1.0000,0,3601,true,0.0000,0.0000,0.0000,0.0000,0.0000,0.0000,0.0000,0.0000,0.0000,0.0000,0.0000,0.0000,0.0000,0.0000,0.0000,0.0000
1431,1431000,109.295043,B,false,38,7197,0.0000,0.0000,0.0000,0.0000,0.0000,0.0000,0.0000,1.0000,3600,3597,true,0.0000,0.0000,0.0000,0.0000,0.0000,0.0000,0.0000,0.0000,0.0000,0.0000,0.0000,0.0000,0.0000,0.0000,0.0000,0.0000
1432,1432000,109.371420,B,false,44,7192,0.0000,0.0000,0.2500,0.0000,0.0000,0.0000,0.0000,0.9999,3595,3597,true,0.0000,0.0000,0.0000,0.0000,0.0000,0.0000,0.0000,0.0000,0.0000,0.0000,0.0000,0.0000,0.0000,0.0000,0.0000,0.0005
1433,1433000,109.447797,B,false,36,7198,0.0000,0.0000,0.0000,0.0000,0.0000,0.0000,0.0000,1.0000,3598,3600,true,0.0000,0.0000,0.0000,0.0000,0.0000,0.0000,0.0000,0.0000,0.0000,0.0000,0.0000,0.0000,0.0000,0.0000,0.0000,0.0000
1434,1434000,109.524173,P,false,137,3607,0.0000,0.0000,0.0000,0.0000,0.0000,0.0000,0.0000,1.0000,0,3607,true,0.0000,0.0000,0.0000,0.0000,0.0000,0.0000,0.0000,0.0000,0.0000,0.0000,0.0000,0.0000,0.0000,0.0000,0.0000,0.0000
1435,1435000,109.600550,B,false,38,7195,0.0000,0.0000,0.0000,0.0000,0.0000,0.0000,0.0000,1.0000,3599,3596,true,0.0000,0.0000,0.0000,0.0000,0.0000,0.0000,0.0000,0.0000,0.0000,0.0000,0.0000,0.0000,0.0000,0.0000,0.0000,0.0000
1436,1436000,109.676927,B,false,45,7192,0.0000,0.0000,0.2500,0.0000,0.0000,0.0000,0.0000,0.9999,3594,3598,true,0.0000,0.0000,0.0000,0.0000,0.0000,0.0000,0.0000,0.0000,0.0000,0.0000,0.0000,0.0000,0.0000,0.0000,0.0000,0.0005
1437,1437000,109.753303,B,false,37,7196,0.0000,0.0000,0.0000,0.0000,0.0000,0.0000,0.0000,1.0000,3598,3598,true,0.0000,0.0000,0.0000,0.0000,0.0000,0.0000,0.0000,0.0000,0.0000,0.0000,0.0000,0.0000,0.0000,0.0000,0.0000,0.0000
1438,1438000,109.829680,P,false,131,3600,0.0000,0.0000,0.0000,0.0000,0.0000,0.0000,0.0000,1.0000,0,3600,true,0.0000,0.0000,0.0000,0.0000,0.0000,0.0000,0.0000,0.0000,0.0000,0.0000,0.0000,0.0000,0.0000,0.0000,0.0000,0.0000
1439,1439000,109.906057,B,false,38,7197,0.0000,0.0000,0.0000,0.0000,0.0000,0.0000,0.0000,1.0000,3600,3597,true,0.0000,0.0000,0.0000,0.0000,0.0000,0.0000,0.0000,0.0000,0.0000,0.0000,0.0000,0.0000,0.0000,0.0000,0.0000,0.0000
1440,1440000,109.982433,B,false,44,7193,0.0000,0.0000,0.2500,0.0000,0.0000,0.0000,0.0000,0.9999,3594,3599,true,0.0000,0.0000,0.0000,0.0000,0.0000,0.0000,0.0000,0.0000,0.0000,0.0000,0.0000,0.0000,0.0000,0.0000,0.0000,0.0005
1441,1441000,110.058810,B,false,36,7198,0.0000,0.0000,0.0000,0.0000,0.0000,0.0000,0.0000,1.0000,3598,3600,true,0.0000,0.0000,0.0000,0.0000,0.0000,0.0000,0.0000,0.0000,0.0000,0.0000,0.0000,0.0000,0.0000,0.0000,0.0000,0.0000
1442,1442000,110.135187,P,false,80,3601,0.0000,0.0000,0.0000,0.0000,0.0000,0.0000,0.0000,1.0000,0,3601,true,0.0000,0.0000,0.0000,0.0000,0.0000,0.0000,0.0000,0.0000,0.0000,0.0000,0.0000,0.0000,0.0000,0.0000,0.0000,0.0000
1443,1443000,110.211563,B,false,38,7197,0.0000,0.0000,0.0000,0.0000,0.0000,0.0000,0.0000,1.0000,3600,3597,true,0.0000,0.0000,0.0000,0.0000,0.0000,0.0000,0.0000,0.0000,0.0000,0.0000,0.0000,0.0000,0.0000,0.0000,0.0000,0.0000
1444,1444000,110.287940,B,false,42,7194,0.0000,0.0000,0.2500,0.0000,0.0000,0.0000,0.0000,0.9999,3595,3599,true,0.0000,0.0000,0.0000,0.0000,0.0000,0.0000,0.0000,0.0000,0.0000,0.0000,0.0000,0.0000,0.0000,0.0000,0.0000,0.0005
1445,1445000,110.364317,B,false,36,7198,0.0000,0.0000,0.0000,0.0000,0.0000,0.0000,0.0000,1.0000,3598,3600,true,0.0000,0.0000,0.0000,0.0000,0.0000,0.0000,0.0000,0.0000,0.0000,0.0000,0.0000,0.0000,0.0000,0.0000,0.0000,0.0000
1446,1446000,110.440694,P,false,66,3600,0.0000,0.0000,0.0000,0.0000,0.0000,0.0000,0.0000,1.0000,0,3600,true,0.0000,0.0000,0.0000,0.0000,0.0000,0.0000,0.0000,0.0000,0.0000,0.0000,0.0000,0.0000,0.0000,0.0000,0.0000,0.0000
1447,1447000,110.517070,B,false,38,7197,0.0000,0.0000,0.0000,0.0000,0.0000,0.0000,0.0000,1.0000,3600,3597,true,0.0000,0.0000,0.0000,0.0000,0.0000,0.0000,0.0000,0.0000,0.0000,0.0000,0.0000,0.0000,0.0000,0.0000,0.0000,0.0000
1448,1448000,110.593447,B,false,42,7193,0.0000,0.0000,0.2500,0.0000,0.0000,0.0000,0.0000,0.9999,3595,3598,true,0.0000,0.0000,0.0000,0.0000,0.0000,0.0000,0.0000,0.0000,0.0000,0.0000,0.0000,0.0000,0.0000,0.0000,0.0000,0.0005
1449,1449000,110.669824,B,false,36,7198,0.0000,0.0000,0.0000,0.0000,0.0000,0.0000,0.0000,1.0000,3598,3600,true,0.0000,0.0000,0.0000,0.0000,0.0000,0.0000,0.0000,0.0000,0.0000,0.0000,0.0000,0.0000,0.0000,0.0000,0.0000,0.0000
1450,1450000,110.746200,P,false,45,3600,0.0000,0.0000,0.0000,0.0000,0.0000,0.0000,0.0000,1.0000,0,3600,true,0.0000,0.0000,0.0000,0.0000,0.0000,0.0000,0.0000,0.0000,0.0000,0.0000,0.0000,0.0000,0.0000,0.0000,0.0000,0.0000
1451,1451000,110.822577,P,false,43,3600,0.0000,0.0000,0.0000,0.0000,0.0000,0.0000,0.0000,1.0000,0,3600,true,0.0000,0.0000,0.0000,0.0000,0.0000,0.0000,0.0000,0.0000,0.0000,0.0000,0.0000,0.0000,0.0000,0.0000,0.0000,0.0000
